2026-03-15T10:46:34,-33.743,2.885,,5.087,none
2026-03-15T10:46:35,-33.666,3.379,,5.218,none
2026-03-15T10:46:36,-33.688,3.877,,5.252,none
2026-03-15T10:46:37,-33.809,4.361,,5.186,none
2026-03-15T10:46:38,-34.023,4.812,,5.022,none
2026-03-15T10:46:39,-34.323,5.211,,4.769,none
2026-03-15T10:46:40,-34.696,5.543,,4.435,none
2026-03-15T10:46:41,-35.128,5.793,,4.395,none
2026-03-15T10:46:42,-35.601,5.954,,4.112,none
2026-03-15T10:46:43,-36.096,6.016,,3.650,none
2026-03-15T10:46:44,-36.594,5.980,,3.299,none
2026-03-15T10:46:45,-37.074,5.845,,3.055,none
2026-03-15T10:46:46,-37.518,5.617,,2.559,none
2026-03-15T10:46:47,-37.909,5.306,,2.200,none
2026-03-15T10:46:48,-38.229,4.924,,1.824,none
2026-03-15T10:46:49,-38.467,4.485,,1.429,none
2026-03-15T10:46:50,-38.614,4.008,,1.102,none
2026-03-15T10:46:51,-38.662,3.511,,0.887,none
2026-03-15T10:46:52,-38.611,3.014,,0.726,none
2026-03-15T10:46:53,-38.462,2.538,,0.663,none
2026-03-15T10:46:54,-38.222,2.100,,0.699,none
2026-03-15T10:46:55,-37.899,1.719,,0.834,none
2026-03-15T10:46:56,-37.507,1.410,,1.061,none
2026-03-15T10:46:57,-37.062,1.185,,1.378,none
2026-03-15T10:46:58,-36.580,1.053,,1.765,none
2026-03-15T10:46:59,-36.082,1.019,,2.258,none
2026-03-15T10:47:00,-35.588,1.084,,2.744,none
2026-03-15T10:47:01,-35.116,1.247,,3.359,none
2026-03-15T10:47:02,-34.685,1.500,,3.840,none
2026-03-15T10:47:03,-34.314,1.834,,4.285,none
2026-03-15T10:47:04,-34.016,2.234,,4.743,none
2026-03-15T10:47:05,-33.804,2.686,,5.004,none
2026-03-15T10:47:06,-33.686,3.171,,5.175,none
2026-03-15T10:47:07,-33.667,3.670,,5.250,none
2026-03-15T10:47:08,-33.747,4.163,,5.225,none
2026-03-15T10:47:09,-33.923,4.630,,5.102,none
2026-03-15T10:47:10,-34.189,5.052,,4.885,none
2026-03-15T10:47:11,-34.533,5.414,,4.583,none
2026-03-15T10:47:12,-34.942,5.700,,4.395,none
2026-03-15T10:47:13,-35.400,5.898,,4.291,none
2026-03-15T10:47:14,-35.888,6.002,,3.846,none
2026-03-15T10:47:15,-36.387,6.007,,3.366,none
2026-03-15T10:47:16,-36.878,5.913,,3.263,none
2026-03-15T10:47:17,-37.339,5.723,,2.764,none
2026-03-15T10:47:18,-37.754,5.445,,2.277,none
2026-03-15T10:47:19,-38.105,5.090,,2.005,none
2026-03-15T10:47:20,-38.379,4.673,,1.586,none
2026-03-15T10:47:21,-38.564,4.210,,1.229,none
2026-03-15T10:47:22,-38.654,3.718,,0.981,none
2026-03-15T10:47:23,-38.644,3.219,,0.781,none
2026-03-15T10:47:24,-38.536,2.732,,0.677,none
2026-03-15T10:47:25,-38.332,2.276,,0.672,none
2026-03-15T10:47:26,-38.042,1.870,,0.766,none
2026-03-15T10:47:27,-37.678,1.529,,0.956,none
2026-03-15T10:47:28,-37.252,1.268,,1.238,none
2026-03-15T10:47:29,-36.784,1.096,,1.597,none
2026-03-15T10:47:30,-36.290,1.021,,2.017,none
2026-03-15T10:47:31,-35.792,1.045,,2.539,none
2026-03-15T10:47:32,-35.308,1.168,,3.035,none
2026-03-15T10:47:33,-34.858,1.384,,3.643,none
2026-03-15T10:47:34,-34.460,1.686,,4.106,none
2026-03-15T10:47:35,-34.130,2.060,,4.610,none
2026-03-15T10:47:36,-33.882,2.493,,4.906,none
2026-03-15T10:47:37,-33.723,2.966,,5.115,none
2026-03-15T10:47:38,-33.663,3.462,,5.231,none
2026-03-15T10:47:39,-33.701,3.960,,5.248,none
2026-03-15T10:47:40,-33.838,4.440,,5.165,none
2026-03-15T10:47:41,-34.068,4.883,,4.986,none
2026-03-15T10:47:42,-34.381,5.272,,4.718,none
2026-03-15T10:47:43,-34.765,5.591,,4.395,none
2026-03-15T10:47:44,-35.205,5.827,,4.395,none
2026-03-15T10:47:45,-35.683,5.971,,4.037,none
2026-03-15T10:47:46,-36.180,6.017,,3.569,none
2026-03-15T10:47:47,-36.676,5.964,,3.299,none
2026-03-15T10:47:48,-37.152,5.813,,2.971,none
2026-03-15T10:47:49,-37.588,5.571,,2.477,none
2026-03-15T10:47:50,-37.968,5.246,,2.194,none
2026-03-15T10:47:51,-38.275,4.853,,1.753,none
2026-03-15T10:47:52,-38.499,4.407,,1.368,none
2026-03-15T18:49:26,-38.454,1.046,,0.049,none
2026-03-15T18:49:27,-38.487,1.033,,0.013,none
2026-03-15T18:49:28,-38.487,1.033,,0.013,none
2026-03-15T18:49:29,-38.620,0.988,,0.000,none
2026-03-15T18:49:30,-38.955,0.887,,0.000,none
2026-03-15T18:49:31,-39.296,0.807,,0.000,none
2026-03-15T18:49:32,-39.641,0.753,,0.000,none
2026-03-15T18:49:33,-39.990,0.725,,0.000,none
2026-03-15T18:49:34,-40.340,0.720,,0.000,none
2026-03-15T18:49:35,-40.690,0.736,,0.000,none
2026-03-15T18:49:36,-41.038,0.771,,0.000,none
2026-03-15T18:49:37,-41.384,0.823,,0.000,none
2026-03-15T18:49:38,-41.728,0.890,,0.000,none
2026-03-15T18:49:39,-42.068,0.970,,0.000,none
2026-03-15T18:49:40,-42.406,1.062,,0.000,none
2026-03-15T18:49:41,-42.742,1.160,,0.000,none
2026-03-15T18:49:42,-43.077,1.262,,0.000,none
2026-03-15T18:49:43,-43.410,1.368,,0.000,none
2026-03-15T18:49:44,-43.743,1.476,,0.000,none
2026-03-15T18:49:45,-44.075,1.588,,0.000,none
2026-03-15T18:49:46,-44.404,1.707,,0.000,none
2026-03-15T18:49:47,-44.731,1.832,,0.000,none
2026-03-15T18:49:48,-45.054,1.966,,0.000,none
2026-03-15T18:49:49,-45.375,2.105,,0.000,none
2026-03-15T18:49:50,-45.694,2.250,,0.000,none
2026-03-15T18:49:51,-46.011,2.399,,0.000,none
2026-03-15T18:49:52,-46.326,2.551,,0.000,none
2026-03-15T18:49:53,-46.639,2.706,,0.000,none
2026-03-15T18:49:54,-46.950,2.867,,0.000,none
2026-03-15T18:49:55,-47.258,3.034,,0.000,none
2026-03-15T18:49:56,-47.562,3.207,,0.000,none
2026-03-15T18:49:57,-47.863,3.386,,0.000,none
2026-03-15T18:49:58,-48.160,3.571,,0.000,none
2026-03-15T18:49:59,-48.453,3.763,,0.000,none
2026-03-15T18:50:00,-48.741,3.961,,0.000,none
2026-03-15T18:50:01,-49.026,4.165,,0.000,none
2026-03-15T18:50:02,-49.305,4.375,,0.000,none
2026-03-15T18:50:03,-49.580,4.593,,0.000,none
2026-03-15T18:50:04,-49.848,4.817,,0.000,none
2026-03-15T18:50:05,-50.111,5.049,,0.000,none
2026-03-15T18:50:06,-50.367,5.287,,0.000,none
2026-03-15T18:50:07,-50.618,5.530,,0.000,none
2026-03-15T18:50:08,-50.864,5.780,,0.000,none
2026-03-15T18:50:09,-51.105,6.034,,0.000,none
2026-03-15T18:50:10,-51.340,6.293,,0.000,none
2026-03-15T18:50:11,-51.570,6.557,,0.000,none
2026-03-15T18:50:12,-51.794,6.825,,0.000,none
2026-03-15T18:50:13,-52.014,7.098,,0.000,none
2026-03-15T18:50:14,-52.227,7.376,,0.000,none
2026-03-15T18:50:15,-52.433,7.659,,0.000,none
2026-03-15T18:50:16,-52.628,7.949,,0.000,none
2026-03-15T18:50:17,-52.815,8.245,,0.000,none
2026-03-15T18:50:18,-52.993,8.546,,0.000,none
2026-03-15T18:50:19,-53.164,8.852,,0.000,none
2026-03-15T18:50:20,-53.328,9.161,,0.000,none
2026-03-15T18:50:21,-53.487,9.473,,0.000,none
2026-03-15T18:50:22,-53.639,9.788,,0.000,none
2026-03-15T18:50:23,-53.785,10.106,,0.000,none
2026-03-15T18:50:24,-53.921,10.429,,0.000,none
2026-03-15T18:50:25,-54.048,10.755,,0.000,none
2026-03-15T18:50:26,-54.166,11.084,,0.000,none
2026-03-15T18:50:27,-54.276,11.417,,0.000,none
2026-03-15T18:50:28,-54.377,11.752,,0.000,none
2026-03-15T18:50:29,-54.472,12.088,,0.000,none
2026-03-15T18:50:30,-54.561,12.427,,0.000,none
2026-03-15T18:50:31,-54.646,12.767,,0.000,none
2026-03-15T18:50:32,-54.727,13.107,,0.000,none
2026-03-15T18:50:33,-54.804,13.448,,0.000,none
2026-03-15T18:50:34,-54.877,13.791,,0.000,none
2026-03-15T18:50:35,-54.947,14.133,,0.000,none
2026-03-15T18:50:36,-55.013,14.477,,0.000,none
2026-03-15T18:50:37,-55.073,14.822,,0.000,none
2026-03-15T18:50:38,-55.129,15.168,,0.000,none
2026-03-15T18:50:39,-55.179,15.514,,0.000,none
2026-03-15T18:50:40,-55.223,15.861,,0.000,none
2026-03-15T18:50:41,-55.262,16.209,,0.000,none
2026-03-15T18:50:42,-55.295,16.557,,0.000,none
2026-03-15T18:50:43,-55.324,16.906,,0.000,none
2026-03-15T18:50:44,-55.347,17.256,,0.000,none
2026-03-15T18:50:45,-55.366,17.605,,0.000,none
2026-03-15T18:50:46,-55.379,17.955,,0.000,none
2026-03-15T18:50:47,-55.387,18.305,,0.000,none
2026-03-15T18:50:48,-55.386,18.643,,0.000,none
2026-03-15T18:50:49,-55.372,18.765,,0.000,none
2026-03-15T18:50:50,-55.319,18.975,,0.000,none
2026-03-15T18:50:51,-55.273,19.251,,0.000,none
2026-03-15T18:50:52,-55.254,19.531,,0.000,none
2026-03-15T18:50:53,-55.264,19.810,,0.000,none
2026-03-15T18:50:54,-55.301,20.088,,0.000,none
2026-03-15T18:50:55,-55.366,20.360,,0.000,none
2026-03-15T18:50:56,-55.458,20.624,,0.000,none
2026-03-15T18:50:57,-55.576,20.878,,0.000,none
2026-03-15T18:50:58,-55.694,21.090,,0.000,none
2026-03-15T18:50:59,-55.707,21.132,,0.000,none
2026-03-15T18:51:00,-55.716,21.189,,0.000,none
2026-03-15T18:51:01,-55.716,21.189,,0.000,none
2026-03-15T18:51:02,-55.716,21.189,,0.000,none
2026-03-15T18:51:03,-55.733,21.538,,0.000,none
2026-03-15T18:51:04,-55.726,21.888,,0.000,none
2026-03-15T18:51:05,-55.706,22.100,,0.000,none
2026-03-15T18:51:06,-55.664,22.240,,0.000,none
2026-03-15T18:51:07,-55.587,22.509,,0.000,none
2026-03-15T18:51:08,-55.537,22.785,,0.000,none
2026-03-15T18:51:09,-55.515,23.064,,0.000,none
2026-03-15T18:51:10,-55.521,23.343,,0.000,none
2026-03-15T18:51:11,-55.555,23.621,,0.000,none
2026-03-15T18:51:12,-55.617,23.894,,0.000,none
2026-03-15T18:51:13,-55.705,24.160,,0.000,none
2026-03-15T18:51:14,-55.820,24.415,,0.000,none
2026-03-15T18:51:15,-55.959,24.658,,0.000,none
2026-03-15T18:51:16,-56.122,24.885,,0.000,none
2026-03-15T18:51:17,-56.307,25.096,,0.000,none
2026-03-15T18:51:18,-56.512,25.286,,0.000,none
2026-03-15T18:51:19,-56.735,25.455,,0.000,none
2026-03-15T18:51:20,-56.974,25.601,,0.000,none
2026-03-15T18:51:21,-57.226,25.723,,0.000,none
2026-03-15T18:51:22,-57.432,25.835,,0.000,none
2026-03-15T18:51:23,-57.639,25.968,,0.000,none
2026-03-15T18:51:24,-57.825,26.120,,0.000,none
2026-03-15T18:51:25,-58.002,26.297,,0.000,none
2026-03-15T18:51:26,-58.142,26.487,,0.000,none
2026-03-15T18:51:27,-58.270,26.702,,0.000,none
2026-03-15T18:51:28,-58.374,26.914,,0.000,none
2026-03-15T18:51:29,-58.459,27.149,,0.000,none
2026-03-15T18:51:30,-58.524,27.381,,0.000,none
2026-03-15T18:51:31,-58.584,27.615,,0.000,none
2026-03-15T18:51:32,-58.642,27.858,,0.000,none
2026-03-15T18:51:33,-58.689,28.100,,0.000,none
2026-03-15T18:51:34,-58.725,28.338,,0.000,none
2026-03-15T18:51:35,-58.750,28.587,,0.000,none
2026-03-15T18:51:36,-58.768,28.827,,0.000,none
2026-03-15T18:51:37,-58.784,29.067,,0.000,none
2026-03-15T18:51:38,-58.786,29.201,,0.000,none
2026-03-15T18:51:39,-58.786,29.201,,0.000,none
2026-03-15T18:51:40,-58.696,29.375,,0.000,none
2026-03-15T18:51:41,-58.589,29.634,,0.000,none
2026-03-15T18:51:42,-58.509,29.902,,0.000,none
2026-03-15T18:51:43,-58.456,30.177,,0.000,none
2026-03-15T18:51:44,-58.431,30.455,,0.000,none
2026-03-15T18:51:45,-58.433,30.735,,0.000,none
2026-03-15T18:51:46,-58.459,30.994,,0.000,none
2026-03-15T18:51:47,-58.460,31.003,,0.000,none
2026-03-15T18:51:48,-58.427,31.111,,0.000,none
2026-03-15T18:51:49,-58.364,31.383,,0.000,none
2026-03-15T18:51:50,-58.328,31.661,,0.000,none
2026-03-15T18:51:51,-58.320,31.941,,0.000,none
2026-03-15T18:51:52,-58.340,32.220,,0.000,none
2026-03-15T18:51:53,-58.388,32.495,,0.000,none
2026-03-15T18:51:54,-58.463,32.765,,0.000,none
2026-03-15T18:51:55,-58.565,33.026,,0.000,none
2026-03-15T18:51:56,-58.641,33.190,,0.000,none
2026-03-15T18:51:57,-58.641,33.190,,0.000,none
2026-03-15T18:51:58,-58.643,33.385,,0.000,none
2026-03-15T18:51:59,-58.669,33.664,,0.000,none
2026-03-15T18:52:00,-58.722,33.939,,0.000,none
2026-03-15T18:52:01,-58.754,34.064,,0.000,none
2026-03-15T18:52:02,-58.754,34.064,,0.000,none
2026-03-15T18:52:03,-58.706,34.196,,0.000,none
2026-03-15T18:52:04,-58.629,34.465,,0.000,none
2026-03-15T18:52:05,-58.579,34.740,,0.000,none
2026-03-15T18:52:06,-58.557,35.019,,0.000,none
2026-03-15T18:52:07,-58.563,35.299,,0.000,none
2026-03-15T18:52:08,-58.596,35.577,,0.000,none
2026-03-15T18:52:09,-58.658,35.850,,0.000,none
2026-03-15T18:52:10,-58.739,36.103,,0.000,none
2026-03-15T18:52:11,-58.770,36.199,,0.000,none
2026-03-15T18:52:12,-58.770,36.199,,0.000,none
2026-03-15T18:52:13,-58.753,36.478,,0.000,none
2026-03-15T18:52:14,-58.763,36.758,,0.000,none
2026-03-15T18:52:15,-58.801,37.035,,0.000,none
2026-03-15T18:52:16,-58.866,37.307,,0.000,none
2026-03-15T18:52:17,-58.959,37.571,,0.000,none
2026-03-15T18:52:18,-59.038,37.788,,0.000,none
2026-03-15T18:52:19,-59.038,37.788,,0.000,none
2026-03-15T18:52:20,-59.032,37.914,,0.000,none
2026-03-15T18:52:21,-59.037,38.194,,0.000,none
2026-03-15T18:52:22,-59.071,38.472,,0.000,none
2026-03-15T18:52:23,-59.132,38.745,,0.000,none
2026-03-15T18:52:24,-59.220,39.011,,0.000,none
2026-03-15T18:52:25,-59.335,39.266,,0.000,none
2026-03-15T18:52:26,-59.354,39.307,,0.000,none
2026-03-15T18:52:27,-59.355,39.363,,0.000,none
2026-03-15T18:52:28,-59.379,39.642,,0.000,none
2026-03-15T18:52:29,-59.431,39.917,,0.000,none
2026-03-15T18:52:30,-59.510,40.186,,0.000,none
2026-03-15T18:52:31,-59.615,40.445,,0.000,none
2026-03-15T18:52:32,-59.746,40.693,,0.000,none
2026-03-15T18:52:33,-59.891,40.921,,0.000,none
2026-03-15T18:52:34,-59.915,40.959,,0.000,none
2026-03-15T18:52:35,-59.916,40.973,,0.000,none
2026-03-15T18:52:36,-59.954,41.250,,0.000,none
2026-03-15T18:52:37,-60.019,41.523,,0.000,none
2026-03-15T18:52:38,-60.111,41.787,,0.000,none
2026-03-15T18:52:39,-60.228,42.041,,0.000,none
2026-03-15T18:52:40,-60.352,42.270,,0.000,none
2026-03-15T18:52:41,-60.464,42.483,,0.000,none
2026-03-15T18:52:42,-60.578,42.706,,0.000,none
2026-03-15T18:52:43,-60.710,42.942,,0.000,none
2026-03-15T18:52:44,-60.869,43.172,,0.000,none
2026-03-15T18:52:45,-61.051,43.385,,0.000,none
2026-03-15T18:52:46,-61.253,43.579,,0.000,none
2026-03-16T09:28:42,-38.463,1.043,,0.040,none
2026-03-16T09:28:43,-38.483,1.036,,0.018,none
2026-03-16T09:28:44,-38.483,1.036,,0.018,none
2026-03-16T09:28:45,-38.666,0.977,,0.000,none
2026-03-16T09:28:46,-39.004,0.884,,0.000,none
2026-03-16T09:28:47,-39.347,0.814,,0.000,none
2026-03-16T09:28:48,-39.694,0.770,,0.000,none
2026-03-16T09:28:49,-40.043,0.750,,0.000,none
2026-03-16T09:28:50,-40.393,0.751,,0.000,none
2026-03-16T09:28:51,-40.742,0.770,,0.000,none
2026-03-16T09:28:52,-41.091,0.805,,0.000,none
2026-03-16T09:28:53,-41.437,0.853,,0.000,none
2026-03-16T09:28:54,-41.783,0.907,,0.000,none
2026-03-16T09:28:55,-42.128,0.965,,0.000,none
2026-03-16T09:28:56,-42.473,1.027,,0.000,none
2026-03-16T09:28:57,-42.816,1.095,,0.000,none
2026-03-16T09:28:58,-43.158,1.172,,0.000,none
2026-03-16T09:28:59,-43.498,1.255,,0.000,none
2026-03-16T09:29:00,-43.837,1.342,,0.000,none
2026-03-16T09:29:01,-44.174,1.433,,0.000,none
2026-03-16T09:29:02,-44.511,1.529,,0.000,none
2026-03-16T09:29:03,-44.846,1.631,,0.000,none
2026-03-16T09:29:04,-45.178,1.740,,0.000,none
2026-03-16T09:29:05,-45.509,1.856,,0.000,none
2026-03-16T09:29:06,-45.837,1.979,,0.000,none
2026-03-16T09:29:07,-46.162,2.108,,0.000,none
2026-03-16T09:29:08,-46.484,2.245,,0.000,none
2026-03-16T09:29:09,-46.803,2.388,,0.000,none
2026-03-16T09:29:10,-47.119,2.538,,0.000,none
2026-03-16T09:29:11,-47.431,2.697,,0.000,none
2026-03-16T09:29:12,-47.739,2.863,,0.000,none
2026-03-16T09:29:13,-48.043,3.037,,0.000,none
2026-03-16T09:29:14,-48.341,3.220,,0.000,none
2026-03-16T09:29:15,-48.635,3.410,,0.000,none
2026-03-16T09:29:16,-48.925,3.607,,0.000,none
2026-03-16T09:29:17,-49.209,3.811,,0.000,none
2026-03-16T09:29:18,-49.489,4.020,,0.000,none
2026-03-16T09:29:19,-49.765,4.236,,0.000,none
2026-03-16T09:29:20,-50.037,4.457,,0.000,none
2026-03-16T09:29:21,-50.304,4.683,,0.000,none
2026-03-16T09:29:22,-50.566,4.915,,0.000,none
2026-03-16T09:29:23,-50.824,5.152,,0.000,none
2026-03-16T09:29:24,-51.074,5.396,,0.000,none
2026-03-16T09:29:25,-51.317,5.648,,0.000,none
2026-03-16T09:29:26,-51.552,5.907,,0.000,none
2026-03-16T09:29:27,-51.780,6.173,,0.000,none
2026-03-16T09:29:28,-52.003,6.443,,0.000,none
2026-03-16T09:29:29,-52.220,6.718,,0.000,none
2026-03-16T09:29:30,-52.432,6.996,,0.000,none
2026-03-16T09:29:31,-52.638,7.279,,0.000,none
2026-03-16T09:29:32,-52.835,7.568,,0.000,none
2026-03-16T09:29:33,-53.024,7.862,,0.000,none
2026-03-16T09:29:34,-53.206,8.162,,0.000,none
2026-03-16T09:29:35,-53.380,8.465,,0.000,none
2026-03-16T09:29:36,-53.549,8.772,,0.000,none
2026-03-16T09:29:37,-53.712,9.081,,0.000,none
2026-03-16T09:29:38,-53.871,9.393,,0.000,none
2026-03-16T09:29:39,-54.027,9.707,,0.000,none
2026-03-16T09:29:40,-54.179,10.022,,0.000,none
2026-03-16T09:29:41,-54.328,10.339,,0.000,none
2026-03-16T09:29:42,-54.472,10.657,,0.000,none
2026-03-16T09:29:43,-54.613,10.978,,0.000,none
2026-03-16T09:29:44,-54.748,11.301,,0.000,none
2026-03-16T09:29:45,-54.879,11.625,,0.000,none
2026-03-16T09:29:46,-55.004,11.952,,0.000,none
2026-03-16T09:29:47,-55.124,12.281,,0.000,none
2026-03-16T09:29:48,-55.240,12.611,,0.000,none
2026-03-16T09:29:49,-55.350,12.943,,0.000,none
2026-03-16T09:29:50,-55.456,13.277,,0.000,none
2026-03-16T09:29:51,-55.557,13.612,,0.000,none
2026-03-16T09:29:52,-55.652,13.949,,0.000,none
2026-03-16T09:29:53,-55.716,14.200,,0.000,none
2026-03-16T09:29:54,-55.726,14.322,,0.000,none
2026-03-16T09:29:55,-55.732,14.586,,0.000,none
2026-03-16T09:29:56,-55.765,14.864,,0.000,none
2026-03-16T09:29:57,-55.827,15.137,,0.000,none
2026-03-16T09:29:58,-55.915,15.403,,0.000,none
2026-03-16T09:29:59,-56.029,15.658,,0.000,none
2026-03-16T09:30:00,-56.168,15.901,,0.000,none
2026-03-16T09:30:01,-56.331,16.129,,0.000,none
2026-03-16T09:30:02,-56.515,16.339,,0.000,none
2026-03-16T09:30:03,-56.567,16.403,,0.000,none
2026-03-16T09:30:04,-56.588,16.452,,0.000,none
2026-03-16T09:30:05,-56.594,16.469,,0.000,none
2026-03-16T09:30:06,-56.594,16.469,,0.000,none
2026-03-16T09:30:07,-56.660,16.705,,0.000,none
2026-03-16T09:30:08,-56.724,17.003,,0.000,none
2026-03-16T09:30:09,-56.731,17.125,,0.000,none
2026-03-16T09:30:10,-56.719,17.357,,0.000,none
2026-03-16T09:30:11,-56.730,17.637,,0.000,none
2026-03-16T09:30:12,-56.769,17.914,,0.000,none
2026-03-16T09:30:13,-56.835,18.186,,0.000,none
2026-03-16T09:30:14,-56.928,18.450,,0.000,none
2026-03-16T09:30:15,-57.046,18.703,,0.000,none
2026-03-16T09:30:16,-57.190,18.944,,0.000,none
2026-03-16T09:30:17,-57.357,19.169,,0.000,none
2026-03-16T09:30:18,-57.545,19.375,,0.000,none
2026-03-16T09:30:19,-57.753,19.563,,0.000,none
2026-03-16T09:30:20,-57.979,19.728,,0.000,none
2026-03-16T09:30:21,-58.220,19.870,,0.000,none
2026-03-16T09:30:22,-58.474,19.987,,0.000,none
2026-03-16T09:30:23,-58.687,20.088,,0.000,none
2026-03-16T09:30:24,-58.891,20.217,,0.000,none
2026-03-16T09:30:25,-59.085,20.366,,0.000,none
2026-03-16T09:30:26,-59.262,20.537,,0.000,none
2026-03-16T09:30:27,-59.420,20.718,,0.000,none
2026-03-16T09:30:28,-59.565,20.928,,0.000,none
2026-03-16T09:30:29,-59.674,21.131,,0.000,none
2026-03-16T09:30:30,-59.766,21.354,,0.000,none
2026-03-16T09:30:31,-59.838,21.579,,0.000,none
2026-03-16T09:30:32,-59.882,21.744,,0.000,none
2026-03-16T09:30:33,-59.882,21.744,,0.000,none
2026-03-16T09:30:34,-59.872,21.770,,0.000,none
2026-03-16T09:30:35,-59.782,22.035,,0.000,none
2026-03-16T09:30:36,-59.719,22.307,,0.000,none
2026-03-16T09:30:37,-59.683,22.585,,0.000,none
2026-03-16T09:30:38,-59.676,22.865,,0.000,none
2026-03-16T09:30:39,-59.696,23.144,,0.000,none
2026-03-16T09:30:40,-59.744,23.420,,0.000,none
2026-03-16T09:30:41,-59.819,23.689,,0.000,none
2026-03-16T09:30:42,-59.908,23.929,,0.000,none
2026-03-16T09:30:43,-59.974,24.150,,0.000,none
2026-03-16T09:30:44,-60.032,24.394,,0.000,none
2026-03-16T09:30:45,-60.074,24.631,,0.000,none
2026-03-16T09:30:46,-60.108,24.874,,0.000,none
2026-03-16T09:30:47,-60.117,24.970,,0.000,none
2026-03-16T09:30:48,-60.117,24.970,,0.000,none
2026-03-16T09:30:49,-60.030,25.176,,0.000,none
2026-03-16T09:30:50,-59.946,25.443,,0.000,none
2026-03-16T09:30:51,-59.888,25.717,,0.000,none
2026-03-16T09:30:52,-59.859,25.995,,0.000,none
2026-03-16T09:30:53,-59.857,26.275,,0.000,none
2026-03-16T09:30:54,-59.883,26.554,,0.000,none
2026-03-16T09:30:55,-59.909,26.788,,0.000,none
2026-03-16T09:30:56,-59.932,27.038,,0.000,none
2026-03-16T09:30:57,-59.951,27.283,,0.000,none
2026-03-16T09:30:58,-59.970,27.533,,0.000,none
2026-03-16T09:30:59,-59.984,27.773,,0.000,none
2026-03-16T09:31:00,-59.999,28.023,,0.000,none
2026-03-16T09:31:01,-60.015,28.273,,0.000,none
2026-03-16T09:31:02,-60.029,28.528,,0.000,none
2026-03-16T09:31:03,-60.040,28.657,,0.000,none
2026-03-16T09:31:04,-60.040,28.657,,0.000,none
2026-03-16T09:31:05,-59.962,28.882,,0.000,none
2026-03-16T09:31:06,-59.895,29.154,,0.000,none
2026-03-16T09:31:07,-59.855,29.431,,0.000,none
2026-03-16T09:31:08,-59.843,29.710,,0.000,none
2026-03-16T09:31:09,-59.859,29.990,,0.000,none
2026-03-16T09:31:10,-59.903,30.266,,0.000,none
2026-03-16T09:31:11,-59.961,30.515,,0.000,none
2026-03-16T09:31:12,-60.013,30.755,,0.000,none
2026-03-16T09:31:13,-60.060,30.996,,0.000,none
2026-03-16T09:31:14,-60.101,31.229,,0.000,none
2026-03-16T09:31:15,-60.141,31.481,,0.000,none
2026-03-16T09:31:16,-60.152,31.554,,0.000,none
2026-03-16T09:31:17,-60.152,31.554,,0.000,none
2026-03-16T09:31:18,-60.076,31.823,,0.000,none
2026-03-16T09:31:19,-60.027,32.098,,0.000,none
2026-03-16T09:31:20,-60.006,32.377,,0.000,none
2026-03-16T09:31:21,-60.013,32.657,,0.000,none
2026-03-16T09:31:22,-60.048,32.935,,0.000,none
2026-03-16T09:31:23,-60.110,33.208,,0.000,none
2026-03-16T09:31:24,-60.199,33.473,,0.000,none
2026-03-16T09:31:25,-60.276,33.696,,0.000,none
2026-03-16T09:31:26,-60.351,33.930,,0.000,none
2026-03-16T09:31:27,-60.414,34.152,,0.000,none
2026-03-16T09:31:28,-60.473,34.391,,0.000,none
2026-03-16T09:31:29,-60.528,34.635,,0.000,none
2026-03-16T09:31:30,-60.581,34.870,,0.000,none
2026-03-16T09:31:31,-60.626,35.107,,0.000,none
2026-03-16T09:31:32,-60.666,35.354,,0.000,none
2026-03-16T09:31:33,-60.706,35.601,,0.000,none
2026-03-16T09:31:34,-60.754,35.877,,0.000,none
2026-03-16T09:31:35,-60.773,35.987,,0.000,none
2026-03-16T09:31:36,-60.771,35.997,,0.000,none
2026-03-16T09:31:37,-60.771,35.997,,0.000,none
2026-03-16T09:31:38,-60.652,36.139,,0.000,none
2026-03-16T09:31:39,-60.630,36.160,,0.000,none
2026-03-16T09:31:40,-60.630,36.160,,0.000,none
2026-03-16T09:31:41,-60.503,36.280,,0.000,none
2026-03-16T09:31:42,-60.245,36.516,,0.000,none
2026-03-16T09:31:43,-59.987,36.753,,0.000,none
2026-03-16T09:31:44,-59.745,36.991,,0.000,none
2026-03-16T09:31:45,-59.651,37.068,,0.000,none
2026-03-16T09:31:46,-59.466,37.182,,0.000,none
2026-03-16T09:31:47,-59.242,37.349,,0.000,none
2026-03-16T09:31:48,-59.034,37.537,,0.000,none
2026-03-16T09:31:49,-58.847,37.745,,0.000,none
2026-03-16T09:31:50,-58.748,37.876,,0.000,none
2026-03-16T09:31:51,-58.722,37.927,,0.000,none
2026-03-16T09:31:52,-58.720,37.933,,0.000,none
2026-03-16T09:31:53,-58.720,37.933,,0.000,none
2026-03-16T09:31:54,-58.605,38.226,,0.000,none
2026-03-16T09:31:55,-58.495,38.558,,0.000,none
2026-03-16T09:31:56,-58.405,38.897,,0.000,none
2026-03-16T09:31:57,-58.333,39.239,,0.000,none
2026-03-16T09:31:58,-58.277,39.585,,0.000,none
2026-03-16T09:31:59,-58.239,39.932,,0.000,none
2026-03-16T09:32:00,-58.220,40.282,,0.000,none
2026-03-16T09:32:01,-58.223,40.632,,0.000,none
2026-03-16T09:32:02,-58.246,40.981,,0.000,none
2026-03-16T09:32:03,-58.287,41.329,,0.000,none
2026-03-16T09:32:04,-58.346,41.674,,0.000,none
2026-03-16T09:32:05,-58.422,42.015,,0.000,none
2026-03-16T09:32:06,-58.515,42.352,,0.000,none
2026-03-16T09:32:07,-58.622,42.685,,0.000,none
2026-03-16T09:32:08,-58.742,43.015,,0.000,none
2026-03-16T09:32:09,-58.869,43.340,,0.000,none
2026-03-16T09:32:10,-59.006,43.663,,0.000,none
2026-03-16T09:32:11,-59.150,43.982,,0.000,none
2026-03-16T09:32:12,-59.257,44.192,,0.000,none
2026-03-16T09:32:13,-59.329,44.291,,0.000,none
2026-03-16T09:32:14,-59.511,44.472,,0.000,none
2026-03-16T09:32:15,-59.727,44.650,,0.000,none
2026-03-16T09:32:16,-59.960,44.805,,0.000,none
2026-03-16T09:32:17,-60.207,44.936,,0.000,none
2026-03-16T09:32:18,-60.466,45.042,,0.000,none
2026-03-16T09:32:19,-60.734,45.121,,0.000,none
2026-03-16T09:32:20,-60.996,45.174,,0.000,none
2026-03-16T09:32:21,-61.025,45.187,,0.000,none
2026-03-16T09:32:22,-61.066,45.217,,0.000,none
2026-03-16T09:32:23,-61.093,45.241,,0.000,none
2026-03-16T09:32:24,-61.093,45.241,,0.000,none
2026-03-16T09:32:25,-61.192,45.340,,0.000,none
2026-03-16T09:32:26,-61.432,45.595,,0.000,none
2026-03-16T09:32:27,-61.662,45.858,,0.000,none
2026-03-16T09:32:28,-61.888,46.126,,0.000,none
2026-03-16T09:32:29,-62.113,46.394,,0.000,none
2026-03-16T09:32:30,-62.340,46.660,,0.000,none
2026-03-16T09:32:31,-62.575,46.920,,0.000,none
2026-03-16T09:32:32,-62.819,47.170,,0.000,none
2026-03-16T09:32:33,-63.073,47.411,,0.000,none
2026-03-16T09:32:34,-63.334,47.644,,0.000,none
2026-03-16T09:32:35,-63.603,47.868,,0.000,none
2026-03-16T09:32:36,-63.880,48.082,,0.000,none
2026-03-16T09:32:37,-64.165,48.284,,0.000,none
2026-03-16T09:32:38,-64.460,48.474,,0.000,none
2026-03-16T09:32:39,-64.763,48.649,,0.000,none
2026-03-16T09:32:40,-65.074,48.810,,0.000,none
2026-03-16T09:32:41,-65.392,48.956,,0.000,none
2026-03-16T09:32:42,-65.716,49.088,,0.000,none
2026-03-16T09:32:43,-66.044,49.209,,0.000,none
2026-03-16T09:32:44,-66.376,49.320,,0.000,none
2026-03-16T09:32:45,-66.711,49.421,,0.000,none
2026-03-16T09:32:46,-67.049,49.512,,0.000,none
2026-03-16T09:32:47,-67.389,49.594,,0.000,none
2026-03-16T09:32:48,-67.732,49.665,,0.000,none
2026-03-16T09:32:49,-68.077,49.727,,0.000,none
2026-03-16T09:32:50,-68.422,49.781,,0.000,none
2026-03-16T09:32:51,-68.769,49.828,,0.000,none
2026-03-16T09:32:52,-69.116,49.871,,0.000,none
2026-03-16T09:32:53,-69.464,49.911,,0.000,none
2026-03-16T09:32:54,-69.812,49.947,,0.000,none
2026-03-16T09:32:55,-70.161,49.980,,0.000,none
2026-03-16T09:32:56,-70.510,50.009,,0.000,none
2026-03-16T09:32:57,-70.858,50.036,,0.000,none
2026-03-16T09:32:58,-71.208,50.061,,0.000,none
2026-03-16T09:32:59,-71.557,50.086,,0.000,none
2026-03-16T09:33:00,-71.906,50.110,,0.000,none
2026-03-16T09:33:01,-72.255,50.134,,0.000,none
2026-03-16T09:33:02,-72.604,50.158,,0.000,none
2026-03-16T09:33:03,-72.953,50.182,,0.000,none
2026-03-16T09:33:04,-73.303,50.206,,0.000,none
2026-03-16T09:33:05,-73.652,50.230,,0.000,none
2026-03-16T09:33:06,-74.001,50.255,,0.000,none
2026-03-16T09:33:07,-74.350,50.279,,0.000,none
2026-03-16T09:33:08,-74.699,50.304,,0.000,none
2026-03-16T09:33:09,-75.048,50.328,,0.000,none
2026-03-16T09:33:10,-75.397,50.352,,0.000,none
2026-03-16T09:33:11,-75.747,50.377,,0.000,none
2026-03-16T09:33:12,-76.096,50.401,,0.000,none
2026-03-16T09:33:13,-76.445,50.426,,0.000,none
2026-03-16T09:33:14,-76.794,50.451,,0.000,none
2026-03-16T09:33:15,-77.143,50.476,,0.000,none
2026-03-16T09:33:16,-77.492,50.500,,0.000,none
2026-03-16T09:33:17,-77.841,50.524,,0.000,none
2026-03-16T09:33:18,-78.191,50.546,,0.000,none
2026-03-16T09:33:19,-78.540,50.567,,0.000,none
2026-03-16T09:33:20,-78.890,50.586,,0.000,none
2026-03-16T09:33:21,-79.239,50.604,,0.000,none
2026-03-16T09:33:22,-79.589,50.619,,0.000,none
2026-03-16T09:33:23,-79.939,50.633,,0.000,none
2026-03-16T09:33:24,-80.288,50.645,,0.000,none
2026-03-16T09:33:25,-80.638,50.655,,0.000,none
2026-03-16T09:33:26,-80.988,50.663,,0.000,none
2026-03-16T09:33:27,-81.338,50.669,,0.000,none
2026-03-16T09:33:28,-81.688,50.673,,0.000,none
2026-03-16T09:33:29,-82.038,50.676,,0.000,none
2026-03-16T09:33:30,-82.388,50.676,,0.000,none
2026-03-16T09:33:31,-82.738,50.674,,0.000,none
2026-03-16T09:33:32,-83.088,50.670,,0.000,none
2026-03-16T09:33:33,-83.438,50.664,,0.000,none
2026-03-16T09:33:34,-83.788,50.657,,0.000,none
2026-03-16T09:33:35,-84.138,50.648,,0.000,none
2026-03-16T09:33:36,-84.488,50.638,,0.000,none
2026-03-16T09:33:37,-84.837,50.627,,0.000,none
2026-03-16T09:33:38,-85.187,50.614,,0.000,none
2026-03-16T09:33:39,-85.537,50.601,,0.000,none
2026-03-16T09:33:40,-85.887,50.588,,0.000,none
2026-03-16T09:33:41,-86.236,50.574,,0.000,none
2026-03-16T09:33:42,-86.586,50.559,,0.000,none
2026-03-16T09:33:43,-86.936,50.544,,0.000,none
2026-03-16T09:33:44,-87.285,50.529,,0.000,none
2026-03-16T09:33:45,-87.635,50.514,,0.000,none
2026-03-16T09:33:46,-87.985,50.499,,0.000,none
2026-03-16T09:33:47,-88.335,50.485,,0.000,none
2026-03-16T09:33:48,-88.684,50.470,,0.000,none
2026-03-16T09:33:49,-89.034,50.456,,0.000,none
2026-03-16T09:33:50,-89.384,50.441,,0.000,none
2026-03-16T09:33:51,-89.733,50.427,,0.000,none
2026-03-16T09:33:52,-90.083,50.415,,0.000,none
2026-03-16T09:33:53,-90.433,50.407,,0.000,none
2026-03-16T09:33:54,-90.783,50.405,,0.000,none
2026-03-16T09:33:55,-91.133,50.396,,0.000,none
2026-03-16T09:33:56,-91.483,50.387,,0.000,none
2026-03-16T09:33:57,-91.833,50.382,,0.000,none
2026-03-16T09:33:58,-92.183,50.373,,0.000,none
2026-03-16T09:33:59,-92.532,50.361,,0.000,none
2026-03-16T09:34:00,-92.882,50.346,,0.000,none
2026-03-16T09:34:01,-93.232,50.328,,0.000,none
2026-03-16T09:34:02,-93.581,50.308,,0.000,none
2026-03-16T09:34:03,-93.930,50.285,,0.000,none
2026-03-16T09:34:04,-94.279,50.261,,0.000,none
2026-03-16T09:34:05,-94.629,50.236,,0.000,none
2026-03-16T09:34:06,-94.978,50.209,,0.000,none
2026-03-16T09:34:07,-95.326,50.181,,0.000,none
2026-03-16T09:34:08,-95.675,50.154,,0.000,none
2026-03-16T09:34:09,-96.024,50.126,,0.000,none
2026-03-16T09:34:10,-96.373,50.097,,0.000,none
2026-03-16T09:34:11,-96.722,50.069,,0.000,none
2026-03-16T09:34:12,-97.071,50.041,,0.000,none
2026-03-16T09:34:13,-97.420,50.013,,0.000,none
2026-03-16T09:34:14,-97.769,49.985,,0.000,none
2026-03-16T09:34:15,-98.118,49.958,,0.000,none
2026-03-16T09:34:16,-98.467,49.931,,0.000,none
2026-03-16T09:34:17,-98.816,49.907,,0.000,none
2026-03-16T09:34:18,-99.165,49.884,,0.000,none
2026-03-16T09:34:19,-99.514,49.863,,0.000,none
2026-03-16T09:34:20,-99.864,49.843,,0.000,none
2026-03-16T09:34:21,-100.213,49.824,,0.000,none
2026-03-16T09:34:22,-100.563,49.807,,0.000,none
2026-03-16T09:34:23,-100.912,49.792,,0.000,none
2026-03-16T09:34:24,-101.262,49.779,,0.000,none
2026-03-16T09:34:25,-101.612,49.770,,0.000,none
2026-03-16T09:34:26,-101.962,49.771,,0.000,none
2026-03-16T09:34:27,-102.312,49.780,,0.000,none
2026-03-16T09:34:28,-102.662,49.789,,0.000,none
2026-03-16T09:34:29,-103.012,49.803,,0.000,none
2026-03-16T09:34:30,-103.361,49.823,,0.000,none
2026-03-16T09:34:31,-103.710,49.843,,0.000,none
2026-03-16T09:34:32,-104.060,49.864,,0.000,none
2026-03-16T09:34:33,-104.409,49.888,,0.000,none
2026-03-16T09:34:34,-104.758,49.914,,0.000,none
2026-03-16T09:34:35,-105.107,49.943,,0.000,none
2026-03-16T09:34:36,-105.455,49.974,,0.000,none
2026-03-16T09:34:37,-105.804,50.009,,0.000,none
2026-03-16T09:34:38,-106.151,50.048,,0.000,none
2026-03-16T09:34:39,-106.499,50.092,,0.000,none
2026-03-16T09:34:40,-106.845,50.141,,0.000,none
2026-03-16T09:34:41,-107.191,50.195,,0.000,none
2026-03-16T09:34:42,-107.536,50.256,,0.000,none
2026-03-16T09:34:43,-107.879,50.322,,0.000,none
2026-03-16T09:34:44,-108.222,50.394,,0.000,none
2026-03-16T09:34:45,-108.564,50.467,,0.000,none
2026-03-16T09:34:46,-108.906,50.543,,0.000,none
2026-03-16T09:34:47,-109.247,50.623,,0.000,none
2026-03-16T09:34:48,-109.587,50.706,,0.000,none
2026-03-16T09:34:49,-109.925,50.794,,0.000,none
2026-03-16T09:34:50,-110.263,50.886,,0.000,none
2026-03-16T09:34:51,-110.600,50.982,,0.000,none
2026-03-16T09:34:52,-110.936,51.080,,0.000,none
2026-03-16T09:34:53,-111.270,51.184,,0.000,none
2026-03-16T09:34:54,-111.603,51.292,,0.000,none
2026-03-16T09:34:55,-111.935,51.402,,0.000,none
2026-03-16T09:34:56,-112.266,51.515,,0.000,none
2026-03-16T09:34:57,-112.597,51.630,,0.000,none
2026-03-16T09:34:58,-112.926,51.750,,0.000,none
2026-03-16T09:34:59,-113.253,51.873,,0.000,none
2026-03-16T09:35:00,-113.579,52.000,,0.000,none
2026-03-16T09:35:01,-113.903,52.134,,0.000,none
2026-03-16T09:35:02,-114.224,52.274,,0.000,none
2026-03-16T09:35:03,-114.542,52.419,,0.000,none
2026-03-16T09:35:04,-114.858,52.570,,0.000,none
2026-03-16T09:35:05,-115.171,52.726,,0.000,none
2026-03-16T09:35:06,-115.481,52.889,,0.000,none
2026-03-16T09:35:07,-115.788,53.057,,0.000,none
2026-03-16T09:35:08,-116.092,53.231,,0.000,none
2026-03-16T09:35:09,-116.391,53.412,,0.000,none
2026-03-16T09:35:10,-116.686,53.601,,0.000,none
2026-03-16T09:35:11,-116.976,53.797,,0.000,none
2026-03-16T09:35:12,-117.261,54.000,,0.000,none
2026-03-16T09:35:13,-117.541,54.210,,0.000,none
2026-03-16T09:35:14,-117.816,54.425,,0.000,none
2026-03-16T09:35:15,-118.087,54.647,,0.000,none
2026-03-16T09:35:16,-118.353,54.875,,0.000,none
2026-03-16T09:35:17,-118.613,55.109,,0.000,none
2026-03-16T09:35:18,-118.867,55.350,,0.000,none
2026-03-16T09:35:19,-119.113,55.599,,0.000,none
2026-03-16T09:35:20,-119.347,55.859,,0.000,none
2026-03-16T09:35:21,-119.569,56.130,,0.000,none
2026-03-16T09:35:22,-119.780,56.409,,0.000,none
2026-03-16T09:35:23,-119.982,56.694,,0.000,none
2026-03-16T09:35:24,-120.176,56.986,,0.000,none
2026-03-16T09:35:25,-120.360,57.284,,0.000,none
2026-03-16T09:35:26,-120.536,57.586,,0.000,none
2026-03-16T09:35:27,-120.702,57.894,,0.000,none
2026-03-16T09:35:28,-120.860,58.206,,0.000,none
2026-03-16T09:35:29,-121.011,58.522,,0.000,none
2026-03-16T09:35:30,-121.156,58.841,,0.000,none
2026-03-16T09:35:31,-121.297,59.161,,0.000,none
2026-03-16T09:35:32,-121.434,59.483,,0.000,none
2026-03-16T09:35:33,-121.568,59.807,,0.000,none
2026-03-16T09:35:34,-121.698,60.132,,0.000,none
2026-03-16T09:35:35,-121.822,60.459,,0.000,none
2026-03-16T09:35:36,-121.942,60.788,,0.000,none
2026-03-16T09:35:37,-122.058,61.118,,0.000,none
2026-03-16T09:35:38,-122.171,61.449,,0.000,none
2026-03-16T09:35:39,-122.282,61.781,,0.000,none
2026-03-16T09:35:40,-122.390,62.114,,0.000,none
2026-03-16T09:35:41,-122.495,62.448,,0.000,none
2026-03-16T09:35:42,-122.598,62.782,,0.000,none
2026-03-16T09:35:43,-122.699,63.118,,0.000,none
2026-03-16T09:35:44,-122.798,63.453,,0.000,none
2026-03-16T09:35:45,-122.894,63.790,,0.000,none
2026-03-16T09:35:46,-122.990,64.127,,0.000,none
2026-03-16T09:35:47,-123.085,64.463,,0.000,none
2026-03-16T09:35:48,-123.179,64.800,,0.000,none
2026-03-16T09:35:49,-123.273,65.138,,0.000,none
2026-03-16T09:35:50,-123.366,65.475,,0.000,none
2026-03-16T09:35:51,-123.458,65.813,,0.000,none
2026-03-16T09:35:52,-123.550,66.150,,0.000,none
2026-03-16T09:35:53,-123.642,66.488,,0.000,none
2026-03-16T09:35:54,-123.734,66.826,,0.000,none
2026-03-16T09:35:55,-123.826,67.163,,0.000,none
2026-03-16T09:35:56,-123.919,67.501,,0.000,none
2026-03-16T09:35:57,-124.013,67.838,,0.000,none
2026-03-16T09:35:58,-124.108,68.175,,0.000,none
2026-03-16T09:35:59,-124.205,68.511,,0.000,none
2026-03-16T09:36:00,-124.302,68.847,,0.000,none
2026-03-16T09:36:01,-124.401,69.183,,0.000,none
2026-03-16T09:36:02,-124.501,69.519,,0.000,none
2026-03-16T09:36:03,-124.602,69.854,,0.000,none
2026-03-16T09:36:04,-124.704,70.189,,0.000,none
2026-03-16T09:36:05,-124.808,70.523,,0.000,none
2026-03-16T09:36:06,-124.913,70.856,,0.000,none
2026-03-16T09:36:07,-125.020,71.190,,0.000,none
2026-03-16T09:36:08,-125.128,71.523,,0.000,none
2026-03-16T09:36:09,-125.236,71.856,,0.000,none
2026-03-16T09:36:10,-125.345,72.188,,0.000,none
2026-03-16T09:36:11,-125.455,72.520,,0.000,none
2026-03-16T09:36:12,-125.566,72.852,,0.000,none
2026-03-16T09:36:13,-125.677,73.184,,0.000,none
2026-03-16T09:36:14,-125.788,73.516,,0.000,none
2026-03-16T09:36:15,-125.899,73.848,,0.000,none
2026-03-16T09:36:16,-126.009,74.180,,0.000,none
2026-03-16T09:36:17,-126.119,74.513,,0.000,none
2026-03-16T09:36:18,-126.229,74.845,,0.000,none
2026-03-16T09:36:19,-126.338,75.177,,0.000,none
2026-03-16T09:36:20,-126.447,75.510,,0.000,none
2026-03-16T09:36:21,-126.556,75.843,,0.000,none
2026-03-16T09:36:22,-126.664,76.176,,0.000,none
2026-03-16T09:36:23,-126.772,76.509,,0.000,none
2026-03-16T09:36:24,-126.879,76.842,,0.000,none
2026-03-16T09:36:25,-126.986,77.175,,0.000,none
2026-03-16T09:36:26,-127.093,77.508,,0.000,none
2026-03-16T09:36:27,-127.198,77.842,,0.000,none
2026-03-16T09:36:28,-127.304,78.176,,0.000,none
2026-03-16T09:36:29,-127.409,78.510,,0.000,none
2026-03-16T09:36:30,-127.513,78.844,,0.000,none
2026-03-16T09:36:31,-127.618,79.178,,0.000,none
2026-03-16T09:36:32,-127.723,79.512,,0.000,none
2026-03-16T09:36:33,-127.829,79.845,,0.000,none
2026-03-16T09:36:34,-127.935,80.179,,0.000,none
2026-03-16T09:36:35,-128.042,80.512,,0.000,none
2026-03-16T09:36:36,-128.149,80.845,,0.000,none
2026-03-16T09:36:37,-128.258,81.178,,0.000,none
2026-03-16T09:36:38,-128.367,81.510,,0.000,none
2026-03-16T09:36:39,-128.477,81.843,,0.000,none
2026-03-16T09:36:40,-128.589,82.174,,0.000,none
2026-03-16T09:36:41,-128.700,82.506,,0.000,none
2026-03-16T09:36:42,-128.813,82.837,,0.000,none
2026-03-16T09:36:43,-128.927,83.168,,0.000,none
2026-03-16T09:36:44,-129.042,83.499,,0.000,none
2026-03-16T09:36:45,-129.158,83.829,,0.000,none
2026-03-16T09:36:46,-129.275,84.159,,0.000,none
2026-03-16T09:36:47,-129.393,84.489,,0.000,none
2026-03-16T09:36:48,-129.512,84.818,,0.000,none
2026-03-16T09:36:49,-129.631,85.147,,0.000,none
2026-03-16T09:36:50,-129.751,85.476,,0.000,none
2026-03-16T09:36:51,-129.871,85.805,,0.000,none
2026-03-16T09:36:52,-129.990,86.134,,0.000,none
2026-03-16T09:36:53,-130.109,86.463,,0.000,none
2026-03-16T09:36:54,-130.228,86.792,,0.000,none
2026-03-16T09:36:55,-130.346,87.121,,0.000,none
2026-03-16T09:36:56,-130.464,87.451,,0.000,none
2026-03-16T09:36:57,-130.581,87.781,,0.000,none
2026-03-16T09:36:58,-130.698,88.110,,0.000,none
2026-03-16T09:36:59,-130.816,88.440,,0.000,none
2026-03-16T09:37:00,-130.932,88.770,,0.000,none
2026-03-16T09:37:01,-131.048,89.101,,0.000,none
2026-03-16T09:37:02,-131.162,89.431,,0.000,none
2026-03-16T09:37:03,-131.276,89.762,,0.000,none
2026-03-16T09:37:04,-131.389,90.094,,0.000,none
2026-03-16T09:37:05,-131.501,90.425,,0.000,none
2026-03-16T09:37:06,-131.613,90.757,,0.000,none
2026-03-16T09:37:07,-131.728,91.087,,0.000,none
2026-03-16T09:37:08,-131.844,91.417,,0.000,none
2026-03-16T09:37:09,-131.964,91.747,,0.000,none
2026-03-16T09:37:10,-132.083,92.076,,0.000,none
2026-03-16T09:37:11,-132.203,92.404,,0.000,none
2026-03-16T09:37:12,-132.325,92.732,,0.000,none
2026-03-16T09:37:13,-132.449,93.060,,0.000,none
2026-03-16T09:37:14,-132.576,93.386,,0.000,none
2026-03-16T09:37:15,-132.708,93.710,,0.000,none
2026-03-16T09:37:16,-132.845,94.032,,0.000,none
2026-03-16T09:37:17,-132.985,94.353,,0.000,none
2026-03-16T09:37:18,-133.128,94.672,,0.000,none
2026-03-16T09:37:19,-133.274,94.990,,0.000,none
2026-03-16T09:37:20,-133.424,95.306,,0.000,none
2026-03-16T09:37:21,-133.579,95.620,,0.000,none
2026-03-16T09:37:22,-133.739,95.932,,0.000,none
2026-03-16T09:37:23,-133.906,96.239,,0.000,none
2026-03-16T09:37:24,-134.082,96.542,,0.000,none
2026-03-16T09:37:25,-134.268,96.838,,0.000,none
2026-03-16T09:37:26,-134.463,97.129,,0.000,none
2026-03-16T09:37:27,-134.668,97.412,,0.000,none
2026-03-16T09:37:28,-134.882,97.689,,0.000,none
2026-03-16T09:37:29,-135.105,97.959,,0.000,none
2026-03-16T09:37:30,-135.336,98.222,,0.000,none
2026-03-16T09:37:31,-135.575,98.478,,0.000,none
2026-03-16T09:37:32,-135.823,98.724,,0.000,none
2026-03-16T09:37:33,-136.082,98.961,,0.000,none
2026-03-16T09:37:34,-136.349,99.186,,0.000,none
2026-03-16T09:37:35,-136.626,99.401,,0.000,none
2026-03-16T09:37:36,-136.910,99.605,,0.000,none
2026-03-16T09:37:37,-137.201,99.800,,0.000,none
2026-03-16T09:37:38,-137.498,99.985,,0.000,none
2026-03-16T09:37:39,-137.800,100.161,,0.000,none
2026-03-16T09:37:40,-138.108,100.327,,0.000,none
2026-03-16T09:37:41,-138.424,100.477,,0.000,none
2026-03-16T09:37:42,-138.750,100.605,,0.000,none
2026-03-16T09:37:43,-139.083,100.714,,0.000,none
2026-03-16T09:37:44,-139.420,100.808,,0.000,none
2026-03-16T09:37:45,-139.760,100.891,,0.000,none
2026-03-16T09:37:46,-140.101,100.967,,0.000,none
2026-03-16T09:37:47,-140.444,101.036,,0.000,none
2026-03-16T09:37:48,-140.789,101.099,,0.000,none
2026-03-16T09:37:49,-141.134,101.157,,0.000,none
2026-03-16T09:37:50,-141.480,101.208,,0.000,none
2026-03-16T09:37:51,-141.827,101.253,,0.000,none
2026-03-16T09:37:52,-142.175,101.293,,0.000,none
2026-03-16T09:37:53,-142.523,101.328,,0.000,none
2026-03-16T09:37:54,-142.872,101.361,,0.000,none
2026-03-16T09:37:55,-143.220,101.391,,0.000,none
2026-03-16T09:37:56,-143.569,101.421,,0.000,none
2026-03-16T09:37:57,-143.918,101.449,,0.000,none
2026-03-16T09:37:58,-144.267,101.475,,0.000,none
2026-03-16T09:37:59,-144.616,101.499,,0.000,none
2026-03-16T09:38:00,-144.965,101.521,,0.000,none
2026-03-16T09:38:01,-145.315,101.542,,0.000,none
2026-03-16T09:38:02,-145.664,101.562,,0.000,none
2026-03-16T09:38:03,-146.014,101.583,,0.000,none
2026-03-16T09:38:04,-146.363,101.603,,0.000,none
2026-03-16T09:38:05,-146.713,101.622,,0.000,none
2026-03-16T09:38:06,-147.062,101.640,,0.000,none
2026-03-16T09:38:07,-147.412,101.658,,0.000,none
2026-03-16T09:38:08,-147.761,101.674,,0.000,none
2026-03-16T09:38:09,-148.111,101.691,,0.000,none
2026-03-16T09:38:10,-148.460,101.708,,0.000,none
2026-03-16T09:38:11,-148.810,101.724,,0.000,none
2026-03-16T09:38:12,-149.160,101.739,,0.000,none
2026-03-16T09:38:13,-149.509,101.755,,0.000,none
2026-03-16T09:38:14,-149.859,101.773,,0.000,none
2026-03-16T09:38:15,-150.208,101.791,,0.000,none
2026-03-16T09:38:16,-150.558,101.810,,0.000,none
2026-03-16T09:38:17,-150.907,101.829,,0.000,none
2026-03-16T09:38:18,-151.257,101.849,,0.000,none
2026-03-16T09:38:19,-151.606,101.868,,0.000,none
2026-03-16T09:38:20,-151.956,101.887,,0.000,none
2026-03-16T09:38:21,-152.305,101.905,,0.000,none
2026-03-16T09:38:22,-152.655,101.922,,0.000,none
2026-03-16T09:38:23,-153.005,101.937,,0.000,none
2026-03-16T09:38:24,-153.354,101.949,,0.000,none
2026-03-16T09:38:25,-153.704,101.958,,0.000,none
2026-03-16T09:38:26,-154.054,101.963,,0.000,none
2026-03-16T09:38:27,-154.404,101.963,,0.000,none
2026-03-16T09:38:28,-154.754,101.960,,0.000,none
2026-03-16T09:38:29,-154.922,101.965,,0.000,none
2026-03-16T09:38:30,-155.088,102.001,,0.000,none
2026-03-16T09:38:31,-155.364,102.048,,0.000,none
2026-03-16T09:38:32,-155.643,102.067,,0.000,none
2026-03-16T09:38:33,-155.923,102.058,,0.000,none
2026-03-16T09:38:34,-156.200,102.022,,0.000,none
2026-03-16T09:38:35,-156.473,101.957,,0.000,none
2026-03-16T09:38:36,-156.737,101.866,,0.000,none
2026-03-16T09:38:37,-156.992,101.749,,0.000,none
2026-03-16T09:38:38,-157.233,101.608,,0.000,none
2026-03-16T09:38:39,-157.459,101.442,,0.000,none
2026-03-16T09:38:40,-157.526,101.390,,0.000,none
2026-03-16T09:38:41,-157.559,101.380,,0.000,none
2026-03-16T09:38:42,-157.611,101.374,,0.000,none
2026-03-16T09:38:43,-157.614,101.374,,0.000,none
2026-03-16T09:38:44,-157.614,101.374,,0.000,none
2026-03-16T09:38:45,-157.929,101.367,,0.000,none
2026-03-16T09:38:46,-158.108,101.372,,0.000,none
2026-03-16T09:38:47,-158.258,101.406,,0.000,none
2026-03-16T09:38:48,-158.532,101.462,,0.000,none
2026-03-16T09:38:49,-158.811,101.490,,0.000,none
2026-03-16T09:38:50,-159.091,101.490,,0.000,none
2026-03-16T09:38:51,-159.369,101.462,,0.000,none
2026-03-16T09:38:52,-159.644,101.406,,0.000,none
2026-03-16T09:38:53,-159.911,101.323,,0.000,none
2026-03-16T09:38:54,-160.169,101.214,,0.000,none
2026-03-16T09:38:55,-160.414,101.080,,0.000,none
2026-03-16T09:38:56,-160.512,101.021,,0.000,none
2026-03-16T09:38:57,-160.542,101.015,,0.000,none
2026-03-16T09:38:58,-160.594,101.015,,0.000,none
2026-03-16T09:38:59,-160.627,101.018,,0.000,none
2026-03-16T09:39:00,-160.627,101.018,,0.000,none
2026-03-16T09:39:01,-160.783,101.040,,0.000,none
2026-03-16T09:39:02,-161.061,101.083,,0.000,none
2026-03-16T09:39:03,-161.178,101.119,,0.000,none
2026-03-16T09:39:04,-161.417,101.212,,0.000,none
2026-03-16T09:39:05,-161.686,101.288,,0.000,none
2026-03-16T09:39:06,-161.962,101.337,,0.000,none
2026-03-16T09:39:07,-162.241,101.358,,0.000,none
2026-03-16T09:39:08,-162.521,101.352,,0.000,none
2026-03-16T09:39:09,-162.798,101.317,,0.000,none
2026-03-16T09:39:10,-163.071,101.255,,0.000,none
2026-03-16T09:39:11,-163.337,101.166,,0.000,none
2026-03-16T09:39:12,-163.592,101.051,,0.000,none
2026-03-16T09:39:13,-163.834,100.911,,0.000,none
2026-03-16T09:39:14,-163.872,100.889,,0.000,none
2026-03-16T09:39:15,-163.899,100.886,,0.000,none
2026-03-16T09:39:16,-163.917,100.887,,0.000,none
2026-03-16T09:39:17,-163.917,100.887,,0.000,none
2026-03-16T09:39:18,-164.177,100.991,,0.000,none
2026-03-16T09:39:19,-164.446,101.068,,0.000,none
2026-03-16T09:39:20,-164.721,101.118,,0.000,none
2026-03-16T09:39:21,-165.000,101.141,,0.000,none
2026-03-16T09:39:22,-165.280,101.135,,0.000,none
2026-03-16T09:39:23,-165.558,101.102,,0.000,none
2026-03-16T09:39:24,-165.831,101.040,,0.000,none
2026-03-16T09:39:25,-166.097,100.952,,0.000,none
2026-03-16T09:39:26,-166.341,100.847,,0.000,none
2026-03-16T09:39:27,-166.342,100.847,,0.000,none
2026-03-16T09:39:28,-166.378,100.848,,0.000,none
2026-03-16T09:39:29,-166.406,100.853,,0.000,none
2026-03-16T09:39:30,-166.406,100.853,,0.000,none
2026-03-16T09:39:31,-166.647,100.996,,0.000,none
2026-03-16T09:39:32,-166.901,101.114,,0.000,none
2026-03-16T09:39:33,-167.165,101.205,,0.000,none
2026-03-16T09:39:34,-167.437,101.270,,0.000,none
2026-03-16T09:39:35,-167.715,101.308,,0.000,none
2026-03-16T09:39:36,-167.994,101.317,,0.000,none
2026-03-16T09:39:37,-168.274,101.299,,0.000,none
2026-03-16T09:39:38,-168.550,101.253,,0.000,none
2026-03-16T09:39:39,-168.820,101.179,,0.000,none
2026-03-16T09:39:40,-169.083,101.085,,0.000,none
2026-03-16T09:39:41,-169.163,101.058,,0.000,none
2026-03-16T09:39:42,-169.219,101.061,,0.000,none
2026-03-16T09:39:43,-169.499,101.061,,0.000,none
2026-03-16T09:39:44,-169.778,101.033,,0.000,none
2026-03-16T09:39:45,-170.052,100.977,,0.000,none
2026-03-16T09:39:46,-170.121,100.962,,0.000,none
2026-03-16T09:39:47,-170.136,100.965,,0.000,none
2026-03-16T09:39:48,-170.172,100.977,,0.000,none
2026-03-16T09:39:49,-170.172,100.977,,0.000,none
2026-03-16T09:39:50,-170.345,101.119,,0.000,none
2026-03-16T09:39:51,-170.576,101.278,,0.000,none
2026-03-16T09:39:52,-170.821,101.412,,0.000,none
2026-03-16T09:39:53,-171.079,101.521,,0.000,none
2026-03-16T09:39:54,-171.347,101.604,,0.000,none
2026-03-16T09:39:55,-171.621,101.660,,0.000,none
2026-03-16T09:39:56,-171.899,101.688,,0.000,none
2026-03-16T09:39:57,-172.179,101.688,,0.000,none
2026-03-16T09:39:58,-172.458,101.660,,0.000,none
2026-03-16T09:39:59,-172.732,101.605,,0.000,none
2026-03-16T09:40:00,-172.999,101.522,,0.000,none
2026-03-16T09:40:01,-173.174,101.466,,0.000,none
2026-03-16T09:40:02,-173.174,101.466,,0.000,none
2026-03-16T09:40:03,-173.368,101.490,,0.000,none
2026-03-16T09:40:04,-173.648,101.504,,0.000,none
2026-03-16T09:40:05,-173.665,101.505,,0.000,none
2026-03-16T09:40:06,-173.767,101.551,,0.000,none
2026-03-16T09:40:07,-174.029,101.648,,0.000,none
2026-03-16T09:40:08,-174.300,101.719,,0.000,none
2026-03-16T09:40:09,-174.577,101.762,,0.000,none
2026-03-16T09:40:10,-174.856,101.779,,0.000,none
2026-03-16T09:40:11,-174.904,101.783,,0.000,none
2026-03-16T09:40:12,-174.928,101.797,,0.000,none
2026-03-16T09:40:13,-175.178,101.924,,0.000,none
2026-03-16T09:40:14,-175.439,102.025,,0.000,none
2026-03-16T09:40:15,-175.708,102.101,,0.000,none
2026-03-16T09:40:16,-175.758,102.114,,0.000,none
2026-03-16T09:40:17,-175.780,102.132,,0.000,none
2026-03-16T09:40:18,-176.005,102.298,,0.000,none
2026-03-16T09:40:19,-176.202,102.418,,0.000,none
2026-03-16T09:40:20,-176.202,102.418,,0.000,none
2026-03-16T09:40:21,-176.217,102.427,,0.000,none
2026-03-16T09:40:22,-176.376,102.532,,0.000,none
2026-03-16T09:40:23,-176.491,102.646,,0.000,none
2026-03-16T09:40:24,-176.698,102.834,,0.000,none
2026-03-16T09:40:25,-176.923,103.001,,0.000,none
2026-03-16T09:40:26,-177.163,103.145,,0.000,none
2026-03-16T09:40:27,-177.416,103.264,,0.000,none
2026-03-16T09:40:28,-177.680,103.357,,0.000,none
2026-03-16T09:40:29,-177.952,103.424,,0.000,none
2026-03-16T09:40:30,-178.229,103.462,,0.000,none
2026-03-16T09:40:31,-178.509,103.473,,0.000,none
2026-03-16T09:40:32,-178.788,103.456,,0.000,none
2026-03-16T09:40:33,-179.064,103.412,,0.000,none
2026-03-16T09:40:34,-179.259,103.366,,0.000,none
2026-03-16T09:40:35,-179.259,103.366,,0.000,none
2026-03-16T09:40:36,-179.259,103.366,,0.000,none
2026-03-16T09:40:37,-179.437,103.447,,0.000,none
2026-03-16T09:40:38,-179.700,103.541,,0.000,none
2026-03-16T09:40:39,-179.947,103.605,,0.000,none
2026-03-16T09:40:40,-179.956,103.608,,0.000,none
2026-03-16T09:40:41,-180.057,103.684,,0.000,none
2026-03-16T09:40:42,-180.291,103.837,,0.000,none
2026-03-16T09:40:43,-180.540,103.965,,0.000,none
2026-03-16T09:40:44,-180.775,104.065,,0.000,none
2026-03-16T09:40:45,-180.994,104.165,,0.000,none
2026-03-16T09:40:46,-181.242,104.285,,0.000,none
2026-03-16T09:40:47,-181.450,104.395,,0.000,none
2026-03-16T09:40:48,-181.673,104.521,,0.000,none
2026-03-16T09:40:49,-181.691,104.534,,0.000,none
2026-03-16T09:40:50,-181.709,104.567,,0.000,none
2026-03-16T09:40:51,-181.724,104.606,,0.000,none
2026-03-16T09:40:52,-181.724,104.606,,0.000,none
2026-03-16T09:40:53,-181.746,104.678,,0.000,none
2026-03-16T09:40:54,-181.771,104.798,,0.000,none
2026-03-16T09:40:55,-181.787,105.014,,0.000,none
2026-03-16T09:40:56,-181.831,105.291,,0.000,none
2026-03-16T09:40:57,-181.902,105.562,,0.000,none
2026-03-16T09:40:58,-181.999,105.824,,0.000,none
2026-03-16T09:40:59,-182.122,106.075,,0.000,none
2026-03-16T09:41:00,-182.270,106.313,,0.000,none
2026-03-16T09:41:01,-182.441,106.535,,0.000,none
2026-03-16T09:41:02,-182.633,106.738,,0.000,none
2026-03-16T09:41:03,-182.844,106.922,,0.000,none
2026-03-16T09:41:04,-183.073,107.083,,0.000,none
2026-03-16T09:41:05,-183.312,107.219,,0.000,none
2026-03-16T09:41:06,-183.510,107.347,,0.000,none
2026-03-16T09:41:07,-183.681,107.488,,0.000,none
2026-03-16T09:41:08,-183.694,107.500,,0.000,none
2026-03-16T09:41:09,-183.741,107.602,,0.000,none
2026-03-16T09:41:10,-183.876,107.847,,0.000,none
2026-03-16T09:41:11,-183.985,108.030,,0.000,none
2026-03-16T09:41:12,-183.985,108.031,,0.000,none
2026-03-16T09:41:13,-183.988,108.157,,0.000,none
2026-03-16T09:41:14,-184.009,108.436,,0.000,none
2026-03-16T09:41:15,-184.020,108.487,,0.000,none
2026-03-16T09:41:16,-184.026,108.505,,0.000,none
2026-03-16T09:41:17,-184.026,108.505,,0.000,none
2026-03-16T09:41:18,-184.100,108.720,,0.000,none
2026-03-16T09:41:19,-184.224,109.047,,0.000,none
2026-03-16T09:41:20,-184.362,109.368,,0.000,none
2026-03-16T09:41:21,-184.514,109.684,,0.000,none
2026-03-16T09:41:22,-184.679,109.992,,0.000,none
2026-03-16T09:41:23,-184.857,110.294,,0.000,none
2026-03-16T09:41:24,-185.039,110.593,,0.000,none
2026-03-16T09:41:25,-185.211,110.884,,0.000,none
2026-03-16T09:41:26,-185.338,111.110,,0.000,none
2026-03-16T09:41:27,-185.338,111.110,,0.000,none
2026-03-16T09:41:28,-185.338,111.110,,0.000,none
2026-03-16T09:41:29,-185.481,111.416,,0.000,none
2026-03-16T09:41:30,-185.578,111.621,,0.000,none
2026-03-16T09:41:31,-185.578,111.621,,0.000,none
2026-03-16T09:41:32,-185.585,111.637,,0.000,none
2026-03-16T09:41:33,-185.701,111.894,,0.000,none
2026-03-16T09:41:34,-185.708,111.909,,0.000,none
2026-03-16T09:41:35,-185.708,111.909,,0.000,none
2026-03-16T09:41:36,-185.790,112.090,,0.000,none
2026-03-16T09:41:37,-185.908,112.320,,0.000,none
2026-03-16T09:41:38,-186.072,112.604,,0.000,none
2026-03-16T09:41:39,-186.240,112.871,,0.000,none
2026-03-16T09:41:40,-186.434,113.162,,0.000,none
2026-03-16T09:41:41,-186.632,113.451,,0.000,none
2026-03-16T09:41:42,-186.834,113.737,,0.000,none
2026-03-16T09:41:43,-187.040,114.020,,0.000,none
2026-03-16T09:41:44,-187.248,114.301,,0.000,none
2026-03-16T09:41:45,-187.460,114.580,,0.000,none
2026-03-16T09:41:46,-187.674,114.857,,0.000,none
2026-03-16T09:41:47,-187.891,115.132,,0.000,none
2026-03-16T09:41:48,-188.110,115.405,,0.000,none
2026-03-16T09:41:49,-188.331,115.676,,0.000,none
2026-03-16T10:37:15,-38.413,1.064,,0.094,none
2026-03-16T10:37:16,-38.490,1.032,,0.010,none
2026-03-16T10:37:17,-38.490,1.032,,0.010,none
2026-03-16T10:37:18,-38.523,1.020,,0.000,none
2026-03-16T10:37:19,-38.857,0.916,,0.000,none
2026-03-16T10:37:20,-39.197,0.832,,0.000,none
2026-03-16T10:37:21,-39.542,0.774,,0.000,none
2026-03-16T10:37:22,-39.890,0.739,,0.000,none
2026-03-16T10:37:23,-40.240,0.724,,0.000,none
2026-03-16T10:37:24,-40.590,0.727,,0.000,none
2026-03-16T10:37:25,-40.939,0.746,,0.000,none
2026-03-16T10:37:26,-41.288,0.778,,0.000,none
2026-03-16T10:37:27,-41.635,0.820,,0.000,none
2026-03-16T10:37:28,-41.982,0.868,,0.000,none
2026-03-16T10:37:29,-42.328,0.920,,0.000,none
2026-03-16T10:37:30,-42.674,0.974,,0.000,none
2026-03-16T10:37:31,-43.019,1.033,,0.000,none
2026-03-16T10:37:32,-43.362,1.101,,0.000,none
2026-03-16T10:37:33,-43.704,1.175,,0.000,none
2026-03-16T10:37:34,-44.045,1.256,,0.000,none
2026-03-16T10:37:35,-44.384,1.341,,0.000,none
2026-03-16T10:37:36,-44.723,1.430,,0.000,none
2026-03-16T10:37:37,-45.060,1.522,,0.000,none
2026-03-16T10:37:38,-45.396,1.620,,0.000,none
2026-03-16T10:37:39,-45.731,1.724,,0.000,none
2026-03-16T10:37:40,-46.062,1.835,,0.000,none
2026-03-16T10:37:41,-46.392,1.953,,0.000,none
2026-03-16T10:37:42,-46.719,2.078,,0.000,none
2026-03-16T10:37:43,-47.043,2.210,,0.000,none
2026-03-16T10:37:44,-47.364,2.349,,0.000,none
2026-03-16T10:37:45,-47.682,2.495,,0.000,none
2026-03-16T10:37:46,-47.997,2.649,,0.000,none
2026-03-16T10:37:47,-48.307,2.810,,0.000,none
2026-03-16T10:37:48,-48.614,2.979,,0.000,none
2026-03-16T10:37:49,-48.915,3.157,,0.000,none
2026-03-16T10:37:50,-49.212,3.343,,0.000,none
2026-03-16T10:37:51,-49.504,3.536,,0.000,none
2026-03-16T10:37:52,-49.791,3.736,,0.000,none
2026-03-16T10:37:53,-50.074,3.942,,0.000,none
2026-03-16T10:37:54,-50.352,4.154,,0.000,none
2026-03-16T10:37:55,-50.626,4.372,,0.000,none
2026-03-16T10:37:56,-50.896,4.595,,0.000,none
2026-03-16T10:37:57,-51.161,4.824,,0.000,none
2026-03-16T10:37:58,-51.421,5.057,,0.000,none
2026-03-16T10:37:59,-51.675,5.298,,0.000,none
2026-03-16T10:38:00,-51.921,5.548,,0.000,none
2026-03-16T10:38:01,-52.159,5.804,,0.000,none
2026-03-16T10:38:02,-52.391,6.066,,0.000,none
2026-03-16T10:38:03,-52.617,6.333,,0.000,none
2026-03-16T10:38:04,-52.838,6.605,,0.000,none
2026-03-16T10:38:05,-53.054,6.880,,0.000,none
2026-03-16T10:38:06,-53.263,7.161,,0.000,none
2026-03-16T10:38:07,-53.464,7.448,,0.000,none
2026-03-16T10:38:08,-53.656,7.740,,0.000,none
2026-03-16T10:38:09,-53.841,8.037,,0.000,none
2026-03-16T10:38:10,-54.019,8.339,,0.000,none
2026-03-16T10:38:11,-54.191,8.643,,0.000,none
2026-03-16T10:38:12,-54.357,8.951,,0.000,none
2026-03-16T10:38:13,-54.519,9.262,,0.000,none
2026-03-16T10:38:14,-54.678,9.573,,0.000,none
2026-03-16T10:38:15,-54.834,9.887,,0.000,none
2026-03-16T10:38:16,-54.986,10.202,,0.000,none
2026-03-16T10:38:17,-55.135,10.519,,0.000,none
2026-03-16T10:38:18,-55.279,10.838,,0.000,none
2026-03-16T10:38:19,-55.418,11.159,,0.000,none
2026-03-16T10:38:20,-55.552,11.482,,0.000,none
2026-03-16T10:38:21,-55.681,11.807,,0.000,none
2026-03-16T10:38:22,-55.805,12.135,,0.000,none
2026-03-16T10:38:23,-55.924,12.464,,0.000,none
2026-03-16T10:38:24,-56.039,12.795,,0.000,none
2026-03-16T10:38:25,-56.148,13.127,,0.000,none
2026-03-16T10:38:26,-56.253,13.461,,0.000,none
2026-03-16T10:38:27,-56.352,13.797,,0.000,none
2026-03-16T10:38:28,-56.429,14.080,,0.000,none
2026-03-16T10:38:29,-56.443,14.201,,0.000,none
2026-03-16T10:38:30,-56.452,14.449,,0.000,none
2026-03-16T10:38:31,-56.488,14.727,,0.000,none
2026-03-16T10:38:32,-56.551,15.000,,0.000,none
2026-03-16T10:38:33,-56.641,15.265,,0.000,none
2026-03-16T10:38:34,-56.757,15.519,,0.000,none
2026-03-16T10:38:35,-56.898,15.761,,0.000,none
2026-03-16T10:38:36,-57.063,15.988,,0.000,none
2026-03-16T10:38:37,-57.244,16.201,,0.000,none
2026-03-16T10:38:38,-57.264,16.235,,0.000,none
2026-03-16T10:38:39,-57.285,16.288,,0.000,none
2026-03-16T10:38:40,-57.288,16.297,,0.000,none
2026-03-16T10:38:41,-57.288,16.297,,0.000,none
2026-03-16T10:38:42,-57.362,16.567,,0.000,none
2026-03-16T10:38:43,-57.434,16.910,,0.000,none
2026-03-16T10:38:44,-57.452,17.076,,0.000,none
2026-03-16T10:38:45,-57.440,17.254,,0.000,none
2026-03-16T10:38:46,-57.434,17.533,,0.000,none
2026-03-16T10:38:47,-57.457,17.812,,0.000,none
2026-03-16T10:38:48,-57.507,18.088,,0.000,none
2026-03-16T10:38:49,-57.584,18.357,,0.000,none
2026-03-16T10:38:50,-57.688,18.616,,0.000,none
2026-03-16T10:38:51,-57.818,18.865,,0.000,none
2026-03-16T10:38:52,-57.971,19.099,,0.000,none
2026-03-16T10:38:53,-58.147,19.316,,0.000,none
2026-03-16T10:38:54,-58.344,19.515,,0.000,none
2026-03-16T10:38:55,-58.560,19.693,,0.000,none
2026-03-16T10:38:56,-58.793,19.849,,0.000,none
2026-03-16T10:38:57,-59.040,19.981,,0.000,none
2026-03-16T10:38:58,-59.294,20.086,,0.000,none
2026-03-16T10:38:59,-59.503,20.194,,0.000,none
2026-03-16T10:39:00,-59.698,20.326,,0.000,none
2026-03-16T10:39:01,-59.898,20.485,,0.000,none
2026-03-16T10:39:02,-60.076,20.646,,0.000,none
2026-03-16T10:39:03,-60.222,20.844,,0.000,none
2026-03-16T10:39:04,-60.333,21.046,,0.000,none
2026-03-16T10:39:05,-60.459,21.274,,0.000,none
2026-03-16T10:39:06,-60.559,21.482,,0.000,none
2026-03-16T10:39:07,-60.646,21.707,,0.000,none
2026-03-16T10:39:08,-60.722,21.935,,0.000,none
2026-03-16T10:39:09,-60.732,21.970,,0.000,none
2026-03-16T10:39:10,-60.732,21.970,,0.000,none
2026-03-16T10:39:11,-60.679,22.231,,0.000,none
2026-03-16T10:39:12,-60.651,22.509,,0.000,none
2026-03-16T10:39:13,-60.650,22.789,,0.000,none
2026-03-16T10:39:14,-60.678,23.068,,0.000,none
2026-03-16T10:39:15,-60.733,23.342,,0.000,none
2026-03-16T10:39:16,-60.813,23.605,,0.000,none
2026-03-16T10:39:17,-60.910,23.852,,0.000,none
2026-03-16T10:39:18,-60.999,24.086,,0.000,none
2026-03-16T10:39:19,-61.049,24.239,,0.000,none
2026-03-16T10:39:20,-61.049,24.239,,0.000,none
2026-03-16T10:39:21,-61.019,24.347,,0.000,none
2026-03-16T10:39:22,-60.963,24.621,,0.000,none
2026-03-16T10:39:23,-60.935,24.900,,0.000,none
2026-03-16T10:39:24,-60.934,25.180,,0.000,none
2026-03-16T10:39:25,-60.962,25.458,,0.000,none
2026-03-16T10:39:26,-61.017,25.733,,0.000,none
2026-03-16T10:39:27,-61.100,26.000,,0.000,none
2026-03-16T10:39:28,-61.164,26.169,,0.000,none
2026-03-16T10:39:29,-61.164,26.169,,0.000,none
2026-03-16T10:39:30,-61.150,26.350,,0.000,none
2026-03-16T10:39:31,-61.151,26.630,,0.000,none
2026-03-16T10:39:32,-61.181,26.909,,0.000,none
2026-03-16T10:39:33,-61.222,27.161,,0.000,none
2026-03-16T10:39:34,-61.260,27.403,,0.000,none
2026-03-16T10:39:35,-61.293,27.642,,0.000,none
2026-03-16T10:39:36,-61.323,27.886,,0.000,none
2026-03-16T10:39:37,-61.349,28.125,,0.000,none
2026-03-16T10:39:38,-61.372,28.356,,0.000,none
2026-03-16T10:39:39,-61.372,28.356,,0.000,none
2026-03-16T10:39:40,-61.333,28.460,,0.000,none
2026-03-16T10:39:41,-61.252,28.728,,0.000,none
2026-03-16T10:39:42,-61.198,29.003,,0.000,none
2026-03-16T10:39:43,-61.172,29.282,,0.000,none
2026-03-16T10:39:44,-61.174,29.562,,0.000,none
2026-03-16T10:39:45,-61.204,29.840,,0.000,none
2026-03-16T10:39:46,-61.256,30.100,,0.000,none
2026-03-16T10:39:47,-61.306,30.340,,0.000,none
2026-03-16T10:39:48,-61.355,30.586,,0.000,none
2026-03-16T10:39:49,-61.396,30.824,,0.000,none
2026-03-16T10:39:50,-61.434,31.066,,0.000,none
2026-03-16T10:39:51,-61.447,31.153,,0.000,none
2026-03-16T10:39:52,-61.447,31.153,,0.000,none
2026-03-16T10:39:53,-61.373,31.423,,0.000,none
2026-03-16T10:39:54,-61.326,31.699,,0.000,none
2026-03-16T10:39:55,-61.307,31.978,,0.000,none
2026-03-16T10:39:56,-61.316,32.258,,0.000,none
2026-03-16T10:39:57,-61.353,32.535,,0.000,none
2026-03-16T10:39:58,-61.416,32.803,,0.000,none
2026-03-16T10:39:59,-61.476,33.031,,0.000,none
2026-03-16T10:40:00,-61.534,33.280,,0.000,none
2026-03-16T10:40:01,-61.583,33.511,,0.000,none
2026-03-16T10:40:02,-61.630,33.762,,0.000,none
2026-03-16T10:40:03,-61.677,34.003,,0.000,none
2026-03-16T10:40:04,-61.728,34.253,,0.000,none
2026-03-16T10:40:05,-61.778,34.494,,0.000,none
2026-03-16T10:40:06,-61.827,34.744,,0.000,none
2026-03-16T10:40:07,-61.867,34.987,,0.000,none
2026-03-16T10:40:08,-61.906,35.249,,0.000,none
2026-03-16T10:40:09,-61.941,35.502,,0.000,none
2026-03-16T10:40:10,-61.979,35.775,,0.000,none
2026-03-16T10:40:11,-61.977,35.783,,0.000,none
2026-03-16T10:40:12,-61.975,35.788,,0.000,none
2026-03-16T10:40:13,-61.963,35.801,,0.000,none
2026-03-16T10:40:14,-61.963,35.801,,0.000,none
2026-03-16T10:40:15,-61.951,35.814,,0.000,none
2026-03-16T10:40:16,-61.708,36.066,,0.000,none
2026-03-16T10:40:17,-61.461,36.313,,0.000,none
2026-03-16T10:40:18,-61.214,36.562,,0.000,none
2026-03-16T10:40:19,-60.976,36.818,,0.000,none
2026-03-16T10:40:20,-60.878,36.909,,0.000,none
2026-03-16T10:40:21,-60.718,37.017,,0.000,none
2026-03-16T10:40:22,-60.496,37.188,,0.000,none
2026-03-16T10:40:23,-60.293,37.380,,0.000,none
2026-03-16T10:40:24,-60.110,37.592,,0.000,none
2026-03-16T10:40:25,-59.980,37.771,,0.000,none
2026-03-16T10:40:26,-59.958,37.818,,0.000,none
2026-03-16T10:40:27,-59.946,37.853,,0.000,none
2026-03-16T10:40:28,-59.946,37.853,,0.000,none
2026-03-16T10:40:29,-59.911,37.970,,0.000,none
2026-03-16T10:40:30,-59.821,38.308,,0.000,none
2026-03-16T10:40:31,-59.747,38.650,,0.000,none
2026-03-16T10:40:32,-59.688,38.995,,0.000,none
2026-03-16T10:40:33,-59.644,39.342,,0.000,none
2026-03-16T10:40:34,-59.614,39.691,,0.000,none
2026-03-16T10:40:35,-59.599,40.041,,0.000,none
2026-03-16T10:40:36,-59.603,40.391,,0.000,none
2026-03-16T10:40:37,-59.626,40.740,,0.000,none
2026-03-16T10:40:38,-59.665,41.088,,0.000,none
2026-03-16T10:40:39,-59.721,41.433,,0.000,none
2026-03-16T10:40:40,-59.794,41.776,,0.000,none
2026-03-16T10:40:41,-59.883,42.114,,0.000,none
2026-03-16T10:40:42,-59.985,42.449,,0.000,none
2026-03-16T10:40:43,-60.099,42.780,,0.000,none
2026-03-16T10:40:44,-60.222,43.107,,0.000,none
2026-03-16T10:40:45,-60.353,43.432,,0.000,none
2026-03-16T10:40:46,-60.493,43.753,,0.000,none
2026-03-16T10:40:47,-60.604,43.987,,0.000,none
2026-03-16T10:40:48,-60.685,44.107,,0.000,none
2026-03-16T10:40:49,-60.770,44.195,,0.000,none
2026-03-16T10:40:50,-60.990,44.368,,0.000,none
2026-03-16T10:40:51,-61.226,44.519,,0.000,none
2026-03-16T10:40:52,-61.476,44.645,,0.000,none
2026-03-16T10:40:53,-61.737,44.745,,0.000,none
2026-03-16T10:40:54,-62.007,44.819,,0.000,none
2026-03-16T10:40:55,-62.243,44.864,,0.000,none
2026-03-16T10:40:56,-62.272,44.877,,0.000,none
2026-03-16T10:40:57,-62.310,44.907,,0.000,none
2026-03-16T10:40:58,-62.341,44.939,,0.000,none
2026-03-16T10:40:59,-62.341,44.939,,0.000,none
2026-03-16T10:41:00,-62.398,45.004,,0.000,none
2026-03-16T10:41:01,-62.563,45.204,,0.000,none
2026-03-16T10:41:02,-62.624,45.310,,0.000,none
2026-03-16T10:41:03,-62.742,45.547,,0.000,none
2026-03-16T10:41:04,-62.890,45.784,,0.000,none
2026-03-16T10:41:05,-63.062,46.005,,0.000,none
2026-03-16T10:41:06,-63.254,46.208,,0.000,none
2026-03-16T10:41:07,-63.466,46.391,,0.000,none
2026-03-16T10:41:08,-63.591,46.486,,0.000,none
2026-03-16T10:41:09,-63.591,46.486,,0.000,none
2026-03-16T10:41:10,-63.688,46.561,,0.000,none
2026-03-16T10:41:11,-63.959,46.782,,0.000,none
2026-03-16T10:41:12,-64.227,47.008,,0.000,none
2026-03-16T10:41:13,-64.491,47.238,,0.000,none
2026-03-16T10:41:14,-64.753,47.469,,0.000,none
2026-03-16T10:41:15,-65.016,47.700,,0.000,none
2026-03-16T10:41:16,-65.282,47.927,,0.000,none
2026-03-16T10:41:17,-65.553,48.149,,0.000,none
2026-03-16T10:41:18,-65.831,48.362,,0.000,none
2026-03-16T10:41:19,-66.117,48.565,,0.000,none
2026-03-16T10:41:20,-66.409,48.756,,0.000,none
2026-03-16T10:41:21,-66.710,48.935,,0.000,none
2026-03-16T10:41:22,-67.017,49.104,,0.000,none
2026-03-16T10:41:23,-67.329,49.262,,0.000,none
2026-03-16T10:41:24,-67.646,49.410,,0.000,none
2026-03-16T10:41:25,-67.968,49.549,,0.000,none
2026-03-16T10:41:26,-68.293,49.676,,0.000,none
2026-03-16T10:41:27,-68.623,49.793,,0.000,none
2026-03-16T10:41:28,-68.957,49.898,,0.000,none
2026-03-16T10:41:29,-69.294,49.994,,0.000,none
2026-03-16T10:41:30,-69.633,50.081,,0.000,none
2026-03-16T10:41:31,-69.974,50.160,,0.000,none
2026-03-16T10:41:32,-70.316,50.235,,0.000,none
2026-03-16T10:41:33,-70.659,50.304,,0.000,none
2026-03-16T10:41:34,-71.003,50.369,,0.000,none
2026-03-16T10:41:35,-71.347,50.430,,0.000,none
2026-03-16T10:41:36,-71.693,50.486,,0.000,none
2026-03-16T10:41:37,-72.039,50.539,,0.000,none
2026-03-16T10:41:38,-72.385,50.589,,0.000,none
2026-03-16T10:41:39,-72.732,50.638,,0.000,none
2026-03-16T10:41:40,-73.078,50.686,,0.000,none
2026-03-16T10:41:41,-73.425,50.733,,0.000,none
2026-03-16T10:41:42,-73.772,50.779,,0.000,none
2026-03-16T10:41:43,-74.119,50.826,,0.000,none
2026-03-16T10:41:44,-74.466,50.872,,0.000,none
2026-03-16T10:41:45,-74.813,50.919,,0.000,none
2026-03-16T10:41:46,-75.160,50.965,,0.000,none
2026-03-16T10:41:47,-75.507,51.011,,0.000,none
2026-03-16T10:41:48,-75.854,51.057,,0.000,none
2026-03-16T10:41:49,-76.201,51.102,,0.000,none
2026-03-16T10:41:50,-76.548,51.147,,0.000,none
2026-03-16T10:41:51,-76.895,51.192,,0.000,none
2026-03-16T10:41:52,-77.242,51.238,,0.000,none
2026-03-16T10:41:53,-77.589,51.285,,0.000,none
2026-03-16T10:41:54,-77.936,51.332,,0.000,none
2026-03-16T10:41:55,-78.282,51.379,,0.000,none
2026-03-16T10:41:56,-78.629,51.426,,0.000,none
2026-03-16T10:41:57,-78.976,51.471,,0.000,none
2026-03-16T10:41:58,-79.323,51.516,,0.000,none
2026-03-16T10:41:59,-79.671,51.559,,0.000,none
2026-03-16T10:42:00,-80.018,51.602,,0.000,none
2026-03-16T10:42:01,-80.366,51.642,,0.000,none
2026-03-16T10:42:02,-80.714,51.681,,0.000,none
2026-03-16T10:42:03,-81.062,51.719,,0.000,none
2026-03-16T10:42:04,-81.410,51.754,,0.000,none
2026-03-16T10:42:05,-81.758,51.787,,0.000,none
2026-03-16T10:42:06,-82.107,51.819,,0.000,none
2026-03-16T10:42:07,-82.456,51.849,,0.000,none
2026-03-16T10:42:08,-82.804,51.877,,0.000,none
2026-03-16T10:42:09,-83.153,51.903,,0.000,none
2026-03-16T10:42:10,-83.503,51.926,,0.000,none
2026-03-16T10:42:11,-83.852,51.948,,0.000,none
2026-03-16T10:42:12,-84.201,51.968,,0.000,none
2026-03-16T10:42:13,-84.551,51.986,,0.000,none
2026-03-16T10:42:14,-84.901,52.002,,0.000,none
2026-03-16T10:42:15,-85.250,52.016,,0.000,none
2026-03-16T10:42:16,-85.600,52.029,,0.000,none
2026-03-16T10:42:17,-85.950,52.040,,0.000,none
2026-03-16T10:42:18,-86.300,52.051,,0.000,none
2026-03-16T10:42:19,-86.650,52.061,,0.000,none
2026-03-16T10:42:20,-86.999,52.070,,0.000,none
2026-03-16T10:42:21,-87.349,52.078,,0.000,none
2026-03-16T10:42:22,-87.699,52.086,,0.000,none
2026-03-16T10:42:23,-88.049,52.094,,0.000,none
2026-03-16T10:42:24,-88.399,52.101,,0.000,none
2026-03-16T10:42:25,-88.749,52.108,,0.000,none
2026-03-16T10:42:26,-89.099,52.115,,0.000,none
2026-03-16T10:42:27,-89.449,52.122,,0.000,none
2026-03-16T10:42:28,-89.799,52.130,,0.000,none
2026-03-16T10:42:29,-90.149,52.137,,0.000,none
2026-03-16T10:42:30,-90.499,52.145,,0.000,none
2026-03-16T10:42:31,-90.849,52.152,,0.000,none
2026-03-16T10:42:32,-91.199,52.160,,0.000,none
2026-03-16T10:42:33,-91.548,52.171,,0.000,none
2026-03-16T10:42:34,-91.898,52.188,,0.000,none
2026-03-16T10:42:35,-92.247,52.209,,0.000,none
2026-03-16T10:42:36,-92.597,52.225,,0.000,none
2026-03-16T10:42:37,-92.946,52.243,,0.000,none
2026-03-16T10:42:38,-93.296,52.263,,0.000,none
2026-03-16T10:42:39,-93.646,52.279,,0.000,none
2026-03-16T10:42:40,-93.995,52.291,,0.000,none
2026-03-16T10:42:41,-94.345,52.300,,0.000,none
2026-03-16T10:42:42,-94.695,52.307,,0.000,none
2026-03-16T10:42:43,-95.045,52.311,,0.000,none
2026-03-16T10:42:44,-95.395,52.313,,0.000,none
2026-03-16T10:42:45,-95.745,52.313,,0.000,none
2026-03-16T10:42:46,-96.095,52.311,,0.000,none
2026-03-16T10:42:47,-96.445,52.309,,0.000,none
2026-03-16T10:42:48,-96.795,52.305,,0.000,none
2026-03-16T10:42:49,-97.145,52.301,,0.000,none
2026-03-16T10:42:50,-97.495,52.296,,0.000,none
2026-03-16T10:42:51,-97.845,52.291,,0.000,none
2026-03-16T10:42:52,-98.195,52.286,,0.000,none
2026-03-16T10:42:53,-98.545,52.281,,0.000,none
2026-03-16T10:42:54,-98.895,52.276,,0.000,none
2026-03-16T10:42:55,-99.245,52.271,,0.000,none
2026-03-16T10:42:56,-99.595,52.266,,0.000,none
2026-03-16T10:42:57,-99.945,52.261,,0.000,none
2026-03-16T10:42:58,-100.295,52.256,,0.000,none
2026-03-16T10:42:59,-100.645,52.253,,0.000,none
2026-03-16T10:43:00,-100.995,52.251,,0.000,none
2026-03-16T10:43:01,-101.345,52.251,,0.000,none
2026-03-16T10:43:02,-101.695,52.252,,0.000,none
2026-03-16T10:43:03,-102.045,52.254,,0.000,none
2026-03-16T10:43:04,-102.395,52.258,,0.000,none
2026-03-16T10:43:05,-102.745,52.264,,0.000,none
2026-03-16T10:43:06,-103.095,52.271,,0.000,none
2026-03-16T10:43:07,-103.444,52.281,,0.000,none
2026-03-16T10:43:08,-103.794,52.295,,0.000,none
2026-03-16T10:43:09,-104.143,52.318,,0.000,none
2026-03-16T10:43:10,-104.492,52.352,,0.000,none
2026-03-16T10:43:11,-104.840,52.385,,0.000,none
2026-03-16T10:43:12,-105.188,52.422,,0.000,none
2026-03-16T10:43:13,-105.536,52.463,,0.000,none
2026-03-16T10:43:14,-105.883,52.505,,0.000,none
2026-03-16T10:43:15,-106.231,52.548,,0.000,none
2026-03-16T10:43:16,-106.578,52.593,,0.000,none
2026-03-16T10:43:17,-106.924,52.643,,0.000,none
2026-03-16T10:43:18,-107.270,52.695,,0.000,none
2026-03-16T10:43:19,-107.616,52.750,,0.000,none
2026-03-16T10:43:20,-107.961,52.809,,0.000,none
2026-03-16T10:43:21,-108.305,52.872,,0.000,none
2026-03-16T10:43:22,-108.648,52.940,,0.000,none
2026-03-16T10:43:23,-108.991,53.014,,0.000,none
2026-03-16T10:43:24,-109.332,53.092,,0.000,none
2026-03-16T10:43:25,-109.671,53.176,,0.000,none
2026-03-16T10:43:26,-110.010,53.266,,0.000,none
2026-03-16T10:43:27,-110.347,53.361,,0.000,none
2026-03-16T10:43:28,-110.683,53.459,,0.000,none
2026-03-16T10:43:29,-111.018,53.559,,0.000,none
2026-03-16T10:43:30,-111.352,53.663,,0.000,none
2026-03-16T10:43:31,-111.685,53.772,,0.000,none
2026-03-16T10:43:32,-112.016,53.885,,0.000,none
2026-03-16T10:43:33,-112.346,54.002,,0.000,none
2026-03-16T10:43:34,-112.674,54.123,,0.000,none
2026-03-16T10:43:35,-113.002,54.247,,0.000,none
2026-03-16T10:43:36,-113.327,54.375,,0.000,none
2026-03-16T10:43:37,-113.652,54.506,,0.000,none
2026-03-16T10:43:38,-113.976,54.639,,0.000,none
2026-03-16T10:43:39,-114.298,54.775,,0.000,none
2026-03-16T10:43:40,-114.620,54.913,,0.000,none
2026-03-16T10:43:41,-114.940,55.053,,0.000,none
2026-03-16T10:43:42,-115.259,55.198,,0.000,none
2026-03-16T10:43:43,-115.576,55.346,,0.000,none
2026-03-16T10:43:44,-115.890,55.501,,0.000,none
2026-03-16T10:43:45,-116.201,55.662,,0.000,none
2026-03-16T10:43:46,-116.509,55.828,,0.000,none
2026-03-16T10:43:47,-116.814,56.000,,0.000,none
2026-03-16T10:43:48,-117.115,56.178,,0.000,none
2026-03-16T10:43:49,-117.414,56.361,,0.000,none
2026-03-16T10:43:50,-117.709,56.549,,0.000,none
2026-03-16T10:43:51,-118.000,56.743,,0.000,none
2026-03-16T10:43:52,-118.287,56.944,,0.000,none
2026-03-16T10:43:53,-118.568,57.152,,0.000,none
2026-03-16T10:43:54,-118.844,57.367,,0.000,none
2026-03-16T10:43:55,-119.115,57.589,,0.000,none
2026-03-16T10:43:56,-119.380,57.817,,0.000,none
2026-03-16T10:43:57,-119.640,58.051,,0.000,none
2026-03-16T10:43:58,-119.896,58.291,,0.000,none
2026-03-16T10:43:59,-120.146,58.536,,0.000,none
2026-03-16T10:44:00,-120.390,58.787,,0.000,none
2026-03-16T10:44:01,-120.627,59.044,,0.000,none
2026-03-16T10:44:02,-120.857,59.308,,0.000,none
2026-03-16T10:44:03,-121.077,59.580,,0.000,none
2026-03-16T10:44:04,-121.282,59.863,,0.000,none
2026-03-16T10:44:05,-121.476,60.155,,0.000,none
2026-03-16T10:44:06,-121.658,60.453,,0.000,none
2026-03-16T10:44:07,-121.831,60.758,,0.000,none
2026-03-16T10:44:08,-121.995,61.067,,0.000,none
2026-03-16T10:44:09,-122.150,61.381,,0.000,none
2026-03-16T10:44:10,-122.296,61.699,,0.000,none
2026-03-16T10:44:11,-122.434,62.021,,0.000,none
2026-03-16T10:44:12,-122.563,62.346,,0.000,none
2026-03-16T10:44:13,-122.685,62.674,,0.000,none
2026-03-16T10:44:14,-122.804,63.003,,0.000,none
2026-03-16T10:44:15,-122.919,63.334,,0.000,none
2026-03-16T10:44:16,-123.030,63.665,,0.000,none
2026-03-16T10:44:17,-123.138,63.999,,0.000,none
2026-03-16T10:44:18,-123.240,64.333,,0.000,none
2026-03-16T10:44:19,-123.338,64.669,,0.000,none
2026-03-16T10:44:20,-123.431,65.007,,0.000,none
2026-03-16T10:44:21,-123.520,65.345,,0.000,none
2026-03-16T10:44:22,-123.609,65.684,,0.000,none
2026-03-16T10:44:23,-123.694,66.023,,0.000,none
2026-03-16T10:44:24,-123.777,66.363,,0.000,none
2026-03-16T10:44:25,-123.857,66.704,,0.000,none
2026-03-16T10:44:26,-123.935,67.045,,0.000,none
2026-03-16T10:44:27,-124.011,67.387,,0.000,none
2026-03-16T10:44:28,-124.084,67.729,,0.000,none
2026-03-16T10:44:29,-124.156,68.072,,0.000,none
2026-03-16T10:44:30,-124.226,68.414,,0.000,none
2026-03-16T10:44:31,-124.296,68.757,,0.000,none
2026-03-16T10:44:32,-124.366,69.101,,0.000,none
2026-03-16T10:44:33,-124.434,69.444,,0.000,none
2026-03-16T10:44:34,-124.501,69.787,,0.000,none
2026-03-16T10:44:35,-124.569,70.131,,0.000,none
2026-03-16T10:44:36,-124.635,70.474,,0.000,none
2026-03-16T10:44:37,-124.702,70.818,,0.000,none
2026-03-16T10:44:38,-124.768,71.161,,0.000,none
2026-03-16T10:44:39,-124.835,71.505,,0.000,none
2026-03-16T10:44:40,-124.903,71.848,,0.000,none
2026-03-16T10:44:41,-124.971,72.192,,0.000,none
2026-03-16T10:44:42,-125.041,72.535,,0.000,none
2026-03-16T10:44:43,-125.112,72.877,,0.000,none
2026-03-16T10:44:44,-125.184,73.220,,0.000,none
2026-03-16T10:44:45,-125.258,73.562,,0.000,none
2026-03-16T10:44:46,-125.332,73.904,,0.000,none
2026-03-16T10:44:47,-125.408,74.246,,0.000,none
2026-03-16T10:44:48,-125.485,74.587,,0.000,none
2026-03-16T10:44:49,-125.564,74.928,,0.000,none
2026-03-16T10:44:50,-125.644,75.269,,0.000,none
2026-03-16T10:44:51,-125.725,75.609,,0.000,none
2026-03-16T10:44:52,-125.807,75.950,,0.000,none
2026-03-16T10:44:53,-125.890,76.290,,0.000,none
2026-03-16T10:44:54,-125.973,76.630,,0.000,none
2026-03-16T10:44:55,-126.058,76.969,,0.000,none
2026-03-16T10:44:56,-126.142,77.309,,0.000,none
2026-03-16T10:44:57,-126.227,77.648,,0.000,none
2026-03-16T10:44:58,-126.312,77.988,,0.000,none
2026-03-16T10:44:59,-126.396,78.328,,0.000,none
2026-03-16T10:45:00,-126.480,78.667,,0.000,none
2026-03-16T10:45:01,-126.564,79.007,,0.000,none
2026-03-16T10:45:02,-126.647,79.347,,0.000,none
2026-03-16T10:45:03,-126.730,79.687,,0.000,none
2026-03-16T10:45:04,-126.813,80.027,,0.000,none
2026-03-16T10:45:05,-126.895,80.368,,0.000,none
2026-03-16T10:45:06,-126.977,80.708,,0.000,none
2026-03-16T10:45:07,-127.058,81.048,,0.000,none
2026-03-16T10:45:08,-127.139,81.389,,0.000,none
2026-03-16T10:45:09,-127.219,81.730,,0.000,none
2026-03-16T10:45:10,-127.299,82.070,,0.000,none
2026-03-16T10:45:11,-127.378,82.411,,0.000,none
2026-03-16T10:45:12,-127.457,82.752,,0.000,none
2026-03-16T10:45:13,-127.536,83.093,,0.000,none
2026-03-16T10:45:14,-127.614,83.434,,0.000,none
2026-03-16T10:45:15,-127.693,83.775,,0.000,none
2026-03-16T10:45:16,-127.773,84.116,,0.000,none
2026-03-16T10:45:17,-127.853,84.457,,0.000,none
2026-03-16T10:45:18,-127.934,84.797,,0.000,none
2026-03-16T10:45:19,-128.015,85.138,,0.000,none
2026-03-16T10:45:20,-128.098,85.478,,0.000,none
2026-03-16T10:45:21,-128.180,85.818,,0.000,none
2026-03-16T10:45:22,-128.264,86.158,,0.000,none
2026-03-16T10:45:23,-128.350,86.497,,0.000,none
2026-03-16T10:45:24,-128.435,86.837,,0.000,none
2026-03-16T10:45:25,-128.521,87.176,,0.000,none
2026-03-16T10:45:26,-128.608,87.515,,0.000,none
2026-03-16T10:45:27,-128.696,87.854,,0.000,none
2026-03-16T10:45:28,-128.785,88.192,,0.000,none
2026-03-16T10:45:29,-128.875,88.530,,0.000,none
2026-03-16T10:45:30,-128.967,88.868,,0.000,none
2026-03-16T10:45:31,-129.060,89.206,,0.000,none
2026-03-16T10:45:32,-129.154,89.543,,0.000,none
2026-03-16T10:45:33,-129.248,89.880,,0.000,none
2026-03-16T10:45:34,-129.343,90.217,,0.000,none
2026-03-16T10:45:35,-129.437,90.554,,0.000,none
2026-03-16T10:45:36,-129.531,90.891,,0.000,none
2026-03-16T10:45:37,-129.624,91.228,,0.000,none
2026-03-16T10:45:38,-129.717,91.566,,0.000,none
2026-03-16T10:45:39,-129.810,91.903,,0.000,none
2026-03-16T10:45:40,-129.903,92.241,,0.000,none
2026-03-16T10:45:41,-129.994,92.579,,0.000,none
2026-03-16T10:45:42,-130.086,92.916,,0.000,none
2026-03-16T10:45:43,-130.178,93.254,,0.000,none
2026-03-16T10:45:44,-130.268,93.592,,0.000,none
2026-03-16T10:45:45,-130.358,93.931,,0.000,none
2026-03-16T10:45:46,-130.446,94.269,,0.000,none
2026-03-16T10:45:47,-130.533,94.608,,0.000,none
2026-03-16T10:45:48,-130.620,94.947,,0.000,none
2026-03-16T10:45:49,-130.705,95.287,,0.000,none
2026-03-16T10:45:50,-130.792,95.626,,0.000,none
2026-03-16T10:45:51,-130.881,95.964,,0.000,none
2026-03-16T10:45:52,-130.972,96.302,,0.000,none
2026-03-16T10:45:53,-131.064,96.640,,0.000,none
2026-03-16T10:45:54,-131.155,96.978,,0.000,none
2026-03-16T10:45:55,-131.248,97.315,,0.000,none
2026-03-16T10:45:56,-131.343,97.652,,0.000,none
2026-03-16T10:45:57,-131.440,97.988,,0.000,none
2026-03-16T10:45:58,-131.543,98.323,,0.000,none
2026-03-16T10:45:59,-131.651,98.656,,0.000,none
2026-03-16T10:46:00,-131.764,98.987,,0.000,none
2026-03-16T10:46:01,-131.880,99.318,,0.000,none
2026-03-16T10:46:02,-131.999,99.646,,0.000,none
2026-03-16T10:46:03,-132.123,99.974,,0.000,none
2026-03-16T10:46:04,-132.251,100.300,,0.000,none
2026-03-16T10:46:05,-132.384,100.623,,0.000,none
2026-03-16T10:46:06,-132.523,100.944,,0.000,none
2026-03-16T10:46:07,-132.670,101.262,,0.000,none
2026-03-16T10:46:08,-132.827,101.575,,0.000,none
2026-03-16T10:46:09,-132.994,101.882,,0.000,none
2026-03-16T10:46:10,-133.172,102.184,,0.000,none
2026-03-16T10:46:11,-133.359,102.480,,0.000,none
2026-03-16T10:46:12,-133.555,102.770,,0.000,none
2026-03-16T10:46:13,-133.759,103.054,,0.000,none
2026-03-16T10:46:14,-133.973,103.331,,0.000,none
2026-03-16T10:46:15,-134.195,103.601,,0.000,none
2026-03-16T10:46:16,-134.428,103.863,,0.000,none
2026-03-16T10:46:17,-134.671,104.115,,0.000,none
2026-03-16T10:46:18,-134.924,104.357,,0.000,none
2026-03-16T10:46:19,-135.186,104.588,,0.000,none
2026-03-16T10:46:20,-135.456,104.811,,0.000,none
2026-03-16T10:46:21,-135.733,105.025,,0.000,none
2026-03-16T10:46:22,-136.017,105.230,,0.000,none
2026-03-16T10:46:23,-136.307,105.425,,0.000,none
2026-03-16T10:46:24,-136.604,105.611,,0.000,none
2026-03-16T10:46:25,-136.910,105.779,,0.000,none
2026-03-16T10:46:26,-137.227,105.927,,0.000,none
2026-03-16T10:46:27,-137.552,106.058,,0.000,none
2026-03-16T10:46:28,-137.882,106.175,,0.000,none
2026-03-16T10:46:29,-138.215,106.283,,0.000,none
2026-03-16T10:46:30,-138.550,106.384,,0.000,none
2026-03-16T10:46:31,-138.887,106.478,,0.000,none
2026-03-16T10:46:32,-139.226,106.567,,0.000,none
2026-03-16T10:46:33,-139.566,106.650,,0.000,none
2026-03-16T10:46:34,-139.907,106.727,,0.000,none
2026-03-16T10:46:35,-140.250,106.798,,0.000,none
2026-03-16T10:46:36,-140.594,106.864,,0.000,none
2026-03-16T10:46:37,-140.938,106.925,,0.000,none
2026-03-16T10:46:38,-141.283,106.985,,0.000,none
2026-03-16T10:46:39,-141.628,107.043,,0.000,none
2026-03-16T10:46:40,-141.974,107.100,,0.000,none
2026-03-16T10:46:41,-142.319,107.156,,0.000,none
2026-03-16T10:46:42,-142.665,107.209,,0.000,none
2026-03-16T10:46:43,-143.011,107.261,,0.000,none
2026-03-16T10:46:44,-143.358,107.311,,0.000,none
2026-03-16T10:46:45,-143.704,107.360,,0.000,none
2026-03-16T10:46:46,-144.051,107.410,,0.000,none
2026-03-16T10:46:47,-144.397,107.459,,0.000,none
2026-03-16T10:46:48,-144.744,107.507,,0.000,none
2026-03-16T10:46:49,-145.090,107.555,,0.000,none
2026-03-16T10:46:50,-145.437,107.602,,0.000,none
2026-03-16T10:46:51,-145.784,107.648,,0.000,none
2026-03-16T10:46:52,-146.131,107.694,,0.000,none
2026-03-16T10:46:53,-146.478,107.740,,0.000,none
2026-03-16T10:46:54,-146.825,107.784,,0.000,none
2026-03-16T10:46:55,-147.172,107.829,,0.000,none
2026-03-16T10:46:56,-147.519,107.876,,0.000,none
2026-03-16T10:46:57,-147.866,107.924,,0.000,none
2026-03-16T10:46:58,-148.213,107.972,,0.000,none
2026-03-16T10:46:59,-148.559,108.021,,0.000,none
2026-03-16T10:47:00,-148.906,108.070,,0.000,none
2026-03-16T10:47:01,-149.252,108.119,,0.000,none
2026-03-16T10:47:02,-149.599,108.167,,0.000,none
2026-03-16T10:47:03,-149.946,108.215,,0.000,none
2026-03-16T10:47:04,-150.293,108.261,,0.000,none
2026-03-16T10:47:05,-150.640,108.306,,0.000,none
2026-03-16T10:47:06,-150.987,108.348,,0.000,none
2026-03-16T10:47:07,-151.335,108.387,,0.000,none
2026-03-16T10:47:08,-151.683,108.422,,0.000,none
2026-03-16T10:47:09,-152.032,108.453,,0.000,none
2026-03-16T10:47:10,-152.381,108.481,,0.000,none
2026-03-16T10:47:11,-152.628,108.500,,0.000,none
2026-03-16T10:47:12,-152.746,108.529,,0.000,none
2026-03-16T10:47:13,-153.016,108.605,,0.000,none
2026-03-16T10:47:14,-153.292,108.653,,0.000,none
2026-03-16T10:47:15,-153.571,108.674,,0.000,none
2026-03-16T10:47:16,-153.851,108.666,,0.000,none
2026-03-16T10:47:17,-154.128,108.631,,0.000,none
2026-03-16T10:47:18,-154.401,108.568,,0.000,none
2026-03-16T10:47:19,-154.666,108.478,,0.000,none
2026-03-16T10:47:20,-154.921,108.362,,0.000,none
2026-03-16T10:47:21,-155.163,108.222,,0.000,none
2026-03-16T10:47:22,-155.248,108.169,,0.000,none
2026-03-16T10:47:23,-155.279,108.164,,0.000,none
2026-03-16T10:47:24,-155.332,108.164,,0.000,none
2026-03-16T10:47:25,-155.370,108.168,,0.000,none
2026-03-16T10:47:26,-155.370,108.168,,0.000,none
2026-03-16T10:47:27,-155.457,108.181,,0.000,none
2026-03-16T10:47:28,-155.610,108.214,,0.000,none
2026-03-16T10:47:29,-155.782,108.283,,0.000,none
2026-03-16T10:47:30,-156.047,108.372,,0.000,none
2026-03-16T10:47:31,-156.320,108.433,,0.000,none
2026-03-16T10:47:32,-156.598,108.468,,0.000,none
2026-03-16T10:47:33,-156.878,108.474,,0.000,none
2026-03-16T10:47:34,-157.157,108.452,,0.000,none
2026-03-16T10:47:35,-157.433,108.403,,0.000,none
2026-03-16T10:47:36,-157.702,108.326,,0.000,none
2026-03-16T10:47:37,-157.962,108.223,,0.000,none
2026-03-16T10:47:38,-158.211,108.094,,0.000,none
2026-03-16T10:47:39,-158.309,108.038,,0.000,none
2026-03-16T10:47:40,-158.332,108.034,,0.000,none
2026-03-16T10:47:41,-158.384,108.036,,0.000,none
2026-03-16T10:47:42,-158.428,108.042,,0.000,none
2026-03-16T10:47:43,-158.428,108.042,,0.000,none
2026-03-16T10:47:44,-158.513,108.060,,0.000,none
2026-03-16T10:47:45,-158.687,108.102,,0.000,none
2026-03-16T10:47:46,-158.834,108.170,,0.000,none
2026-03-16T10:47:47,-159.092,108.278,,0.000,none
2026-03-16T10:47:48,-159.360,108.360,,0.000,none
2026-03-16T10:47:49,-159.635,108.415,,0.000,none
2026-03-16T10:47:50,-159.913,108.442,,0.000,none
2026-03-16T10:47:51,-160.193,108.441,,0.000,none
2026-03-16T10:47:52,-160.471,108.412,,0.000,none
2026-03-16T10:47:53,-160.746,108.355,,0.000,none
2026-03-16T10:47:54,-161.013,108.272,,0.000,none
2026-03-16T10:47:55,-161.270,108.162,,0.000,none
2026-03-16T10:47:56,-161.413,108.093,,0.000,none
2026-03-16T10:47:57,-161.435,108.092,,0.000,none
2026-03-16T10:47:58,-161.458,108.093,,0.000,none
2026-03-16T10:47:59,-161.470,108.099,,0.000,none
2026-03-16T10:48:00,-161.728,108.207,,0.000,none
2026-03-16T10:48:01,-161.995,108.290,,0.000,none
2026-03-16T10:48:02,-162.270,108.345,,0.000,none
2026-03-16T10:48:03,-162.548,108.373,,0.000,none
2026-03-16T10:48:04,-162.828,108.373,,0.000,none
2026-03-16T10:48:05,-163.107,108.344,,0.000,none
2026-03-16T10:48:06,-163.381,108.288,,0.000,none
2026-03-16T10:48:07,-163.649,108.205,,0.000,none
2026-03-16T10:48:08,-163.906,108.096,,0.000,none
2026-03-16T10:48:09,-163.959,108.073,,0.000,none
2026-03-16T10:48:10,-163.984,108.073,,0.000,none
2026-03-16T10:48:11,-164.025,108.080,,0.000,none
2026-03-16T10:48:12,-164.027,108.081,,0.000,none
2026-03-16T10:48:13,-164.129,108.156,,0.000,none
2026-03-16T10:48:14,-164.366,108.305,,0.000,none
2026-03-16T10:48:15,-164.617,108.429,,0.000,none
2026-03-16T10:48:16,-164.879,108.528,,0.000,none
2026-03-16T10:48:17,-165.149,108.600,,0.000,none
2026-03-16T10:48:18,-165.425,108.645,,0.000,none
2026-03-16T10:48:19,-165.705,108.662,,0.000,none
2026-03-16T10:48:20,-165.984,108.651,,0.000,none
2026-03-16T10:48:21,-166.262,108.612,,0.000,none
2026-03-16T10:48:22,-166.533,108.545,,0.000,none
2026-03-16T10:48:23,-166.798,108.454,,0.000,none
2026-03-16T10:48:24,-166.905,108.417,,0.000,none
2026-03-16T10:48:25,-166.905,108.417,,0.000,none
2026-03-16T10:48:26,-167.185,108.436,,0.000,none
2026-03-16T10:48:27,-167.464,108.427,,0.000,none
2026-03-16T10:48:28,-167.742,108.391,,0.000,none
2026-03-16T10:48:29,-167.784,108.386,,0.000,none
2026-03-16T10:48:30,-167.799,108.391,,0.000,none
2026-03-16T10:48:31,-167.806,108.393,,0.000,none
2026-03-16T10:48:32,-167.891,108.466,,0.000,none
2026-03-16T10:48:33,-168.115,108.634,,0.000,none
2026-03-16T10:48:34,-168.355,108.778,,0.000,none
2026-03-16T10:48:35,-168.608,108.897,,0.000,none
2026-03-16T10:48:36,-168.872,108.991,,0.000,none
2026-03-16T10:48:37,-169.143,109.058,,0.000,none
2026-03-16T10:48:38,-169.421,109.097,,0.000,none
2026-03-16T10:48:39,-169.700,109.109,,0.000,none
2026-03-16T10:48:40,-169.980,109.092,,0.000,none
2026-03-16T10:48:41,-170.256,109.051,,0.000,none
2026-03-16T10:48:42,-170.257,109.051,,0.000,none
2026-03-16T10:48:43,-170.380,109.080,,0.000,none
2026-03-16T10:48:44,-170.655,109.132,,0.000,none
2026-03-16T10:48:45,-170.663,109.134,,0.000,none
2026-03-16T10:48:46,-170.744,109.189,,0.000,none
2026-03-16T10:48:47,-170.986,109.329,,0.000,none
2026-03-16T10:48:48,-171.242,109.444,,0.000,none
2026-03-16T10:48:49,-171.507,109.532,,0.000,none
2026-03-16T10:48:50,-171.780,109.594,,0.000,none
2026-03-16T10:48:51,-172.058,109.629,,0.000,none
2026-03-16T10:48:52,-172.337,109.647,,0.000,none
2026-03-16T10:48:53,-172.617,109.637,,0.000,none
2026-03-16T10:48:54,-172.897,109.629,,0.000,none
2026-03-16T10:48:55,-172.942,109.631,,0.000,none
2026-03-16T10:48:56,-172.977,109.649,,0.000,none
2026-03-16T10:48:57,-173.022,109.684,,0.000,none
2026-03-16T10:48:58,-173.022,109.684,,0.000,none
2026-03-16T10:48:59,-173.022,109.684,,0.000,none
2026-03-16T10:49:00,-173.270,109.906,,0.000,none
2026-03-16T10:49:01,-173.484,110.106,,0.000,none
2026-03-16T10:49:02,-173.561,110.201,,0.000,none
2026-03-16T10:49:03,-173.695,110.401,,0.000,none
2026-03-16T10:49:04,-173.871,110.618,,0.000,none
2026-03-16T10:49:05,-174.069,110.817,,0.000,none
2026-03-16T10:49:06,-174.285,110.995,,0.000,none
2026-03-16T10:49:07,-174.517,111.150,,0.000,none
2026-03-16T10:49:08,-174.764,111.282,,0.000,none
2026-03-16T10:49:09,-175.023,111.388,,0.000,none
2026-03-16T10:49:10,-175.291,111.468,,0.000,none
2026-03-16T10:49:11,-175.566,111.521,,0.000,none
2026-03-16T10:49:12,-175.845,111.546,,0.000,none
2026-03-16T10:49:13,-176.125,111.543,,0.000,none
2026-03-16T10:49:14,-176.403,111.512,,0.000,none
2026-03-16T10:49:15,-176.663,111.458,,0.000,none
2026-03-16T10:49:16,-176.882,111.428,,0.000,none
2026-03-16T10:49:17,-177.113,111.426,,0.000,none
2026-03-16T10:49:18,-177.333,111.441,,0.000,none
2026-03-16T10:49:19,-177.401,111.452,,0.000,none
2026-03-16T10:49:20,-177.401,111.452,,0.000,none
2026-03-16T10:49:21,-177.587,111.600,,0.000,none
2026-03-16T10:49:22,-177.822,111.753,,0.000,none
2026-03-16T10:49:23,-178.071,111.881,,0.000,none
2026-03-16T10:49:24,-178.331,111.984,,0.000,none
2026-03-16T10:49:25,-178.597,112.071,,0.000,none
2026-03-16T10:49:26,-178.732,112.119,,0.000,none
2026-03-16T10:49:27,-178.733,112.119,,0.000,none
2026-03-16T10:49:28,-178.756,112.154,,0.000,none
2026-03-16T10:49:29,-178.923,112.378,,0.000,none
2026-03-16T10:49:30,-179.112,112.585,,0.000,none
2026-03-16T10:49:31,-179.321,112.771,,0.000,none
2026-03-16T10:49:32,-179.542,112.942,,0.000,none
2026-03-16T10:49:33,-179.777,113.095,,0.000,none
2026-03-16T10:49:34,-180.026,113.224,,0.000,none
2026-03-16T10:49:35,-180.286,113.327,,0.000,none
2026-03-16T10:49:36,-180.555,113.404,,0.000,none
2026-03-16T10:49:37,-180.830,113.453,,0.000,none
2026-03-16T10:49:38,-181.109,113.475,,0.000,none
2026-03-16T10:49:39,-181.327,113.492,,0.000,none
2026-03-16T10:49:40,-181.566,113.548,,0.000,none
2026-03-16T10:49:41,-181.769,113.628,,0.000,none
2026-03-16T10:49:42,-181.945,113.726,,0.000,none
2026-03-16T10:49:43,-182.036,113.789,,0.000,none
2026-03-16T10:49:44,-182.036,113.789,,0.000,none
2026-03-16T10:49:45,-182.188,114.024,,0.000,none
2026-03-16T10:49:46,-182.273,114.139,,0.000,none
2026-03-16T10:49:47,-182.273,114.139,,0.000,none
2026-03-16T10:49:48,-182.320,114.358,,0.000,none
2026-03-16T10:49:49,-182.403,114.626,,0.000,none
2026-03-16T10:49:50,-182.512,114.884,,0.000,none
2026-03-16T10:49:51,-182.646,115.129,,0.000,none
2026-03-16T10:49:52,-182.687,115.202,,0.000,none
2026-03-16T10:49:53,-182.688,115.216,,0.000,none
2026-03-16T10:49:54,-182.717,115.495,,0.000,none
2026-03-16T10:49:55,-182.774,115.769,,0.000,none
2026-03-16T10:49:56,-182.803,115.884,,0.000,none
2026-03-16T10:49:57,-182.803,115.884,,0.000,none
2026-03-16T10:49:58,-182.768,116.147,,0.000,none
2026-03-16T10:49:59,-182.754,116.376,,0.000,none
2026-03-16T10:50:00,-182.743,116.414,,0.000,none
2026-03-16T10:50:01,-182.724,116.453,,0.000,none
2026-03-16T10:50:02,-182.724,116.453,,0.000,none
2026-03-16T10:50:03,-182.683,116.530,,0.000,none
2026-03-16T10:50:04,-182.520,116.840,,0.000,none
2026-03-16T10:50:05,-182.387,117.113,,0.000,none
2026-03-16T10:50:06,-182.383,117.125,,0.000,none
2026-03-16T10:50:07,-182.382,117.137,,0.000,none
2026-03-16T10:50:08,-182.380,117.141,,0.000,none
2026-03-16T10:50:09,-182.380,117.152,,0.000,none
2026-03-16T10:50:10,-182.380,117.152,,0.000,none
2026-03-16T10:50:11,-182.379,117.155,,0.000,none
2026-03-16T10:50:12,-182.378,117.163,,0.000,none
2026-03-16T10:50:13,-182.378,117.163,,0.000,none
2026-03-16T10:50:14,-182.376,117.168,,0.000,none
2026-03-16T10:50:15,-182.376,117.182,,0.000,none
2026-03-16T10:50:16,-182.376,117.184,,0.000,none
2026-03-16T10:50:17,-182.375,117.188,,0.000,none
2026-03-16T10:50:18,-182.375,117.198,,0.000,none
2026-03-16T10:50:19,-182.374,117.203,,0.000,none
2026-03-16T10:50:20,-182.374,117.204,,0.000,none
2026-03-16T10:50:21,-182.375,117.211,,0.000,none
2026-03-16T10:50:22,-182.375,117.211,,0.000,none
2026-03-16T10:50:23,-182.346,117.324,,0.000,none
2026-03-16T10:50:24,-182.346,117.375,,0.000,none
2026-03-16T10:50:25,-182.348,117.394,,0.000,none
2026-03-16T10:50:26,-182.348,117.394,,0.000,none
2026-03-16T10:50:27,-182.372,117.620,,0.000,none
2026-03-16T10:50:28,-182.422,117.966,,0.000,none
2026-03-16T10:50:29,-182.489,118.310,,0.000,none
2026-03-16T10:50:30,-182.573,118.650,,0.000,none
2026-03-16T10:50:31,-182.674,118.985,,0.000,none
2026-03-16T10:50:32,-182.773,119.249,,0.000,none
2026-03-16T10:50:33,-182.801,119.318,,0.000,none
2026-03-16T10:50:34,-182.801,119.318,,0.000,none
2026-03-16T10:50:35,-182.832,119.399,,0.000,none
2026-03-16T10:50:36,-182.942,119.671,,0.000,none
2026-03-16T10:50:37,-183.082,119.992,,0.000,none
2026-03-16T10:50:38,-183.201,120.265,,0.000,none
2026-03-16T10:50:39,-183.206,120.276,,0.000,none
2026-03-16T10:50:40,-183.206,120.276,,0.000,none
2026-03-16T10:50:41,-183.297,120.497,,0.000,none
2026-03-16T10:50:42,-183.412,120.780,,0.000,none
2026-03-16T10:50:43,-183.422,120.806,,0.000,none
2026-03-16T10:50:44,-183.422,120.806,,0.000,none
2026-03-16T10:50:45,-183.469,120.956,,0.000,none
2026-03-16T10:50:46,-183.540,121.160,,0.000,none
2026-03-16T10:50:47,-183.541,121.163,,0.000,none
2026-03-16T10:50:48,-183.541,121.163,,0.000,none
2026-03-16T10:50:49,-183.642,121.480,,0.000,none
2026-03-16T10:50:50,-183.733,121.734,,0.000,none
2026-03-16T10:50:51,-183.851,122.003,,0.000,none
2026-03-16T10:50:52,-184.002,122.306,,0.000,none
2026-03-16T10:50:53,-184.164,122.616,,0.000,none
2026-03-16T10:50:54,-184.333,122.922,,0.000,none
2026-03-16T10:50:55,-184.508,123.226,,0.000,none
2026-03-16T10:50:56,-184.688,123.525,,0.000,none
2026-03-16T10:50:57,-184.874,123.822,,0.000,none
2026-03-16T10:50:58,-185.063,124.117,,0.000,none
2026-03-16T10:50:59,-185.257,124.408,,0.000,none
2026-03-16T10:51:00,-185.455,124.697,,0.000,none
2026-03-16T10:51:01,-185.656,124.984,,0.000,none
2026-03-16T10:51:02,-185.860,125.268,,0.000,none
2026-03-16T10:51:03,-186.067,125.550,,0.000,none
2026-03-16T10:51:04,-186.277,125.830,,0.000,none
2026-03-16T10:51:05,-186.490,126.108,,0.000,none
2026-03-16T10:51:06,-186.705,126.384,,0.000,none
2026-03-16T10:51:07,-186.923,126.657,,0.000,none
2026-03-16T10:51:08,-187.144,126.929,,0.000,none
2026-03-16T10:51:09,-187.368,127.198,,0.000,none
2026-03-16T10:51:10,-187.594,127.465,,0.000,none
2026-03-16T10:51:11,-187.823,127.730,,0.000,none
2026-03-16T10:51:12,-188.055,127.992,,0.000,none
2026-03-16T10:51:13,-188.289,128.252,,0.000,none
2026-03-16T10:51:14,-188.526,128.510,,0.000,none
2026-03-16T10:51:15,-188.765,128.765,,0.000,none
2026-03-16T10:51:16,-189.007,129.018,,0.000,none
2026-03-16T10:51:17,-189.252,129.269,,0.000,none
2026-03-16T10:51:18,-189.499,129.517,,0.000,none
2026-03-16T10:51:19,-189.748,129.762,,0.000,none
2026-03-16T10:51:20,-189.999,130.006,,0.000,none
2026-03-16T10:51:21,-190.253,130.247,,0.000,none
2026-03-16T10:51:22,-190.509,130.486,,0.000,none
2026-03-16T10:51:23,-190.766,130.723,,0.000,none
2026-03-16T10:51:24,-191.025,130.958,,0.000,none
2026-03-16T10:51:25,-191.286,131.192,,0.000,none
2026-03-16T10:51:26,-191.548,131.423,,0.000,none
2026-03-16T10:51:27,-191.813,131.653,,0.000,none
2026-03-16T10:51:28,-192.078,131.881,,0.000,none
2026-03-16T10:51:29,-192.346,132.106,,0.000,none
2026-03-16T10:51:30,-192.615,132.330,,0.000,none
2026-03-16T10:51:31,-192.886,132.552,,0.000,none
2026-03-16T10:51:32,-193.158,132.772,,0.000,none
2026-03-16T10:51:33,-193.432,132.990,,0.000,none
2026-03-16T10:51:34,-193.707,133.206,,0.000,none
2026-03-16T10:51:35,-193.984,133.420,,0.000,none
2026-03-16T10:51:36,-194.263,133.632,,0.000,none
2026-03-16T10:51:37,-194.543,133.842,,0.000,none
2026-03-16T10:51:38,-194.824,134.050,,0.000,none
2026-03-16T10:51:39,-195.107,134.256,,0.000,none
2026-03-16T10:51:40,-195.392,134.460,,0.000,none
2026-03-16T10:51:41,-195.678,134.661,,0.000,none
2026-03-16T10:51:42,-195.965,134.861,,0.000,none
2026-03-16T10:51:43,-196.254,135.059,,0.000,none
2026-03-16T10:51:44,-196.544,135.254,,0.000,none
2026-03-16T10:51:45,-196.836,135.448,,0.000,none
2026-03-16T10:51:46,-197.129,135.639,,0.000,none
2026-03-16T10:51:47,-197.423,135.829,,0.000,none
2026-03-16T10:51:48,-197.719,136.016,,0.000,none
2026-03-16T10:51:49,-198.016,136.201,,0.000,none
2026-03-16T10:51:50,-198.315,136.384,,0.000,none
2026-03-16T10:51:51,-198.614,136.564,,0.000,none
2026-03-16T10:51:52,-198.916,136.743,,0.000,none
2026-03-16T10:51:53,-199.218,136.919,,0.000,none
2026-03-16T10:51:54,-199.522,137.093,,0.000,none
2026-03-16T10:51:55,-199.826,137.265,,0.000,none
2026-03-16T10:51:56,-200.132,137.435,,0.000,none
2026-03-16T10:51:57,-200.440,137.602,,0.000,none
2026-03-16T10:51:58,-200.748,137.768,,0.000,none
2026-03-16T10:51:59,-201.058,137.931,,0.000,none
2026-03-16T10:52:00,-201.369,138.092,,0.000,none
2026-03-16T10:52:01,-201.681,138.250,,0.000,none
2026-03-16T10:52:02,-201.994,138.407,,0.000,none
2026-03-16T10:52:03,-202.308,138.561,,0.000,none
2026-03-16T10:52:04,-202.623,138.713,,0.000,none
2026-03-16T10:52:05,-202.940,138.862,,0.000,none
2026-03-16T10:52:06,-203.257,139.009,,0.000,none
2026-03-16T10:52:07,-203.576,139.154,,0.000,none
2026-03-16T10:52:08,-203.896,139.297,,0.000,none
2026-03-16T10:52:09,-204.216,139.437,,0.000,none
2026-03-16T10:52:10,-204.538,139.575,,0.000,none
2026-03-16T10:52:11,-204.860,139.711,,0.000,none
2026-03-16T10:52:12,-205.184,139.845,,0.000,none
2026-03-16T10:52:13,-205.509,139.976,,0.000,none
2026-03-16T10:52:14,-205.834,140.104,,0.000,none
2026-03-16T10:52:15,-206.160,140.231,,0.000,none
2026-03-16T10:52:16,-206.488,140.355,,0.000,none
2026-03-16T10:52:17,-206.816,140.476,,0.000,none
2026-03-16T10:52:18,-207.145,140.596,,0.000,none
2026-03-16T10:52:19,-207.475,140.713,,0.000,none
2026-03-16T10:52:20,-207.806,140.827,,0.000,none
2026-03-16T10:52:21,-208.137,140.939,,0.000,none
2026-03-16T10:52:22,-208.470,141.049,,0.000,none
2026-03-16T10:52:23,-208.803,141.156,,0.000,none
2026-03-16T10:52:24,-209.137,141.261,,0.000,none
2026-03-16T10:52:25,-209.471,141.364,,0.000,none
2026-03-16T10:52:26,-209.807,141.464,,0.000,none
2026-03-16T10:52:27,-210.143,141.561,,0.000,none
2026-03-16T10:52:28,-210.480,141.657,,0.000,none
2026-03-16T10:52:29,-210.817,141.749,,0.000,none
2026-03-16T10:52:30,-211.155,141.840,,0.000,none
2026-03-16T10:52:31,-211.494,141.928,,0.000,none
2026-03-16T10:52:32,-211.833,142.013,,0.000,none
2026-03-16T10:52:33,-212.173,142.096,,0.000,none
2026-03-16T10:52:34,-212.514,142.177,,0.000,none
2026-03-16T10:52:35,-212.855,142.255,,0.000,none
2026-03-16T10:52:36,-213.197,142.331,,0.000,none
2026-03-16T10:52:37,-213.539,142.404,,0.000,none
2026-03-16T10:52:38,-213.882,142.475,,0.000,none
2026-03-16T10:52:39,-214.225,142.543,,0.000,none
2026-03-16T10:52:40,-214.569,142.609,,0.000,none
2026-03-16T10:52:41,-214.913,142.672,,0.000,none
2026-03-16T10:52:42,-215.258,142.733,,0.000,none
2026-03-16T10:52:43,-215.603,142.791,,0.000,none
2026-03-16T10:52:44,-215.948,142.847,,0.000,none
2026-03-16T10:52:45,-216.294,142.900,,0.000,none
2026-03-16T10:52:46,-216.641,142.951,,0.000,none
2026-03-16T10:52:47,-216.987,143.000,,0.000,none
2026-03-16T10:52:48,-217.334,143.045,,0.000,none
2026-03-16T10:52:49,-217.681,143.089,,0.000,none
2026-03-16T10:52:50,-218.029,143.130,,0.000,none
2026-03-16T10:52:51,-218.377,143.168,,0.000,none
2026-03-16T10:52:52,-218.725,143.204,,0.000,none
2026-03-16T10:52:53,-219.074,143.237,,0.000,none
2026-03-16T10:52:54,-219.422,143.268,,0.000,none
2026-03-16T10:52:55,-219.771,143.296,,0.000,none
2026-03-16T10:52:56,-220.120,143.322,,0.000,none
2026-03-16T10:52:57,-220.469,143.345,,0.000,none
2026-03-16T10:52:58,-220.819,143.366,,0.000,none
2026-03-16T10:52:59,-221.168,143.384,,0.000,none
2026-03-16T10:53:00,-221.518,143.400,,0.000,none
2026-03-16T10:53:01,-221.868,143.413,,0.000,none
2026-03-16T10:53:02,-222.217,143.424,,0.000,none
2026-03-16T10:53:03,-222.567,143.432,,0.000,none
2026-03-16T10:53:04,-222.917,143.437,,0.000,none
2026-03-16T10:53:05,-223.267,143.440,,0.000,none
2026-03-16T10:53:06,-223.617,143.441,,0.000,none
2026-03-16T10:53:07,-223.967,143.439,,0.000,none
2026-03-16T10:53:08,-224.317,143.434,,0.000,none
2026-03-16T10:53:09,-224.667,143.427,,0.000,none
2026-03-16T10:53:10,-225.017,143.418,,0.000,none
2026-03-16T10:53:11,-225.367,143.406,,0.000,none
2026-03-16T10:53:12,-225.717,143.391,,0.000,none
2026-03-16T10:53:13,-226.066,143.374,,0.000,none
2026-03-16T10:53:14,-226.416,143.355,,0.000,none
2026-03-16T10:53:15,-226.765,143.332,,0.000,none
2026-03-16T10:53:16,-227.114,143.308,,0.000,none
2026-03-16T10:53:17,-227.463,143.281,,0.000,none
2026-03-16T10:53:18,-227.812,143.251,,0.000,none
2026-03-16T10:53:19,-228.160,143.219,,0.000,none
2026-03-16T10:53:20,-228.509,143.184,,0.000,none
2026-03-16T10:53:21,-228.856,143.147,,0.000,none
2026-03-16T10:53:22,-229.204,143.107,,0.000,none
2026-03-16T10:53:23,-229.552,143.065,,0.000,none
2026-03-16T10:53:24,-229.899,143.020,,0.000,none
2026-03-16T10:53:25,-230.246,142.973,,0.000,none
2026-03-16T10:53:26,-230.592,142.923,,0.000,none
2026-03-16T10:53:27,-230.938,142.871,,0.000,none
2026-03-16T10:53:28,-231.284,142.816,,0.000,none
2026-03-16T10:53:29,-231.629,142.759,,0.000,none
2026-03-16T10:53:30,-231.974,142.699,,0.000,none
2026-03-16T10:53:31,-232.318,142.637,,0.000,none
2026-03-16T10:53:32,-232.662,142.572,,0.000,none
2026-03-16T10:53:33,-233.006,142.505,,0.000,none
2026-03-16T10:53:34,-233.349,142.435,,0.000,none
2026-03-16T10:53:35,-233.691,142.363,,0.000,none
2026-03-16T10:53:36,-234.033,142.288,,0.000,none
2026-03-16T10:53:37,-234.375,142.211,,0.000,none
2026-03-16T10:53:38,-234.715,142.132,,0.000,none
2026-03-16T10:53:39,-235.056,142.050,,0.000,none
2026-03-16T10:53:40,-235.395,141.965,,0.000,none
2026-03-16T10:53:41,-235.734,141.879,,0.000,none
2026-03-16T10:53:42,-236.073,141.789,,0.000,none
2026-03-16T10:53:43,-236.411,141.698,,0.000,none
2026-03-16T10:53:44,-236.748,141.603,,0.000,none
2026-03-16T10:53:45,-237.084,141.507,,0.000,none
2026-03-16T10:53:46,-237.420,141.408,,0.000,none
2026-03-16T10:53:47,-237.755,141.306,,0.000,none
2026-03-16T10:53:48,-238.089,141.202,,0.000,none
2026-03-16T10:53:49,-238.423,141.096,,0.000,none
2026-03-16T10:53:50,-238.755,140.987,,0.000,none
2026-03-16T10:53:51,-239.087,140.876,,0.000,none
2026-03-16T10:53:52,-239.418,140.763,,0.000,none
2026-03-16T10:53:53,-239.749,140.647,,0.000,none
2026-03-16T10:53:54,-240.078,140.529,,0.000,none
2026-03-16T10:53:55,-240.407,140.408,,0.000,none
2026-03-16T10:53:56,-240.734,140.285,,0.000,none
2026-03-16T11:09:31,-38.508,1.022,,0.000,none
2026-03-16T11:09:32,-38.563,1.004,,0.000,none
2026-03-16T11:09:33,-38.590,0.997,,0.000,none
2026-03-16T11:09:34,-38.590,0.997,,0.000,none
2026-03-16T11:09:35,-38.778,0.960,,0.000,none
2026-03-16T11:09:36,-39.124,0.907,,0.000,none
2026-03-16T11:09:37,-39.472,0.872,,0.000,none
2026-03-16T11:09:38,-39.822,0.862,,0.000,none
2026-03-16T11:09:39,-40.172,0.879,,0.000,none
2026-03-16T11:09:40,-40.519,0.921,,0.000,none
2026-03-16T11:09:41,-40.863,0.984,,0.000,none
2026-03-16T11:09:42,-41.203,1.066,,0.000,none
2026-03-16T11:09:43,-41.539,1.165,,0.000,none
2026-03-16T11:09:44,-41.870,1.278,,0.000,none
2026-03-16T11:09:45,-42.197,1.404,,0.000,none
2026-03-16T11:09:46,-42.519,1.540,,0.000,none
2026-03-16T11:09:47,-42.840,1.680,,0.000,none
2026-03-16T11:09:48,-43.159,1.824,,0.000,none
2026-03-16T11:09:49,-43.477,1.970,,0.000,none
2026-03-16T11:09:50,-43.793,2.122,,0.000,none
2026-03-16T11:09:51,-44.105,2.279,,0.000,none
2026-03-16T11:09:52,-44.414,2.444,,0.000,none
2026-03-16T11:09:53,-44.720,2.614,,0.000,none
2026-03-16T11:09:54,-45.023,2.789,,0.000,none
2026-03-16T11:09:55,-45.324,2.968,,0.000,none
2026-03-16T11:09:56,-45.622,3.151,,0.000,none
2026-03-16T11:09:57,-45.918,3.337,,0.000,none
2026-03-16T11:09:58,-46.211,3.529,,0.000,none
2026-03-16T11:09:59,-46.500,3.727,,0.000,none
2026-03-16T11:10:00,-46.784,3.932,,0.000,none
2026-03-16T11:10:01,-47.064,4.142,,0.000,none
2026-03-16T11:10:02,-47.339,4.357,,0.000,none
2026-03-16T11:10:03,-47.610,4.579,,0.000,none
2026-03-16T11:10:04,-47.876,4.806,,0.000,none
2026-03-16T11:10:05,-48.137,5.040,,0.000,none
2026-03-16T11:10:06,-48.392,5.280,,0.000,none
2026-03-16T11:10:07,-48.640,5.527,,0.000,none
2026-03-16T11:10:08,-48.882,5.780,,0.000,none
2026-03-16T11:10:09,-49.117,6.039,,0.000,none
2026-03-16T11:10:10,-49.345,6.304,,0.000,none
2026-03-16T11:10:11,-49.567,6.575,,0.000,none
2026-03-16T11:10:12,-49.783,6.850,,0.000,none
2026-03-16T11:10:13,-49.994,7.130,,0.000,none
2026-03-16T11:10:14,-50.198,7.414,,0.000,none
2026-03-16T11:10:15,-50.398,7.701,,0.000,none
2026-03-16T11:10:16,-50.591,7.993,,0.000,none
2026-03-16T11:10:17,-50.778,8.289,,0.000,none
2026-03-16T11:10:18,-50.958,8.589,,0.000,none
2026-03-16T11:10:19,-51.127,8.896,,0.000,none
2026-03-16T11:10:20,-51.287,9.207,,0.000,none
2026-03-16T11:10:21,-51.438,9.522,,0.000,none
2026-03-16T11:10:22,-51.583,9.841,,0.000,none
2026-03-16T11:10:23,-51.721,10.163,,0.000,none
2026-03-16T11:10:24,-51.853,10.487,,0.000,none
2026-03-16T11:10:25,-51.979,10.814,,0.000,none
2026-03-16T11:10:26,-52.095,11.144,,0.000,none
2026-03-16T11:10:27,-52.202,11.477,,0.000,none
2026-03-16T11:10:28,-52.299,11.813,,0.000,none
2026-03-16T11:10:29,-52.389,12.151,,0.000,none
2026-03-16T11:10:30,-52.471,12.492,,0.000,none
2026-03-16T11:10:31,-52.548,12.833,,0.000,none
2026-03-16T11:10:32,-52.619,13.176,,0.000,none
2026-03-16T11:10:33,-52.687,13.519,,0.000,none
2026-03-16T11:10:34,-52.751,13.863,,0.000,none
2026-03-16T11:10:35,-52.811,14.208,,0.000,none
2026-03-16T11:10:36,-52.867,14.554,,0.000,none
2026-03-16T11:10:37,-52.919,14.900,,0.000,none
2026-03-16T11:10:38,-52.965,15.247,,0.000,none
2026-03-16T11:10:39,-53.006,15.594,,0.000,none
2026-03-16T11:10:40,-53.041,15.942,,0.000,none
2026-03-16T11:10:41,-53.071,16.291,,0.000,none
2026-03-16T11:10:42,-53.096,16.640,,0.000,none
2026-03-16T11:10:43,-53.115,16.990,,0.000,none
2026-03-16T11:10:44,-53.130,17.339,,0.000,none
2026-03-16T11:10:45,-53.140,17.689,,0.000,none
2026-03-16T11:10:46,-53.144,18.039,,0.000,none
2026-03-16T11:10:47,-53.140,18.321,,0.000,none
2026-03-16T11:10:48,-53.120,18.442,,0.000,none
2026-03-16T11:10:49,-53.059,18.691,,0.000,none
2026-03-16T11:10:50,-53.020,18.968,,0.000,none
2026-03-16T11:10:51,-53.008,19.247,,0.000,none
2026-03-16T11:10:52,-53.024,19.527,,0.000,none
2026-03-16T11:10:53,-53.068,19.803,,0.000,none
2026-03-16T11:10:54,-53.139,20.074,,0.000,none
2026-03-16T11:10:55,-53.237,20.336,,0.000,none
2026-03-16T11:10:56,-53.309,20.502,,0.000,none
2026-03-16T11:10:57,-53.317,20.548,,0.000,none
2026-03-16T11:10:58,-53.318,20.595,,0.000,none
2026-03-16T11:10:59,-53.318,20.595,,0.000,none
2026-03-16T11:11:00,-53.316,20.665,,0.000,none
2026-03-16T11:11:01,-53.290,21.014,,0.000,none
2026-03-16T11:11:02,-53.245,21.338,,0.000,none
2026-03-16T11:11:03,-53.211,21.456,,0.000,none
2026-03-16T11:11:04,-53.124,21.663,,0.000,none
2026-03-16T11:11:05,-53.038,21.929,,0.000,none
2026-03-16T11:11:06,-52.978,22.203,,0.000,none
2026-03-16T11:11:07,-52.947,22.481,,0.000,none
2026-03-16T11:11:08,-52.943,22.761,,0.000,none
2026-03-16T11:11:09,-52.968,23.040,,0.000,none
2026-03-16T11:11:10,-53.020,23.315,,0.000,none
2026-03-16T11:11:11,-53.099,23.583,,0.000,none
2026-03-16T11:11:12,-53.205,23.842,,0.000,none
2026-03-16T11:11:13,-53.336,24.090,,0.000,none
2026-03-16T11:11:14,-53.491,24.323,,0.000,none
2026-03-16T11:11:15,-53.668,24.539,,0.000,none
2026-03-16T11:11:16,-53.867,24.737,,0.000,none
2026-03-16T11:11:17,-54.063,24.908,,0.000,none
2026-03-16T11:11:18,-54.225,25.086,,0.000,none
2026-03-16T11:11:19,-54.384,25.285,,0.000,none
2026-03-16T11:11:20,-54.514,25.488,,0.000,none
2026-03-16T11:11:21,-54.621,25.698,,0.000,none
2026-03-16T11:11:22,-54.714,25.925,,0.000,none
2026-03-16T11:11:23,-54.784,26.171,,0.000,none
2026-03-16T11:11:24,-54.831,26.402,,0.000,none
2026-03-16T11:11:25,-54.865,26.640,,0.000,none
2026-03-16T11:11:26,-54.891,26.884,,0.000,none
2026-03-16T11:11:27,-54.912,27.129,,0.000,none
2026-03-16T11:11:28,-54.924,27.375,,0.000,none
2026-03-16T11:11:29,-54.924,27.610,,0.000,none
2026-03-16T11:11:30,-54.919,27.856,,0.000,none
2026-03-16T11:11:31,-54.905,28.096,,0.000,none
2026-03-16T11:11:32,-54.900,28.133,,0.000,none
2026-03-16T11:11:33,-54.885,28.156,,0.000,none
2026-03-16T11:11:34,-54.739,28.395,,0.000,none
2026-03-16T11:11:35,-54.618,28.647,,0.000,none
2026-03-16T11:11:36,-54.523,28.911,,0.000,none
2026-03-16T11:11:37,-54.455,29.182,,0.000,none
2026-03-16T11:11:38,-54.414,29.459,,0.000,none
2026-03-16T11:11:39,-54.397,29.724,,0.000,none
2026-03-16T11:11:40,-54.382,29.974,,0.000,none
2026-03-16T11:11:41,-54.368,30.229,,0.000,none
2026-03-16T11:11:42,-54.355,30.469,,0.000,none
2026-03-16T11:11:43,-54.339,30.729,,0.000,none
2026-03-16T11:11:44,-54.334,30.999,,0.000,none
2026-03-16T11:11:45,-54.355,31.269,,0.000,none
2026-03-16T11:11:46,-54.375,31.518,,0.000,none
2026-03-16T11:11:47,-54.378,31.665,,0.000,none
2026-03-16T11:11:48,-54.378,31.665,,0.000,none
2026-03-16T11:11:49,-54.318,31.760,,0.000,none
2026-03-16T11:11:50,-54.185,32.006,,0.000,none
2026-03-16T11:11:51,-54.078,32.265,,0.000,none
2026-03-16T11:11:52,-53.997,32.533,,0.000,none
2026-03-16T11:11:53,-53.943,32.807,,0.000,none
2026-03-16T11:11:54,-53.917,33.086,,0.000,none
2026-03-16T11:11:55,-53.916,33.356,,0.000,none
2026-03-16T11:11:56,-53.919,33.602,,0.000,none
2026-03-16T11:11:57,-53.919,33.787,,0.000,none
2026-03-16T11:11:58,-53.919,33.787,,0.000,none
2026-03-16T11:11:59,-53.844,33.968,,0.000,none
2026-03-16T11:12:00,-53.760,34.235,,0.000,none
2026-03-16T11:12:01,-53.703,34.509,,0.126,none
2026-03-16T11:12:02,-53.674,34.787,,0.269,none
2026-03-16T11:12:03,-53.672,35.067,,0.387,none
2026-03-16T11:12:04,-53.699,35.346,,0.479,none
2026-03-16T11:12:05,-53.728,35.590,,0.554,none
2026-03-16T11:12:06,-53.756,35.839,,0.632,none
2026-03-16T11:12:07,-53.788,36.087,,0.707,none
2026-03-16T11:12:08,-53.794,36.146,,0.726,none
2026-03-16T11:12:09,-53.781,36.186,,0.754,none
2026-03-16T11:12:10,-53.709,36.457,,0.932,none
2026-03-16T11:12:11,-53.664,36.733,,1.088,none
2026-03-16T11:12:12,-53.647,37.012,,1.100,none
2026-03-16T11:12:13,-53.658,37.292,,1.100,none
2026-03-16T11:12:14,-53.688,37.546,,1.100,none
2026-03-16T11:12:15,-53.690,37.564,,1.100,none
2026-03-16T11:12:16,-53.661,37.658,,1.100,none
2026-03-16T11:12:17,-53.598,37.930,,1.129,none
2026-03-16T11:12:18,-53.562,38.208,,1.274,none
2026-03-16T11:12:19,-53.554,38.488,,1.394,none
2026-03-16T11:12:20,-53.574,38.767,,1.488,none
2026-03-16T11:12:21,-53.622,39.043,,1.556,none
2026-03-16T11:12:22,-53.678,39.287,,1.604,none
2026-03-16T11:12:23,-53.728,39.527,,1.656,none
2026-03-16T11:12:24,-53.778,39.778,,1.711,none
2026-03-16T11:12:25,-53.826,40.019,,1.765,none
2026-03-16T11:12:26,-53.847,40.118,,1.786,none
2026-03-16T11:12:27,-53.847,40.118,,1.786,none
2026-03-16T11:12:28,-53.794,40.379,,1.940,none
2026-03-16T11:12:29,-53.765,40.657,,2.079,none
2026-03-16T11:12:30,-53.765,40.937,,2.193,none
2026-03-16T11:12:31,-53.792,41.216,,2.200,none
2026-03-16T11:12:32,-53.846,41.490,,2.200,none
2026-03-16T11:12:33,-53.865,41.572,,2.200,none
2026-03-16T11:12:34,-53.865,41.572,,2.200,none
2026-03-16T11:12:35,-53.825,41.700,,2.200,none
2026-03-16T11:12:36,-53.799,41.744,,2.200,none
2026-03-16T11:12:37,-53.785,41.764,,2.200,none
2026-03-16T11:12:38,-53.785,41.764,,2.200,none
2026-03-16T11:12:39,-53.665,41.915,,2.200,none
2026-03-16T11:12:40,-53.444,42.186,,2.200,none
2026-03-16T11:12:41,-53.224,42.458,,2.200,none
2026-03-16T11:12:42,-53.083,42.633,,2.200,none
2026-03-16T11:12:43,-52.979,42.724,,2.200,none
2026-03-16T11:12:44,-52.767,42.907,,2.200,none
2026-03-16T11:12:45,-52.575,43.110,,2.200,none
2026-03-16T11:12:46,-52.404,43.331,,2.200,none
2026-03-16T11:12:47,-52.300,43.491,,2.272,none
2026-03-16T11:12:48,-52.280,43.534,,2.307,none
2026-03-16T11:12:49,-52.280,43.534,,2.307,none
2026-03-16T11:12:50,-52.253,43.598,,2.355,none
2026-03-16T11:12:51,-52.127,43.925,,2.589,none
2026-03-16T11:12:52,-52.021,44.259,,2.807,none
2026-03-16T11:12:53,-51.934,44.598,,3.009,none
2026-03-16T11:12:54,-51.867,44.941,,3.195,none
2026-03-16T11:12:55,-51.817,45.287,,3.299,none
2026-03-16T11:12:56,-51.787,45.636,,3.299,none
2026-03-16T11:12:57,-51.778,45.986,,3.299,none
2026-03-16T11:12:58,-51.791,46.336,,3.299,none
2026-03-16T11:12:59,-51.825,46.684,,3.299,none
2026-03-16T11:13:00,-51.878,47.030,,3.299,none
2026-03-16T11:13:01,-51.950,47.372,,3.299,none
2026-03-16T11:13:02,-52.039,47.711,,3.299,none
2026-03-16T11:13:03,-52.144,48.045,,3.299,none
2026-03-16T11:13:04,-52.260,48.375,,3.299,none
2026-03-16T11:13:05,-52.385,48.702,,3.299,none
2026-03-16T11:13:06,-52.520,49.025,,3.299,none
2026-03-16T11:13:07,-52.663,49.344,,3.299,none
2026-03-16T11:13:08,-52.780,49.588,,3.299,none
2026-03-16T11:13:09,-52.850,49.688,,3.299,none
2026-03-16T11:13:10,-53.032,49.880,,3.299,none
2026-03-16T11:13:11,-53.243,50.064,,3.299,none
2026-03-16T11:13:12,-53.471,50.226,,3.299,none
2026-03-16T11:13:13,-53.714,50.364,,3.299,none
2026-03-16T11:13:14,-53.970,50.477,,3.206,none
2026-03-16T11:13:15,-54.236,50.564,,2.989,none
2026-03-16T11:13:16,-54.510,50.624,,2.755,none
2026-03-16T11:13:17,-54.661,50.650,,2.623,none
2026-03-16T11:13:18,-54.697,50.669,,2.596,none
2026-03-16T11:13:19,-54.741,50.704,,2.567,none
2026-03-16T11:13:20,-54.753,50.714,,2.560,none
2026-03-16T11:13:21,-54.753,50.714,,2.560,none
2026-03-16T11:13:22,-54.941,50.898,,2.450,none
2026-03-16T11:13:23,-55.182,51.151,,2.315,none
2026-03-16T11:13:24,-55.416,51.411,,2.200,none
2026-03-16T11:13:25,-55.647,51.674,,2.200,none
2026-03-16T11:13:26,-55.879,51.937,,2.200,none
2026-03-16T11:13:27,-56.114,52.195,,2.200,none
2026-03-16T11:13:28,-56.359,52.446,,2.200,none
2026-03-16T11:13:29,-56.611,52.688,,2.200,none
2026-03-16T11:13:30,-56.872,52.922,,2.200,none
2026-03-16T11:13:31,-57.139,53.148,,2.200,none
2026-03-16T11:13:32,-57.414,53.364,,2.200,none
2026-03-16T11:13:33,-57.697,53.570,,2.200,none
2026-03-16T11:13:34,-57.989,53.764,,2.200,none
2026-03-16T11:13:35,-58.289,53.943,,2.200,none
2026-03-16T11:13:36,-58.598,54.109,,2.200,none
2026-03-16T11:13:37,-58.913,54.259,,2.200,none
2026-03-16T11:13:38,-59.236,54.396,,2.200,none
2026-03-16T11:13:39,-59.563,54.521,,2.200,none
2026-03-16T11:13:40,-59.893,54.636,,2.133,none
2026-03-16T11:13:41,-60.227,54.741,,1.870,none
2026-03-16T11:13:42,-60.564,54.836,,1.601,none
2026-03-16T11:13:43,-60.903,54.922,,1.325,none
2026-03-16T11:13:44,-61.245,54.997,,1.100,none
2026-03-16T11:13:45,-61.589,55.063,,1.100,none
2026-03-16T11:13:46,-61.934,55.121,,1.100,none
2026-03-16T11:13:47,-62.280,55.171,,0.937,none
2026-03-16T11:13:48,-62.627,55.218,,0.641,none
2026-03-16T11:13:49,-62.974,55.260,,0.343,none
2026-03-16T11:13:50,-63.322,55.299,,0.043,none
2026-03-16T11:13:51,-63.670,55.335,,0.000,none
2026-03-16T11:13:52,-64.019,55.368,,0.000,none
2026-03-16T11:13:53,-64.368,55.397,,0.000,none
2026-03-16T11:13:54,-64.717,55.425,,0.000,none
2026-03-16T11:13:55,-65.066,55.451,,0.000,none
2026-03-16T11:13:56,-65.415,55.478,,0.000,none
2026-03-16T11:13:57,-65.764,55.504,,0.000,none
2026-03-16T11:13:58,-66.113,55.530,,0.000,none
2026-03-16T11:13:59,-66.462,55.557,,0.000,none
2026-03-16T11:14:00,-66.811,55.583,,0.000,none
2026-03-16T11:14:01,-67.160,55.609,,0.000,none
2026-03-16T11:14:02,-67.509,55.636,,0.000,none
2026-03-16T11:14:03,-67.858,55.662,,0.000,none
2026-03-16T11:14:04,-68.207,55.689,,0.000,none
2026-03-16T11:14:05,-68.556,55.715,,0.000,none
2026-03-16T11:14:06,-68.905,55.742,,0.000,none
2026-03-16T11:14:07,-69.254,55.769,,0.000,none
2026-03-16T11:14:08,-69.603,55.795,,0.000,none
2026-03-16T11:14:09,-69.952,55.822,,0.000,none
2026-03-16T11:14:10,-70.301,55.848,,0.000,none
2026-03-16T11:14:11,-70.649,55.875,,0.000,none
2026-03-16T11:14:12,-70.999,55.901,,0.000,none
2026-03-16T11:14:13,-71.348,55.927,,0.000,none
2026-03-16T11:14:14,-71.697,55.951,,0.000,none
2026-03-16T11:14:15,-72.046,55.974,,0.000,none
2026-03-16T11:14:16,-72.395,55.995,,0.000,none
2026-03-16T11:14:17,-72.745,56.015,,0.000,none
2026-03-16T11:14:18,-73.094,56.033,,0.000,none
2026-03-16T11:14:19,-73.444,56.050,,0.000,none
2026-03-16T11:14:20,-73.794,56.064,,0.000,none
2026-03-16T11:14:21,-74.143,56.077,,0.000,none
2026-03-16T11:14:22,-74.493,56.088,,0.000,none
2026-03-16T11:14:23,-74.843,56.097,,0.000,none
2026-03-16T11:14:24,-75.193,56.104,,0.000,none
2026-03-16T11:14:25,-75.543,56.109,,0.000,none
2026-03-16T11:14:26,-75.893,56.112,,0.000,none
2026-03-16T11:14:27,-76.243,56.114,,0.000,none
2026-03-16T11:14:28,-76.593,56.113,,0.000,none
2026-03-16T11:14:29,-76.943,56.110,,0.000,none
2026-03-16T11:14:30,-77.293,56.105,,0.000,none
2026-03-16T11:14:31,-77.643,56.099,,0.000,none
2026-03-16T11:14:32,-77.993,56.090,,0.000,none
2026-03-16T11:14:33,-78.343,56.080,,0.000,none
2026-03-16T11:14:34,-78.692,56.069,,0.000,none
2026-03-16T11:14:35,-79.042,56.057,,0.000,none
2026-03-16T11:14:36,-79.392,56.044,,0.000,none
2026-03-16T11:14:37,-79.742,56.030,,0.000,none
2026-03-16T11:14:38,-80.091,56.016,,0.000,none
2026-03-16T11:14:39,-80.441,56.001,,0.000,none
2026-03-16T11:14:40,-80.791,55.985,,0.000,none
2026-03-16T11:14:41,-81.141,55.969,,0.000,none
2026-03-16T11:14:42,-81.490,55.953,,0.000,none
2026-03-16T11:14:43,-81.840,55.937,,0.000,none
2026-03-16T11:14:44,-82.189,55.922,,0.000,none
2026-03-16T11:14:45,-82.539,55.906,,0.000,none
2026-03-16T11:14:46,-82.889,55.890,,0.000,none
2026-03-16T11:14:47,-83.238,55.875,,0.000,none
2026-03-16T11:14:48,-83.588,55.859,,0.000,none
2026-03-16T11:14:49,-83.938,55.844,,0.000,none
2026-03-16T11:14:50,-84.287,55.831,,0.000,none
2026-03-16T11:14:51,-84.637,55.823,,0.000,none
2026-03-16T11:14:52,-84.987,55.820,,0.000,none
2026-03-16T11:14:53,-85.337,55.810,,0.000,none
2026-03-16T11:14:54,-85.687,55.800,,0.000,none
2026-03-16T11:14:55,-86.037,55.794,,0.000,none
2026-03-16T11:14:56,-86.387,55.786,,0.000,none
2026-03-16T11:14:57,-86.737,55.775,,0.000,none
2026-03-16T11:14:58,-87.086,55.760,,0.000,none
2026-03-16T11:14:59,-87.436,55.743,,0.000,none
2026-03-16T11:15:00,-87.785,55.724,,0.000,none
2026-03-16T11:15:01,-88.135,55.702,,0.000,none
2026-03-16T11:15:02,-88.484,55.677,,0.000,none
2026-03-16T11:15:03,-88.833,55.652,,0.000,none
2026-03-16T11:15:04,-89.182,55.625,,0.000,none
2026-03-16T11:15:05,-89.531,55.597,,0.000,none
2026-03-16T11:15:06,-89.879,55.567,,0.000,none
2026-03-16T11:15:07,-90.228,55.537,,0.000,none
2026-03-16T11:15:08,-90.577,55.507,,0.000,none
2026-03-16T11:15:09,-90.926,55.477,,0.000,none
2026-03-16T11:15:10,-91.274,55.446,,0.000,none
2026-03-16T11:15:11,-91.623,55.416,,0.000,none
2026-03-16T11:15:12,-91.972,55.385,,0.000,none
2026-03-16T11:15:13,-92.320,55.353,,0.000,none
2026-03-16T11:15:14,-92.669,55.322,,0.000,none
2026-03-16T11:15:15,-93.017,55.291,,0.000,none
2026-03-16T11:15:16,-93.366,55.261,,0.000,none
2026-03-16T11:15:17,-93.715,55.231,,0.000,none
2026-03-16T11:15:18,-94.064,55.203,,0.000,none
2026-03-16T11:15:19,-94.413,55.176,,0.000,none
2026-03-16T11:15:20,-94.762,55.151,,0.000,none
2026-03-16T11:15:21,-95.111,55.127,,0.000,none
2026-03-16T11:15:22,-95.460,55.105,,0.000,none
2026-03-16T11:15:23,-95.810,55.084,,0.000,none
2026-03-16T11:15:24,-96.159,55.065,,0.000,none
2026-03-16T11:15:25,-96.509,55.048,,0.000,none
2026-03-16T11:15:26,-96.858,55.035,,0.000,none
2026-03-16T11:15:27,-97.208,55.028,,0.000,none
2026-03-16T11:15:28,-97.558,55.034,,0.000,none
2026-03-16T11:15:29,-97.908,55.040,,0.000,none
2026-03-16T11:15:30,-98.258,55.050,,0.000,none
2026-03-16T11:15:31,-98.608,55.068,,0.000,none
2026-03-16T11:15:32,-98.957,55.087,,0.000,none
2026-03-16T11:15:33,-99.306,55.107,,0.000,none
2026-03-16T11:15:34,-99.656,55.128,,0.000,none
2026-03-16T11:15:35,-100.005,55.153,,0.000,none
2026-03-16T11:15:36,-100.354,55.181,,0.000,none
2026-03-16T11:15:37,-100.703,55.210,,0.000,none
2026-03-16T11:15:38,-101.051,55.242,,0.000,none
2026-03-16T11:15:39,-101.399,55.279,,0.000,none
2026-03-16T11:15:40,-101.747,55.321,,0.000,none
2026-03-16T11:15:41,-102.094,55.367,,0.000,none
2026-03-16T11:15:42,-102.440,55.418,,0.000,none
2026-03-16T11:15:43,-102.785,55.475,,0.000,none
2026-03-16T11:15:44,-103.129,55.538,,0.000,none
2026-03-16T11:15:45,-103.473,55.607,,0.000,none
2026-03-16T11:15:46,-103.815,55.679,,0.000,none
2026-03-16T11:15:47,-104.157,55.754,,0.000,none
2026-03-16T11:15:48,-104.498,55.831,,0.000,none
2026-03-16T11:15:49,-104.839,55.912,,0.000,none
2026-03-16T11:15:50,-105.178,55.997,,0.000,none
2026-03-16T11:15:51,-105.517,56.087,,0.000,none
2026-03-16T11:15:52,-105.854,56.181,,0.000,none
2026-03-16T11:15:53,-106.190,56.278,,0.000,none
2026-03-16T11:15:54,-106.525,56.380,,0.000,none
2026-03-16T11:15:55,-106.858,56.488,,0.000,none
2026-03-16T11:15:56,-107.189,56.600,,0.000,none
2026-03-16T11:15:57,-107.521,56.713,,0.000,none
2026-03-16T11:15:58,-107.851,56.829,,0.000,none
2026-03-16T11:15:59,-108.180,56.947,,0.000,none
2026-03-16T11:16:00,-108.509,57.068,,0.000,none
2026-03-16T11:16:01,-108.836,57.193,,0.000,none
2026-03-16T11:16:02,-109.161,57.323,,0.000,none
2026-03-16T11:16:03,-109.483,57.459,,0.000,none
2026-03-16T11:16:04,-109.803,57.601,,0.000,none
2026-03-16T11:16:05,-110.120,57.748,,0.000,none
2026-03-16T11:16:06,-110.435,57.902,,0.000,none
2026-03-16T11:16:07,-110.747,58.060,,0.000,none
2026-03-16T11:16:08,-111.056,58.224,,0.000,none
2026-03-16T11:16:09,-111.363,58.394,,0.000,none
2026-03-16T11:16:10,-111.665,58.569,,0.000,none
2026-03-16T11:16:11,-111.964,58.752,,0.000,none
2026-03-16T11:16:12,-112.257,58.943,,0.000,none
2026-03-16T11:16:13,-112.546,59.141,,0.000,none
2026-03-16T11:16:14,-112.829,59.346,,0.000,none
2026-03-16T11:16:15,-113.108,59.558,,0.000,none
2026-03-16T11:16:16,-113.382,59.775,,0.000,none
2026-03-16T11:16:17,-113.652,59.998,,0.000,none
2026-03-16T11:16:18,-113.916,60.228,,0.000,none
2026-03-16T11:16:19,-114.175,60.464,,0.000,none
2026-03-16T11:16:20,-114.426,60.707,,0.000,none
2026-03-16T11:16:21,-114.670,60.958,,0.000,none
2026-03-16T11:16:22,-114.901,61.221,,0.000,none
2026-03-16T11:16:23,-115.120,61.494,,0.000,none
2026-03-16T11:16:24,-115.329,61.775,,0.000,none
2026-03-16T11:16:25,-115.529,62.062,,0.000,none
2026-03-16T11:16:26,-115.719,62.356,,0.000,none
2026-03-16T11:16:27,-115.901,62.655,,0.000,none
2026-03-16T11:16:28,-116.073,62.960,,0.000,none
2026-03-16T11:16:29,-116.236,63.269,,0.000,none
2026-03-16T11:16:30,-116.392,63.583,,0.000,none
2026-03-16T11:16:31,-116.539,63.901,,0.000,none
2026-03-16T11:16:32,-116.681,64.220,,0.000,none
2026-03-16T11:16:33,-116.820,64.542,,0.000,none
2026-03-16T11:16:34,-116.954,64.865,,0.000,none
2026-03-16T11:16:35,-117.085,65.189,,0.000,none
2026-03-16T11:16:36,-117.212,65.516,,0.000,none
2026-03-16T11:16:37,-117.334,65.844,,0.000,none
2026-03-16T11:16:38,-117.451,66.174,,0.000,none
2026-03-16T11:16:39,-117.564,66.505,,0.000,none
2026-03-16T11:16:40,-117.675,66.837,,0.000,none
2026-03-16T11:16:41,-117.784,67.169,,0.000,none
2026-03-16T11:16:42,-117.890,67.503,,0.000,none
2026-03-16T11:16:43,-117.993,67.837,,0.000,none
2026-03-16T11:16:44,-118.094,68.172,,0.000,none
2026-03-16T11:16:45,-118.192,68.508,,0.000,none
2026-03-16T11:16:46,-118.289,68.845,,0.000,none
2026-03-16T11:16:47,-118.383,69.182,,0.000,none
2026-03-16T11:16:48,-118.476,69.519,,0.000,none
2026-03-16T11:16:49,-118.569,69.857,,0.000,none
2026-03-16T11:16:50,-118.661,70.194,,0.000,none
2026-03-16T11:16:51,-118.752,70.532,,0.000,none
2026-03-16T11:16:52,-118.843,70.870,,0.000,none
2026-03-16T11:16:53,-118.934,71.208,,0.000,none
2026-03-16T11:16:54,-119.024,71.547,,0.000,none
2026-03-16T11:16:55,-119.114,71.885,,0.000,none
2026-03-16T11:16:56,-119.204,72.223,,0.000,none
2026-03-16T11:16:57,-119.294,72.561,,0.000,none
2026-03-16T11:16:58,-119.385,72.899,,0.000,none
2026-03-16T11:16:59,-119.477,73.237,,0.000,none
2026-03-16T11:17:00,-119.570,73.574,,0.000,none
2026-03-16T11:17:01,-119.665,73.911,,0.000,none
2026-03-16T11:17:02,-119.760,74.248,,0.000,none
2026-03-16T11:17:03,-119.857,74.584,,0.000,none
2026-03-16T11:17:04,-119.955,74.920,,0.000,none
2026-03-16T11:17:05,-120.054,75.256,,0.000,none
2026-03-16T11:17:06,-120.155,75.591,,0.000,none
2026-03-16T11:17:07,-120.257,75.926,,0.000,none
2026-03-16T11:17:08,-120.360,76.260,,0.000,none
2026-03-16T11:17:09,-120.465,76.594,,0.000,none
2026-03-16T11:17:10,-120.570,76.928,,0.000,none
2026-03-16T11:17:11,-120.676,77.262,,0.000,none
2026-03-16T11:17:12,-120.783,77.595,,0.000,none
2026-03-16T11:17:13,-120.891,77.928,,0.000,none
2026-03-16T11:17:14,-120.999,78.261,,0.000,none
2026-03-16T11:17:15,-121.107,78.594,,0.000,none
2026-03-16T11:17:16,-121.214,78.927,,0.000,none
2026-03-16T11:17:17,-121.321,79.260,,0.000,none
2026-03-16T11:17:18,-121.428,79.593,,0.000,none
2026-03-16T11:17:19,-121.535,79.927,,0.000,none
2026-03-16T11:17:20,-121.641,80.260,,0.000,none
2026-03-16T11:17:21,-121.747,80.594,,0.000,none
2026-03-16T11:17:22,-121.852,80.928,,0.000,none
2026-03-16T11:17:23,-121.957,81.262,,0.000,none
2026-03-16T11:17:24,-122.061,81.596,,0.000,none
2026-03-16T11:17:25,-122.165,81.930,,0.000,none
2026-03-16T11:17:26,-122.269,82.264,,0.000,none
2026-03-16T11:17:27,-122.372,82.599,,0.000,none
2026-03-16T11:17:28,-122.474,82.933,,0.000,none
2026-03-16T11:17:29,-122.576,83.268,,0.000,none
2026-03-16T11:17:30,-122.678,83.603,,0.000,none
2026-03-16T11:17:31,-122.780,83.938,,0.000,none
2026-03-16T11:17:32,-122.882,84.273,,0.000,none
2026-03-16T11:17:33,-122.984,84.608,,0.000,none
2026-03-16T11:17:34,-123.087,84.942,,0.000,none
2026-03-16T11:17:35,-123.190,85.277,,0.000,none
2026-03-16T11:17:36,-123.294,85.611,,0.000,none
2026-03-16T11:17:37,-123.399,85.945,,0.000,none
2026-03-16T11:17:38,-123.504,86.278,,0.000,none
2026-03-16T11:17:39,-123.610,86.612,,0.000,none
2026-03-16T11:17:40,-123.718,86.945,,0.000,none
2026-03-16T11:17:41,-123.827,87.278,,0.000,none
2026-03-16T11:17:42,-123.935,87.611,,0.000,none
2026-03-16T11:17:43,-124.044,87.943,,0.000,none
2026-03-16T11:17:44,-124.154,88.275,,0.000,none
2026-03-16T11:17:45,-124.266,88.607,,0.000,none
2026-03-16T11:17:46,-124.378,88.938,,0.000,none
2026-03-16T11:17:47,-124.492,89.269,,0.000,none
2026-03-16T11:17:48,-124.607,89.600,,0.000,none
2026-03-16T11:17:49,-124.723,89.930,,0.000,none
2026-03-16T11:17:50,-124.839,90.260,,0.000,none
2026-03-16T11:17:51,-124.955,90.591,,0.000,none
2026-03-16T11:17:52,-125.071,90.921,,0.000,none
2026-03-16T11:17:53,-125.187,91.251,,0.000,none
2026-03-16T11:17:54,-125.302,91.582,,0.000,none
2026-03-16T11:17:55,-125.417,91.912,,0.000,none
2026-03-16T11:17:56,-125.532,92.243,,0.000,none
2026-03-16T11:17:57,-125.647,92.573,,0.000,none
2026-03-16T11:17:58,-125.760,92.904,,0.000,none
2026-03-16T11:17:59,-125.874,93.236,,0.000,none
2026-03-16T11:18:00,-125.987,93.567,,0.000,none
2026-03-16T11:18:01,-126.100,93.898,,0.000,none
2026-03-16T11:18:02,-126.212,94.230,,0.000,none
2026-03-16T11:18:03,-126.323,94.562,,0.000,none
2026-03-16T11:18:04,-126.432,94.894,,0.000,none
2026-03-16T11:18:05,-126.541,95.227,,0.000,none
2026-03-16T11:18:06,-126.649,95.560,,0.000,none
2026-03-16T11:18:07,-126.758,95.892,,0.000,none
2026-03-16T11:18:08,-126.868,96.224,,0.000,none
2026-03-16T11:18:09,-126.981,96.556,,0.000,none
2026-03-16T11:18:10,-127.094,96.887,,0.000,none
2026-03-16T11:18:11,-127.208,97.218,,0.000,none
2026-03-16T11:18:12,-127.323,97.549,,0.000,none
2026-03-16T11:18:13,-127.439,97.879,,0.000,none
2026-03-16T11:18:14,-127.558,98.208,,0.000,none
2026-03-16T11:18:15,-127.680,98.536,,0.000,none
2026-03-16T11:18:16,-127.807,98.862,,0.000,none
2026-03-16T11:18:17,-127.939,99.186,,0.000,none
2026-03-16T11:18:18,-128.076,99.508,,0.000,none
2026-03-16T11:18:19,-128.214,99.830,,0.000,none
2026-03-16T11:18:20,-128.357,100.149,,0.000,none
2026-03-16T11:18:21,-128.503,100.467,,0.000,none
2026-03-16T11:18:22,-128.654,100.783,,0.000,none
2026-03-16T11:18:23,-128.809,101.097,,0.000,none
2026-03-16T11:18:24,-128.971,101.407,,0.000,none
2026-03-16T11:18:25,-129.142,101.713,,0.000,none
2026-03-16T11:18:26,-129.322,102.013,,0.000,none
2026-03-16T11:18:27,-129.514,102.306,,0.000,none
2026-03-16T11:18:28,-129.714,102.593,,0.000,none
2026-03-16T11:18:29,-129.923,102.873,,0.000,none
2026-03-16T11:18:30,-130.141,103.147,,0.000,none
2026-03-16T11:18:31,-130.367,103.414,,0.000,none
2026-03-16T11:18:32,-130.602,103.674,,0.000,none
2026-03-16T11:18:33,-130.845,103.926,,0.000,none
2026-03-16T11:18:34,-131.097,104.168,,0.000,none
2026-03-16T11:18:35,-131.359,104.400,,0.000,none
2026-03-16T11:18:36,-131.631,104.621,,0.000,none
2026-03-16T11:18:37,-131.911,104.831,,0.000,none
2026-03-16T11:18:38,-132.199,105.030,,0.000,none
2026-03-16T11:18:39,-132.493,105.220,,0.000,none
2026-03-16T11:18:40,-132.793,105.400,,0.000,none
2026-03-16T11:18:41,-133.098,105.572,,0.000,none
2026-03-16T11:18:42,-133.409,105.733,,0.000,none
2026-03-16T11:18:43,-133.728,105.875,,0.000,none
2026-03-16T11:18:44,-134.056,105.997,,0.000,none
2026-03-16T11:18:45,-134.390,106.101,,0.000,none
2026-03-16T11:18:46,-134.728,106.193,,0.000,none
2026-03-16T11:18:47,-135.068,106.277,,0.000,none
2026-03-16T11:18:48,-135.409,106.354,,0.000,none
2026-03-16T11:18:49,-135.752,106.425,,0.000,none
2026-03-16T11:18:50,-136.096,106.490,,0.000,none
2026-03-16T11:18:51,-136.441,106.549,,0.000,none
2026-03-16T11:18:52,-136.787,106.602,,0.000,none
2026-03-16T11:18:53,-137.134,106.650,,0.000,none
2026-03-16T11:18:54,-137.481,106.693,,0.000,none
2026-03-16T11:18:55,-137.829,106.733,,0.000,none
2026-03-16T11:18:56,-138.176,106.773,,0.000,none
2026-03-16T11:18:57,-138.524,106.810,,0.000,none
2026-03-16T11:18:58,-138.872,106.847,,0.000,none
2026-03-16T11:18:59,-139.221,106.881,,0.000,none
2026-03-16T11:19:00,-139.569,106.913,,0.000,none
2026-03-16T11:19:01,-139.918,106.944,,0.000,none
2026-03-16T11:19:02,-140.267,106.975,,0.000,none
2026-03-16T11:19:03,-140.615,107.005,,0.000,none
2026-03-16T11:19:04,-140.964,107.034,,0.000,none
2026-03-16T11:19:05,-141.313,107.062,,0.000,none
2026-03-16T11:19:06,-141.662,107.090,,0.000,none
2026-03-16T11:19:07,-142.011,107.117,,0.000,none
2026-03-16T11:19:08,-142.360,107.144,,0.000,none
2026-03-16T11:19:09,-142.709,107.170,,0.000,none
2026-03-16T11:19:10,-143.058,107.197,,0.000,none
2026-03-16T11:19:11,-143.407,107.222,,0.000,none
2026-03-16T11:19:12,-143.756,107.248,,0.000,none
2026-03-16T11:19:13,-144.105,107.275,,0.000,none
2026-03-16T11:19:14,-144.454,107.303,,0.000,none
2026-03-16T11:19:15,-144.803,107.331,,0.000,none
2026-03-16T11:19:16,-145.151,107.360,,0.000,none
2026-03-16T11:19:17,-145.500,107.390,,0.000,none
2026-03-16T11:19:18,-145.849,107.419,,0.000,none
2026-03-16T11:19:19,-146.198,107.449,,0.000,none
2026-03-16T11:19:20,-146.546,107.478,,0.000,none
2026-03-16T11:19:21,-146.895,107.506,,0.000,none
2026-03-16T11:19:22,-147.244,107.533,,0.000,none
2026-03-16T11:19:23,-147.593,107.558,,0.000,none
2026-03-16T11:19:24,-147.943,107.580,,0.000,none
2026-03-16T11:19:25,-148.292,107.599,,0.000,none
2026-03-16T11:19:26,-148.642,107.614,,0.000,none
2026-03-16T11:19:27,-148.992,107.624,,0.000,none
2026-03-16T11:19:28,-149.319,107.631,,0.000,none
2026-03-16T11:19:29,-149.440,107.646,,0.000,none
2026-03-16T11:19:30,-149.659,107.699,,0.000,none
2026-03-16T11:19:31,-149.935,107.742,,0.000,none
2026-03-16T11:19:32,-150.215,107.758,,0.000,none
2026-03-16T11:19:33,-150.494,107.745,,0.000,none
2026-03-16T11:19:34,-150.771,107.704,,0.000,none
2026-03-16T11:19:35,-151.043,107.637,,0.000,none
2026-03-16T11:19:36,-151.306,107.542,,0.000,none
2026-03-16T11:19:37,-151.559,107.421,,0.000,none
2026-03-16T11:19:38,-151.798,107.276,,0.000,none
2026-03-16T11:19:39,-151.916,107.196,,0.000,none
2026-03-16T11:19:40,-151.936,107.191,,0.000,none
2026-03-16T11:19:41,-151.985,107.188,,0.000,none
2026-03-16T11:19:42,-152.038,107.193,,0.000,none
2026-03-16T11:19:43,-152.038,107.193,,0.000,none
2026-03-16T11:19:44,-152.073,107.198,,0.000,none
2026-03-16T11:19:45,-152.283,107.232,,0.000,none
2026-03-16T11:19:46,-152.406,107.277,,0.000,none
2026-03-16T11:19:47,-152.667,107.377,,0.000,none
2026-03-16T11:19:48,-152.937,107.450,,0.000,none
2026-03-16T11:19:49,-153.213,107.496,,0.000,none
2026-03-16T11:19:50,-153.493,107.514,,0.000,none
2026-03-16T11:19:51,-153.772,107.505,,0.000,none
2026-03-16T11:19:52,-154.050,107.467,,0.000,none
2026-03-16T11:19:53,-154.322,107.402,,0.000,none
2026-03-16T11:19:54,-154.586,107.310,,0.000,none
2026-03-16T11:19:55,-154.840,107.192,,0.000,none
2026-03-16T11:19:56,-155.038,107.082,,0.000,none
2026-03-16T11:19:57,-155.043,107.081,,0.000,none
2026-03-16T11:19:58,-155.088,107.080,,0.000,none
2026-03-16T11:19:59,-155.142,107.088,,0.000,none
2026-03-16T11:20:00,-155.154,107.090,,0.000,none
2026-03-16T11:20:01,-155.154,107.090,,0.000,none
2026-03-16T11:20:02,-155.331,107.135,,0.000,none
2026-03-16T11:20:03,-155.444,107.182,,0.000,none
2026-03-16T11:20:04,-155.681,107.299,,0.000,none
2026-03-16T11:20:05,-155.943,107.397,,0.000,none
2026-03-16T11:20:06,-156.214,107.468,,0.000,none
2026-03-16T11:20:07,-156.490,107.513,,0.000,none
2026-03-16T11:20:08,-156.770,107.529,,0.000,none
2026-03-16T11:20:09,-157.049,107.518,,0.000,none
2026-03-16T11:20:10,-157.326,107.478,,0.000,none
2026-03-16T11:20:11,-157.598,107.411,,0.000,none
2026-03-16T11:20:12,-157.862,107.318,,0.000,none
2026-03-16T11:20:13,-158.115,107.198,,0.000,none
2026-03-16T11:20:14,-158.266,107.117,,0.000,none
2026-03-16T11:20:15,-158.278,107.116,,0.000,none
2026-03-16T11:20:16,-158.325,107.119,,0.000,none
2026-03-16T11:20:17,-158.327,107.120,,0.000,none
2026-03-16T11:20:18,-158.450,107.187,,0.000,none
2026-03-16T11:20:19,-158.705,107.302,,0.000,none
2026-03-16T11:20:20,-158.970,107.392,,0.000,none
2026-03-16T11:20:21,-159.243,107.455,,0.000,none
2026-03-16T11:20:22,-159.521,107.490,,0.000,none
2026-03-16T11:20:23,-159.800,107.498,,0.000,none
2026-03-16T11:20:24,-160.079,107.477,,0.000,none
2026-03-16T11:20:25,-160.355,107.429,,0.000,none
2026-03-16T11:20:26,-160.625,107.353,,0.000,none
2026-03-16T11:20:27,-160.885,107.251,,0.000,none
2026-03-16T11:20:28,-160.964,107.217,,0.000,none
2026-03-16T11:20:29,-160.967,107.217,,0.000,none
2026-03-16T11:20:30,-160.967,107.217,,0.000,none
2026-03-16T11:20:31,-161.194,107.290,,0.000,none
2026-03-16T11:20:32,-161.467,107.350,,0.000,none
2026-03-16T11:20:33,-161.745,107.383,,0.000,none
2026-03-16T11:20:34,-162.025,107.389,,0.000,none
2026-03-16T11:20:35,-162.304,107.366,,0.000,none
2026-03-16T11:20:36,-162.579,107.315,,0.000,none
2026-03-16T11:20:37,-162.849,107.239,,0.000,none
2026-03-16T11:20:38,-162.863,107.235,,0.000,none
2026-03-16T11:20:39,-162.897,107.239,,0.000,none
2026-03-16T11:20:40,-162.937,107.251,,0.000,none
2026-03-16T11:20:41,-162.945,107.255,,0.000,none
2026-03-16T11:20:42,-163.023,107.288,,0.000,none
2026-03-16T11:20:43,-163.287,107.381,,0.000,none
2026-03-16T11:20:44,-163.559,107.447,,0.000,none
2026-03-16T11:20:45,-163.836,107.486,,0.000,none
2026-03-16T11:20:46,-164.116,107.496,,0.000,none
2026-03-16T11:20:47,-164.395,107.479,,0.000,none
2026-03-16T11:20:48,-164.671,107.434,,0.000,none
2026-03-16T11:20:49,-164.904,107.376,,0.000,none
2026-03-16T11:20:50,-164.904,107.376,,0.000,none
2026-03-16T11:20:51,-165.056,107.400,,0.000,none
2026-03-16T11:20:52,-165.335,107.422,,0.000,none
2026-03-16T11:20:53,-165.615,107.416,,0.000,none
2026-03-16T11:20:54,-165.892,107.381,,0.000,none
2026-03-16T11:20:55,-165.963,107.371,,0.000,none
2026-03-16T11:20:56,-165.980,107.376,,0.000,none
2026-03-16T11:20:57,-165.987,107.378,,0.000,none
2026-03-16T11:20:58,-166.062,107.441,,0.000,none
2026-03-16T11:20:59,-166.289,107.605,,0.000,none
2026-03-16T11:21:00,-166.531,107.745,,0.000,none
2026-03-16T11:21:01,-166.786,107.861,,0.000,none
2026-03-16T11:21:02,-167.051,107.950,,0.000,none
2026-03-16T11:21:03,-167.324,108.013,,0.000,none
2026-03-16T11:21:04,-167.602,108.048,,0.000,none
2026-03-16T11:21:05,-167.881,108.055,,0.000,none
2026-03-16T11:21:06,-168.161,108.034,,0.000,none
2026-03-16T11:21:07,-168.436,107.986,,0.000,none
2026-03-16T11:21:08,-168.706,107.912,,0.000,none
2026-03-16T11:21:09,-168.720,107.908,,0.000,none
2026-03-16T11:21:10,-168.728,107.909,,0.000,none
2026-03-16T11:21:11,-168.791,107.939,,0.000,none
2026-03-16T11:21:12,-169.050,108.045,,0.000,none
2026-03-16T11:21:13,-169.318,108.125,,0.000,none
2026-03-16T11:21:14,-169.593,108.177,,0.000,none
2026-03-16T11:21:15,-169.872,108.202,,0.000,none
2026-03-16T11:21:16,-169.952,108.208,,0.000,none
2026-03-16T11:21:17,-169.952,108.208,,0.000,none
2026-03-16T11:21:18,-170.171,108.332,,0.000,none
2026-03-16T11:21:19,-170.427,108.447,,0.000,none
2026-03-16T11:21:20,-170.627,108.520,,0.000,none
2026-03-16T11:21:21,-170.644,108.527,,0.000,none
2026-03-16T11:21:22,-170.644,108.527,,0.000,none
2026-03-16T11:21:23,-170.763,108.584,,0.000,none
2026-03-16T11:21:24,-170.869,108.658,,0.000,none
2026-03-16T11:21:25,-171.096,108.822,,0.000,none
2026-03-16T11:21:26,-171.338,108.963,,0.000,none
2026-03-16T11:21:27,-171.593,109.079,,0.000,none
2026-03-16T11:21:28,-171.858,109.168,,0.000,none
2026-03-16T11:21:29,-172.131,109.231,,0.000,none
2026-03-16T11:21:30,-172.408,109.266,,0.000,none
2026-03-16T11:21:31,-172.688,109.274,,0.000,none
2026-03-16T11:21:32,-172.967,109.253,,0.000,none
2026-03-16T11:21:33,-173.243,109.205,,0.000,none
2026-03-16T11:21:34,-173.512,109.129,,0.000,none
2026-03-16T11:21:35,-173.696,109.064,,0.000,none
2026-03-16T11:21:36,-173.696,109.064,,0.000,none
2026-03-16T11:21:37,-173.696,109.064,,0.000,none
2026-03-16T11:21:38,-173.939,109.130,,0.000,none
2026-03-16T11:21:39,-174.215,109.177,,0.000,none
2026-03-16T11:21:40,-174.454,109.207,,0.000,none
2026-03-16T11:21:41,-174.685,109.250,,0.000,none
2026-03-16T11:21:42,-174.952,109.318,,0.000,none
2026-03-16T11:21:43,-175.219,109.403,,0.000,none
2026-03-16T11:21:44,-175.428,109.482,,0.000,none
2026-03-16T11:21:45,-175.428,109.482,,0.000,none
2026-03-16T11:21:46,-175.572,109.616,,0.000,none
2026-03-16T11:21:47,-175.792,109.788,,0.000,none
2026-03-16T11:21:48,-176.027,109.940,,0.000,none
2026-03-16T11:21:49,-176.218,110.058,,0.000,none
2026-03-16T11:21:50,-176.218,110.058,,0.000,none
2026-03-16T11:21:51,-176.335,110.215,,0.000,none
2026-03-16T11:21:52,-176.520,110.425,,0.000,none
2026-03-16T11:21:53,-176.723,110.618,,0.000,none
2026-03-16T11:21:54,-176.942,110.792,,0.000,none
2026-03-16T11:21:55,-177.178,110.943,,0.000,none
2026-03-16T11:21:56,-177.427,111.070,,0.000,none
2026-03-16T11:21:57,-177.688,111.171,,0.000,none
2026-03-16T11:21:58,-177.958,111.246,,0.000,none
2026-03-16T11:21:59,-178.234,111.294,,0.000,none
2026-03-16T11:22:00,-178.503,111.314,,0.000,none
2026-03-16T11:22:01,-178.730,111.354,,0.000,none
2026-03-16T11:22:02,-178.941,111.427,,0.000,none
2026-03-16T11:22:03,-179.138,111.529,,0.000,none
2026-03-16T11:22:04,-179.304,111.651,,0.000,none
2026-03-16T11:22:05,-179.458,111.790,,0.000,none
2026-03-16T11:22:06,-179.458,111.790,,0.000,none
2026-03-16T11:22:07,-179.517,111.933,,0.000,none
2026-03-16T11:22:08,-179.644,112.182,,0.000,none
2026-03-16T11:22:09,-179.795,112.417,,0.000,none
2026-03-16T11:22:10,-179.954,112.648,,0.000,none
2026-03-16T11:22:11,-179.962,112.659,,0.000,none
2026-03-16T11:22:12,-179.989,112.783,,0.000,none
2026-03-16T11:22:13,-180.067,113.051,,0.000,none
2026-03-16T11:22:14,-180.148,113.264,,0.000,none
2026-03-16T11:22:15,-180.148,113.264,,0.000,none
2026-03-16T11:22:16,-180.142,113.418,,0.000,none
2026-03-16T11:22:17,-180.152,113.698,,0.000,none
2026-03-16T11:22:18,-180.157,113.776,,0.000,none
2026-03-16T11:22:19,-180.157,113.776,,0.000,none
2026-03-16T11:22:20,-180.093,113.893,,0.000,none
2026-03-16T11:22:21,-180.093,113.893,,0.000,none
2026-03-16T11:22:22,-180.060,113.955,,0.000,none
2026-03-16T11:22:23,-179.899,114.266,,0.000,none
2026-03-16T11:22:24,-179.783,114.522,,0.000,none
2026-03-16T11:22:25,-179.766,114.578,,0.000,none
2026-03-16T11:22:26,-179.766,114.583,,0.000,none
2026-03-16T11:22:27,-179.767,114.597,,0.000,none
2026-03-16T11:22:28,-179.767,114.599,,0.000,none
2026-03-16T11:22:29,-179.767,114.599,,0.000,none
2026-03-16T11:22:30,-179.768,114.614,,0.000,none
2026-03-16T11:22:31,-179.767,114.619,,0.000,none
2026-03-16T11:22:32,-179.767,114.619,,0.000,none
2026-03-16T11:22:33,-179.769,114.625,,0.000,none
2026-03-16T11:22:34,-179.768,114.633,,0.000,none
2026-03-16T11:22:35,-179.769,114.637,,0.000,none
2026-03-16T11:22:36,-179.769,114.641,,0.000,none
2026-03-16T11:22:37,-179.769,114.649,,0.000,none
2026-03-16T11:22:38,-179.769,114.651,,0.000,none
2026-03-16T11:22:39,-179.769,114.651,,0.000,none
2026-03-16T11:22:40,-179.759,114.768,,0.000,none
2026-03-16T11:22:41,-179.766,114.820,,0.000,none
2026-03-16T11:22:42,-179.769,114.835,,0.000,none
2026-03-16T11:22:43,-179.769,114.835,,0.000,none
2026-03-16T11:22:44,-179.833,115.090,,0.000,none
2026-03-16T11:22:45,-179.930,115.426,,0.000,none
2026-03-16T11:22:46,-180.042,115.758,,0.000,none
2026-03-16T11:22:47,-180.170,116.083,,0.000,none
2026-03-16T11:22:48,-180.314,116.402,,0.000,none
2026-03-16T11:22:49,-180.474,116.714,,0.000,none
2026-03-16T11:22:50,-180.627,116.990,,0.000,none
2026-03-16T11:22:51,-180.798,117.282,,0.000,none
2026-03-16T11:22:52,-180.944,117.523,,0.000,none
2026-03-16T11:22:53,-181.081,117.782,,0.000,none
2026-03-16T11:22:54,-181.225,118.062,,0.000,none
2026-03-16T11:22:55,-181.229,118.072,,0.000,none
2026-03-16T11:22:56,-181.229,118.072,,0.000,none
2026-03-16T11:22:57,-181.318,118.282,,0.000,none
2026-03-16T11:22:58,-181.455,118.579,,0.000,none
2026-03-16T11:22:59,-181.481,118.636,,0.000,none
2026-03-16T11:23:00,-181.481,118.636,,0.000,none
2026-03-16T11:23:01,-181.550,118.792,,0.000,none
2026-03-16T11:23:02,-181.595,118.887,,0.000,none
2026-03-16T11:23:03,-181.595,118.887,,0.000,none
2026-03-16T11:23:04,-181.617,118.935,,0.000,none
2026-03-16T11:23:05,-181.662,119.033,,0.000,none
2026-03-16T11:23:06,-181.662,119.033,,0.000,none
2026-03-16T11:23:07,-181.690,119.097,,0.000,none
2026-03-16T11:23:08,-181.745,119.221,,0.000,none
2026-03-16T11:23:09,-181.745,119.221,,0.000,none
2026-03-16T11:23:10,-181.774,119.300,,0.000,none
2026-03-16T11:23:11,-181.858,119.510,,0.000,none
2026-03-16T11:23:12,-181.860,119.516,,0.000,none
2026-03-16T11:23:13,-181.860,119.516,,0.000,none
2026-03-16T11:23:14,-181.893,119.608,,0.000,none
2026-03-16T11:23:15,-182.005,119.812,,0.000,none
2026-03-16T11:23:16,-182.162,120.044,,0.000,none
2026-03-16T11:23:17,-182.341,120.259,,0.000,none
2026-03-16T11:23:18,-182.540,120.455,,0.000,none
2026-03-16T11:23:19,-182.759,120.630,,0.000,none
2026-03-16T11:23:20,-182.993,120.783,,0.000,none
2026-03-16T11:23:21,-183.242,120.911,,0.000,none
2026-03-16T11:23:22,-183.502,121.014,,0.000,none
2026-03-16T11:23:23,-183.772,121.090,,0.000,none
2026-03-16T11:23:24,-184.047,121.139,,0.000,none
2026-03-16T11:23:25,-184.326,121.161,,0.000,none
2026-03-16T11:23:26,-184.606,121.154,,0.000,none
2026-03-16T11:23:27,-184.884,121.120,,0.000,none
2026-03-16T11:23:28,-185.157,121.058,,0.000,none
2026-03-16T11:23:29,-185.422,120.969,,0.000,none
2026-03-16T11:23:30,-185.677,120.853,,0.000,none
2026-03-16T11:23:31,-185.920,120.714,,0.000,none
2026-03-16T11:32:08,-38.484,1.034,,0.016,none
2026-03-16T11:32:09,-38.487,1.033,,0.013,none
2026-03-16T11:32:10,-38.487,1.033,,0.013,none
2026-03-16T11:32:11,-38.770,0.940,,0.000,none
2026-03-16T11:32:12,-39.107,0.846,,0.000,none
2026-03-16T11:32:13,-39.450,0.777,,0.000,none
2026-03-16T11:32:14,-39.797,0.732,,0.000,none
2026-03-16T11:32:15,-40.147,0.709,,0.000,none
2026-03-16T11:32:16,-40.496,0.704,,0.000,none
2026-03-16T11:32:17,-40.846,0.715,,0.000,none
2026-03-16T11:32:18,-41.195,0.741,,0.000,none
2026-03-16T11:32:19,-41.543,0.778,,0.000,none
2026-03-16T11:32:20,-41.891,0.822,,0.000,none
2026-03-16T11:32:21,-42.237,0.870,,0.000,none
2026-03-16T11:32:22,-42.584,0.921,,0.000,none
2026-03-16T11:32:23,-42.929,0.977,,0.000,none
2026-03-16T11:32:24,-43.274,1.038,,0.000,none
2026-03-16T11:32:25,-43.616,1.110,,0.000,none
2026-03-16T11:32:26,-43.958,1.186,,0.000,none
2026-03-16T11:32:27,-44.298,1.268,,0.000,none
2026-03-16T11:32:28,-44.637,1.354,,0.000,none
2026-03-16T11:32:29,-44.975,1.444,,0.000,none
2026-03-16T11:32:30,-45.312,1.539,,0.000,none
2026-03-16T11:32:31,-45.648,1.638,,0.000,none
2026-03-16T11:32:32,-45.982,1.744,,0.000,none
2026-03-16T11:32:33,-46.313,1.857,,0.000,none
2026-03-16T11:32:34,-46.642,1.977,,0.000,none
2026-03-16T11:32:35,-46.968,2.103,,0.000,none
2026-03-16T11:32:36,-47.292,2.237,,0.000,none
2026-03-16T11:32:37,-47.612,2.377,,0.000,none
2026-03-16T11:32:38,-47.930,2.525,,0.000,none
2026-03-16T11:32:39,-48.243,2.680,,0.000,none
2026-03-16T11:32:40,-48.553,2.843,,0.000,none
2026-03-16T11:32:41,-48.858,3.014,,0.000,none
2026-03-16T11:32:42,-49.159,3.193,,0.000,none
2026-03-16T11:32:43,-49.455,3.380,,0.000,none
2026-03-16T11:32:44,-49.746,3.574,,0.000,none
2026-03-16T11:32:45,-50.033,3.774,,0.000,none
2026-03-16T11:32:46,-50.316,3.981,,0.000,none
2026-03-16T11:32:47,-50.594,4.193,,0.000,none
2026-03-16T11:32:48,-50.868,4.411,,0.000,none
2026-03-16T11:32:49,-51.138,4.634,,0.000,none
2026-03-16T11:32:50,-51.403,4.862,,0.000,none
2026-03-16T11:32:51,-51.663,5.097,,0.000,none
2026-03-16T11:32:52,-51.914,5.340,,0.000,none
2026-03-16T11:32:53,-52.158,5.591,,0.000,none
2026-03-16T11:32:54,-52.395,5.849,,0.000,none
2026-03-16T11:32:55,-52.626,6.111,,0.000,none
2026-03-16T11:32:56,-52.852,6.379,,0.000,none
2026-03-16T11:32:57,-53.074,6.650,,0.000,none
2026-03-16T11:32:58,-53.289,6.926,,0.000,none
2026-03-16T11:32:59,-53.497,7.208,,0.000,none
2026-03-16T11:33:00,-53.696,7.495,,0.000,none
2026-03-16T11:33:01,-53.888,7.788,,0.000,none
2026-03-16T11:33:02,-54.073,8.085,,0.000,none
2026-03-16T11:33:03,-54.251,8.386,,0.000,none
2026-03-16T11:33:04,-54.425,8.690,,0.000,none
2026-03-16T11:33:05,-54.595,8.996,,0.000,none
2026-03-16T11:33:06,-54.761,9.304,,0.000,none
2026-03-16T11:33:07,-54.924,9.614,,0.000,none
2026-03-16T11:33:08,-55.084,9.925,,0.000,none
2026-03-16T11:33:09,-55.239,10.239,,0.000,none
2026-03-16T11:33:10,-55.390,10.555,,0.000,none
2026-03-16T11:33:11,-55.535,10.873,,0.000,none
2026-03-16T11:33:12,-55.676,11.194,,0.000,none
2026-03-16T11:33:13,-55.811,11.516,,0.000,none
2026-03-16T11:33:14,-55.942,11.841,,0.000,none
2026-03-16T11:33:15,-56.068,12.168,,0.000,none
2026-03-16T11:33:16,-56.189,12.496,,0.000,none
2026-03-16T11:33:17,-56.305,12.826,,0.000,none
2026-03-16T11:33:18,-56.416,13.158,,0.000,none
2026-03-16T11:33:19,-56.484,13.384,,0.000,none
2026-03-16T11:33:20,-56.497,13.506,,0.000,none
2026-03-16T11:33:21,-56.520,13.785,,0.000,none
2026-03-16T11:33:22,-56.569,14.060,,0.000,none
2026-03-16T11:33:23,-56.646,14.329,,0.000,none
2026-03-16T11:33:24,-56.750,14.589,,0.000,none
2026-03-16T11:33:25,-56.879,14.838,,0.000,none
2026-03-16T11:33:26,-57.032,15.072,,0.000,none
2026-03-16T11:33:27,-57.208,15.290,,0.000,none
2026-03-16T11:33:28,-57.328,15.422,,0.000,none
2026-03-16T11:33:29,-57.351,15.465,,0.000,none
2026-03-16T11:33:30,-57.362,15.495,,0.000,none
2026-03-16T11:33:31,-57.362,15.495,,0.000,none
2026-03-16T11:33:32,-57.406,15.628,,0.000,none
2026-03-16T11:33:33,-57.499,15.965,,0.000,none
2026-03-16T11:33:34,-57.534,16.153,,0.000,none
2026-03-16T11:33:35,-57.531,16.307,,0.000,none
2026-03-16T11:33:36,-57.535,16.587,,0.000,none
2026-03-16T11:33:37,-57.566,16.865,,0.000,none
2026-03-16T11:33:38,-57.624,17.138,,0.000,none
2026-03-16T11:33:39,-57.710,17.405,,0.000,none
2026-03-16T11:33:40,-57.822,17.661,,0.000,none
2026-03-16T11:33:41,-57.958,17.906,,0.000,none
2026-03-16T11:33:42,-58.119,18.135,,0.000,none
2026-03-16T11:33:43,-58.302,18.347,,0.000,none
2026-03-16T11:33:44,-58.505,18.540,,0.000,none
2026-03-16T11:33:45,-58.726,18.711,,0.000,none
2026-03-16T11:33:46,-58.963,18.860,,0.000,none
2026-03-16T11:33:47,-59.214,18.984,,0.000,none
2026-03-16T11:33:48,-59.418,19.091,,0.000,none
2026-03-16T11:33:49,-59.623,19.226,,0.000,none
2026-03-16T11:33:50,-59.813,19.396,,0.000,none
2026-03-16T11:33:51,-59.989,19.567,,0.000,none
2026-03-16T11:33:52,-60.148,19.755,,0.000,none
2026-03-16T11:33:53,-60.284,19.947,,0.000,none
2026-03-16T11:33:54,-60.417,20.171,,0.000,none
2026-03-16T11:33:55,-60.530,20.384,,0.000,none
2026-03-16T11:33:56,-60.583,20.501,,0.000,none
2026-03-16T11:33:57,-60.583,20.501,,0.000,none
2026-03-16T11:33:58,-60.590,20.753,,0.000,none
2026-03-16T11:33:59,-60.625,21.031,,0.000,none
2026-03-16T11:34:00,-60.670,21.282,,0.000,none
2026-03-16T11:34:01,-60.706,21.515,,0.000,none
2026-03-16T11:34:02,-60.739,21.764,,0.000,none
2026-03-16T11:34:03,-60.773,22.017,,0.000,none
2026-03-16T11:34:04,-60.798,22.242,,0.000,none
2026-03-16T11:34:05,-60.820,22.491,,0.000,none
2026-03-16T11:34:06,-60.826,22.592,,0.000,none
2026-03-16T11:34:07,-60.826,22.592,,0.000,none
2026-03-16T11:34:08,-60.738,22.858,,0.000,none
2026-03-16T11:34:09,-60.677,23.131,,0.000,none
2026-03-16T11:34:10,-60.643,23.409,,0.000,none
2026-03-16T11:34:11,-60.637,23.689,,0.000,none
2026-03-16T11:34:12,-60.660,23.968,,0.000,none
2026-03-16T11:34:13,-60.710,24.243,,0.000,none
2026-03-16T11:34:14,-60.787,24.512,,0.000,none
2026-03-16T11:34:15,-60.857,24.742,,0.000,none
2026-03-16T11:34:16,-60.925,24.984,,0.000,none
2026-03-16T11:34:17,-60.975,25.204,,0.000,none
2026-03-16T11:34:18,-60.976,25.213,,0.000,none
2026-03-16T11:34:19,-60.965,25.239,,0.000,none
2026-03-16T11:34:20,-60.873,25.503,,0.000,none
2026-03-16T11:34:21,-60.807,25.775,,0.000,none
2026-03-16T11:34:22,-60.769,26.053,,0.000,none
2026-03-16T11:34:23,-60.758,26.332,,0.000,none
2026-03-16T11:34:24,-60.776,26.612,,0.000,none
2026-03-16T11:34:25,-60.820,26.883,,0.000,none
2026-03-16T11:34:26,-60.826,26.919,,0.000,none
2026-03-16T11:34:27,-60.808,27.001,,0.000,none
2026-03-16T11:34:28,-60.765,27.278,,0.000,none
2026-03-16T11:34:29,-60.750,27.557,,0.000,none
2026-03-16T11:34:30,-60.763,27.837,,0.000,none
2026-03-16T11:34:31,-60.803,28.113,,0.000,none
2026-03-16T11:34:32,-60.872,28.385,,0.000,none
2026-03-16T11:34:33,-60.937,28.622,,0.000,none
2026-03-16T11:34:34,-60.999,28.849,,0.000,none
2026-03-16T11:34:35,-61.057,29.093,,0.000,none
2026-03-16T11:34:36,-61.113,29.337,,0.000,none
2026-03-16T11:34:37,-61.170,29.576,,0.000,none
2026-03-16T11:34:38,-61.224,29.816,,0.000,none
2026-03-16T11:34:39,-61.229,29.843,,0.000,none
2026-03-16T11:34:40,-61.211,29.939,,0.000,none
2026-03-16T11:34:41,-61.177,30.217,,0.000,none
2026-03-16T11:34:42,-61.172,30.497,,0.000,none
2026-03-16T11:34:43,-61.194,30.776,,0.000,none
2026-03-16T11:34:44,-61.244,31.051,,0.000,none
2026-03-16T11:34:45,-61.321,31.320,,0.000,none
2026-03-16T11:34:46,-61.424,31.580,,0.000,none
2026-03-16T11:34:47,-61.518,31.802,,0.000,none
2026-03-16T11:34:48,-61.608,32.031,,0.000,none
2026-03-16T11:34:49,-61.688,32.252,,0.000,none
2026-03-16T11:34:50,-61.778,32.491,,0.000,none
2026-03-16T11:34:51,-61.864,32.727,,0.000,none
2026-03-16T11:34:52,-61.945,32.959,,0.000,none
2026-03-16T11:34:53,-62.032,33.199,,0.000,none
2026-03-16T11:34:54,-62.114,33.425,,0.000,none
2026-03-16T11:34:55,-62.196,33.657,,0.000,none
2026-03-16T11:34:56,-62.276,33.900,,0.000,none
2026-03-16T11:34:57,-62.364,34.165,,0.000,none
2026-03-16T11:34:58,-62.455,34.430,,0.000,none
2026-03-16T11:34:59,-62.518,34.630,,0.000,none
2026-03-16T11:35:00,-62.517,34.646,,0.000,none
2026-03-16T11:35:01,-62.517,34.646,,0.000,none
2026-03-16T11:35:02,-62.456,34.739,,0.000,none
2026-03-16T11:35:03,-62.456,34.739,,0.000,none
2026-03-16T11:35:04,-62.446,34.753,,0.000,none
2026-03-16T11:35:05,-62.243,35.038,,0.000,none
2026-03-16T11:35:06,-62.036,35.321,,0.000,none
2026-03-16T11:35:07,-61.835,35.607,,0.000,none
2026-03-16T11:35:08,-61.713,35.782,,0.000,none
2026-03-16T11:35:09,-61.608,35.884,,0.000,none
2026-03-16T11:35:10,-61.411,36.083,,0.000,none
2026-03-16T11:35:11,-61.234,36.300,,0.000,none
2026-03-16T11:35:12,-61.080,36.533,,0.000,none
2026-03-16T11:35:13,-60.965,36.749,,0.000,none
2026-03-16T11:35:14,-60.948,36.799,,0.000,none
2026-03-16T11:35:15,-60.940,36.837,,0.000,none
2026-03-16T11:35:16,-60.940,36.837,,0.000,none
2026-03-16T11:35:17,-60.920,36.958,,0.000,none
2026-03-16T11:35:18,-60.873,37.305,,0.000,none
2026-03-16T11:35:19,-60.846,37.654,,0.000,none
2026-03-16T11:35:20,-60.836,38.004,,0.000,none
2026-03-16T11:35:21,-60.844,38.354,,0.000,none
2026-03-16T11:35:22,-60.867,38.703,,0.000,none
2026-03-16T11:35:23,-60.908,39.050,,0.000,none
2026-03-16T11:35:24,-60.969,39.395,,0.000,none
2026-03-16T11:35:25,-61.049,39.736,,0.000,none
2026-03-16T11:35:26,-61.147,40.071,,0.000,none
2026-03-16T11:35:27,-61.262,40.402,,0.000,none
2026-03-16T11:35:28,-61.394,40.726,,0.000,none
2026-03-16T11:35:29,-61.541,41.044,,0.000,none
2026-03-16T11:35:30,-61.699,41.356,,0.000,none
2026-03-16T11:35:31,-61.868,41.663,,0.000,none
2026-03-16T11:35:32,-62.044,41.965,,0.000,none
2026-03-16T11:35:33,-62.229,42.262,,0.000,none
2026-03-16T11:35:34,-62.422,42.554,,0.000,none
2026-03-16T11:35:35,-62.535,42.707,,0.000,none
2026-03-16T11:35:36,-62.643,42.806,,0.000,none
2026-03-16T11:35:37,-62.871,42.969,,0.000,none
2026-03-16T11:35:38,-63.113,43.108,,0.000,none
2026-03-16T11:35:39,-63.369,43.223,,0.000,none
2026-03-16T11:35:40,-63.634,43.312,,0.000,none
2026-03-16T11:35:41,-63.907,43.373,,0.000,none
2026-03-16T11:35:42,-64.185,43.409,,0.000,none
2026-03-16T11:35:43,-64.235,43.420,,0.000,none
2026-03-16T11:35:44,-64.282,43.444,,0.000,none
2026-03-16T11:35:45,-64.303,43.457,,0.000,none
2026-03-16T11:35:46,-64.303,43.457,,0.000,none
2026-03-16T11:35:47,-64.478,43.573,,0.000,none
2026-03-16T11:35:48,-64.761,43.779,,0.000,none
2026-03-16T11:35:49,-65.036,43.995,,0.000,none
2026-03-16T11:35:50,-65.306,44.218,,0.000,none
2026-03-16T11:35:51,-65.576,44.441,,0.000,none
2026-03-16T11:35:52,-65.848,44.661,,0.000,none
2026-03-16T11:35:53,-66.126,44.873,,0.000,none
2026-03-16T11:35:54,-66.412,45.076,,0.000,none
2026-03-16T11:35:55,-66.703,45.270,,0.000,none
2026-03-16T11:35:56,-66.999,45.456,,0.000,none
2026-03-16T11:35:57,-67.302,45.632,,0.000,none
2026-03-16T11:35:58,-67.611,45.797,,0.000,none
2026-03-16T11:35:59,-67.926,45.949,,0.000,none
2026-03-16T11:36:00,-68.248,46.087,,0.000,none
2026-03-16T11:36:01,-68.575,46.209,,0.000,none
2026-03-16T11:36:02,-68.908,46.318,,0.000,none
2026-03-16T11:36:03,-69.246,46.410,,0.000,none
2026-03-16T11:36:04,-69.586,46.490,,0.000,none
2026-03-16T11:36:05,-69.929,46.559,,0.000,none
2026-03-16T11:36:06,-70.274,46.619,,0.000,none
2026-03-16T11:36:07,-70.621,46.669,,0.000,none
2026-03-16T11:36:08,-70.968,46.710,,0.000,none
2026-03-16T11:36:09,-71.317,46.740,,0.000,none
2026-03-16T11:36:10,-71.666,46.761,,0.000,none
2026-03-16T11:36:11,-72.016,46.774,,0.000,none
2026-03-16T11:36:12,-72.366,46.779,,0.000,none
2026-03-16T11:36:13,-72.716,46.778,,0.000,none
2026-03-16T11:36:14,-73.066,46.774,,0.000,none
2026-03-16T11:36:15,-73.416,46.766,,0.000,none
2026-03-16T11:36:16,-73.766,46.754,,0.000,none
2026-03-16T11:36:17,-74.115,46.739,,0.000,none
2026-03-16T11:36:18,-74.465,46.721,,0.000,none
2026-03-16T11:36:19,-74.814,46.700,,0.000,none
2026-03-16T11:36:20,-75.164,46.677,,0.000,none
2026-03-16T11:36:21,-75.513,46.654,,0.000,none
2026-03-16T11:36:22,-75.862,46.630,,0.000,none
2026-03-16T11:36:23,-76.211,46.606,,0.000,none
2026-03-16T11:36:24,-76.560,46.583,,0.000,none
2026-03-16T11:36:25,-76.910,46.559,,0.000,none
2026-03-16T11:36:26,-77.259,46.536,,0.000,none
2026-03-16T11:36:27,-77.608,46.512,,0.000,none
2026-03-16T11:36:28,-77.957,46.488,,0.000,none
2026-03-16T11:36:29,-78.306,46.465,,0.000,none
2026-03-16T11:36:30,-78.656,46.441,,0.000,none
2026-03-16T11:36:31,-79.005,46.417,,0.000,none
2026-03-16T11:36:32,-79.354,46.392,,0.000,none
2026-03-16T11:36:33,-79.703,46.368,,0.000,none
2026-03-16T11:36:34,-80.052,46.344,,0.000,none
2026-03-16T11:36:35,-80.401,46.320,,0.000,none
2026-03-16T11:36:36,-80.751,46.296,,0.000,none
2026-03-16T11:36:37,-81.100,46.272,,0.000,none
2026-03-16T11:36:38,-81.449,46.247,,0.000,none
2026-03-16T11:36:39,-81.798,46.221,,0.000,none
2026-03-16T11:36:40,-82.147,46.193,,0.000,none
2026-03-16T11:36:41,-82.496,46.165,,0.000,none
2026-03-16T11:36:42,-82.844,46.135,,0.000,none
2026-03-16T11:36:43,-83.193,46.103,,0.000,none
2026-03-16T11:36:44,-83.541,46.069,,0.000,none
2026-03-16T11:36:45,-83.889,46.034,,0.000,none
2026-03-16T11:36:46,-84.238,45.996,,0.000,none
2026-03-16T11:36:47,-84.585,45.957,,0.000,none
2026-03-16T11:36:48,-84.933,45.916,,0.000,none
2026-03-16T11:36:49,-85.280,45.873,,0.000,none
2026-03-16T11:36:50,-85.627,45.828,,0.000,none
2026-03-16T11:36:51,-85.974,45.781,,0.000,none
2026-03-16T11:36:52,-86.321,45.733,,0.000,none
2026-03-16T11:36:53,-86.667,45.682,,0.000,none
2026-03-16T11:36:54,-87.013,45.629,,0.000,none
2026-03-16T11:36:55,-87.359,45.574,,0.000,none
2026-03-16T11:36:56,-87.704,45.518,,0.000,none
2026-03-16T11:36:57,-88.049,45.460,,0.000,none
2026-03-16T11:36:58,-88.394,45.402,,0.000,none
2026-03-16T11:36:59,-88.739,45.342,,0.000,none
2026-03-16T11:37:00,-89.084,45.281,,0.000,none
2026-03-16T11:37:01,-89.429,45.220,,0.000,none
2026-03-16T11:37:02,-89.773,45.158,,0.000,none
2026-03-16T11:37:03,-90.117,45.095,,0.000,none
2026-03-16T11:37:04,-90.462,45.033,,0.000,none
2026-03-16T11:37:05,-90.806,44.970,,0.000,none
2026-03-16T11:37:06,-91.150,44.907,,0.000,none
2026-03-16T11:37:07,-91.495,44.844,,0.000,none
2026-03-16T11:37:08,-91.839,44.781,,0.000,none
2026-03-16T11:37:09,-92.183,44.719,,0.000,none
2026-03-16T11:37:10,-92.528,44.656,,0.000,none
2026-03-16T11:37:11,-92.872,44.594,,0.000,none
2026-03-16T11:37:12,-93.216,44.531,,0.000,none
2026-03-16T11:37:13,-93.561,44.470,,0.000,none
2026-03-16T11:37:14,-93.906,44.412,,0.000,none
2026-03-16T11:37:15,-94.253,44.361,,0.000,none
2026-03-16T11:37:16,-94.598,44.304,,0.000,none
2026-03-16T11:37:17,-94.943,44.246,,0.000,none
2026-03-16T11:37:18,-95.289,44.192,,0.000,none
2026-03-16T11:37:19,-95.634,44.135,,0.000,none
2026-03-16T11:37:20,-95.979,44.076,,0.000,none
2026-03-16T11:37:21,-96.324,44.014,,0.000,none
2026-03-16T11:37:22,-96.668,43.949,,0.000,none
2026-03-16T11:37:23,-97.011,43.882,,0.000,none
2026-03-16T11:37:24,-97.354,43.813,,0.000,none
2026-03-16T11:37:25,-97.697,43.741,,0.000,none
2026-03-16T11:37:26,-98.039,43.668,,0.000,none
2026-03-16T11:37:27,-98.381,43.594,,0.000,none
2026-03-16T11:37:28,-98.723,43.519,,0.000,none
2026-03-16T11:37:29,-99.065,43.443,,0.000,none
2026-03-16T11:37:30,-99.406,43.367,,0.000,none
2026-03-16T11:37:31,-99.748,43.291,,0.000,none
2026-03-16T11:37:32,-100.090,43.215,,0.000,none
2026-03-16T11:37:33,-100.431,43.139,,0.000,none
2026-03-16T11:37:34,-100.773,43.062,,0.000,none
2026-03-16T11:37:35,-101.114,42.985,,0.000,none
2026-03-16T11:37:36,-101.455,42.908,,0.000,none
2026-03-16T11:37:37,-101.797,42.832,,0.000,none
2026-03-16T11:37:38,-102.139,42.755,,0.000,none
2026-03-16T11:37:39,-102.480,42.680,,0.000,none
2026-03-16T11:37:40,-102.823,42.607,,0.000,none
2026-03-16T11:37:41,-103.165,42.536,,0.000,none
2026-03-16T11:37:42,-103.508,42.465,,0.000,none
2026-03-16T11:37:43,-103.851,42.396,,0.000,none
2026-03-16T11:37:44,-104.195,42.329,,0.000,none
2026-03-16T11:37:45,-104.539,42.263,,0.000,none
2026-03-16T11:37:46,-104.883,42.200,,0.000,none
2026-03-16T11:37:47,-105.228,42.140,,0.000,none
2026-03-16T11:37:48,-105.574,42.088,,0.000,none
2026-03-16T11:37:49,-105.922,42.049,,0.000,none
2026-03-16T11:37:50,-106.269,42.010,,0.000,none
2026-03-16T11:37:51,-106.617,41.973,,0.000,none
2026-03-16T11:37:52,-106.966,41.944,,0.000,none
2026-03-16T11:37:53,-107.315,41.918,,0.000,none
2026-03-16T11:37:54,-107.664,41.891,,0.000,none
2026-03-16T11:37:55,-108.013,41.865,,0.000,none
2026-03-16T11:37:56,-108.362,41.842,,0.000,none
2026-03-16T11:37:57,-108.712,41.821,,0.000,none
2026-03-16T11:37:58,-109.061,41.801,,0.000,none
2026-03-16T11:37:59,-109.411,41.784,,0.000,none
2026-03-16T11:38:00,-109.761,41.772,,0.000,none
2026-03-16T11:38:01,-110.111,41.764,,0.000,none
2026-03-16T11:38:02,-110.461,41.762,,0.000,none
2026-03-16T11:38:03,-110.811,41.765,,0.000,none
2026-03-16T11:38:04,-111.160,41.774,,0.000,none
2026-03-16T11:38:05,-111.510,41.790,,0.000,none
2026-03-16T11:38:06,-111.859,41.811,,0.000,none
2026-03-16T11:38:07,-112.209,41.834,,0.000,none
2026-03-16T11:38:08,-112.558,41.860,,0.000,none
2026-03-16T11:38:09,-112.906,41.888,,0.000,none
2026-03-16T11:38:10,-113.255,41.922,,0.000,none
2026-03-16T11:38:11,-113.603,41.961,,0.000,none
2026-03-16T11:38:12,-113.950,42.004,,0.000,none
2026-03-16T11:38:13,-114.297,42.052,,0.000,none
2026-03-16T11:38:14,-114.643,42.102,,0.000,none
2026-03-16T11:38:15,-114.989,42.158,,0.000,none
2026-03-16T11:38:16,-115.334,42.216,,0.000,none
2026-03-16T11:38:17,-115.678,42.277,,0.000,none
2026-03-16T11:38:18,-116.022,42.341,,0.000,none
2026-03-16T11:38:19,-116.366,42.409,,0.000,none
2026-03-16T11:38:20,-116.709,42.480,,0.000,none
2026-03-16T11:38:21,-117.051,42.554,,0.000,none
2026-03-16T11:38:22,-117.392,42.633,,0.000,none
2026-03-16T11:38:23,-117.731,42.718,,0.000,none
2026-03-16T11:38:24,-118.069,42.810,,0.000,none
2026-03-16T11:38:25,-118.405,42.909,,0.000,none
2026-03-16T11:38:26,-118.739,43.013,,0.000,none
2026-03-16T11:38:27,-119.071,43.123,,0.000,none
2026-03-16T11:38:28,-119.401,43.239,,0.000,none
2026-03-16T11:38:29,-119.730,43.360,,0.000,none
2026-03-16T11:38:30,-120.055,43.488,,0.000,none
2026-03-16T11:38:31,-120.378,43.623,,0.000,none
2026-03-16T11:38:32,-120.698,43.766,,0.000,none
2026-03-16T11:38:33,-121.013,43.917,,0.000,none
2026-03-16T11:38:34,-121.325,44.076,,0.000,none
2026-03-16T11:38:35,-121.633,44.242,,0.000,none
2026-03-16T11:38:36,-121.938,44.415,,0.000,none
2026-03-16T11:38:37,-122.238,44.594,,0.000,none
2026-03-16T11:38:38,-122.535,44.780,,0.000,none
2026-03-16T11:38:39,-122.827,44.973,,0.000,none
2026-03-16T11:38:40,-123.114,45.173,,0.000,none
2026-03-16T11:38:41,-123.395,45.381,,0.000,none
2026-03-16T11:38:42,-123.670,45.598,,0.000,none
2026-03-16T11:38:43,-123.933,45.829,,0.000,none
2026-03-16T11:38:44,-124.185,46.071,,0.000,none
2026-03-16T11:38:45,-124.428,46.323,,0.000,none
2026-03-16T11:38:46,-124.662,46.583,,0.000,none
2026-03-16T11:38:47,-124.889,46.850,,0.000,none
2026-03-16T11:38:48,-125.108,47.123,,0.000,none
2026-03-16T11:38:49,-125.319,47.402,,0.000,none
2026-03-16T11:38:50,-125.522,47.687,,0.000,none
2026-03-16T11:38:51,-125.718,47.978,,0.000,none
2026-03-16T11:38:52,-125.907,48.272,,0.000,none
2026-03-16T11:38:53,-126.094,48.568,,0.000,none
2026-03-16T11:38:54,-126.277,48.866,,0.000,none
2026-03-16T11:38:55,-126.457,49.167,,0.000,none
2026-03-16T11:38:56,-126.633,49.469,,0.000,none
2026-03-16T11:38:57,-126.805,49.774,,0.000,none
2026-03-16T11:38:58,-126.972,50.081,,0.000,none
2026-03-16T11:38:59,-127.136,50.391,,0.000,none
2026-03-16T11:39:00,-127.297,50.702,,0.000,none
2026-03-16T11:39:01,-127.456,51.013,,0.000,none
2026-03-16T11:39:02,-127.612,51.326,,0.000,none
2026-03-16T11:39:03,-127.766,51.641,,0.000,none
2026-03-16T11:39:04,-127.919,51.956,,0.000,none
2026-03-16T11:39:05,-128.069,52.272,,0.000,none
2026-03-16T11:39:06,-128.217,52.589,,0.000,none
2026-03-16T11:39:07,-128.363,52.907,,0.000,none
2026-03-16T11:39:08,-128.508,53.226,,0.000,none
2026-03-16T11:39:09,-128.653,53.544,,0.000,none
2026-03-16T11:39:10,-128.797,53.863,,0.000,none
2026-03-16T11:39:11,-128.940,54.183,,0.000,none
2026-03-16T11:39:12,-129.083,54.502,,0.000,none
2026-03-16T11:39:13,-129.225,54.822,,0.000,none
2026-03-16T11:39:14,-129.366,55.142,,0.000,none
2026-03-16T11:39:15,-129.508,55.462,,0.000,none
2026-03-16T11:39:16,-129.649,55.783,,0.000,none
2026-03-16T11:39:17,-129.791,56.103,,0.000,none
2026-03-16T11:39:18,-129.933,56.423,,0.000,none
2026-03-16T11:39:19,-130.076,56.742,,0.000,none
2026-03-16T11:39:20,-130.220,57.061,,0.000,none
2026-03-16T11:39:21,-130.366,57.379,,0.000,none
2026-03-16T11:39:22,-130.512,57.697,,0.000,none
2026-03-16T11:39:23,-130.660,58.014,,0.000,none
2026-03-16T11:39:24,-130.808,58.331,,0.000,none
2026-03-16T11:39:25,-130.958,58.648,,0.000,none
2026-03-16T11:39:26,-131.109,58.963,,0.000,none
2026-03-16T11:39:27,-131.261,59.278,,0.000,none
2026-03-16T11:39:28,-131.415,59.593,,0.000,none
2026-03-16T11:39:29,-131.570,59.907,,0.000,none
2026-03-16T11:39:30,-131.726,60.220,,0.000,none
2026-03-16T11:39:31,-131.882,60.533,,0.000,none
2026-03-16T11:39:32,-132.039,60.846,,0.000,none
2026-03-16T11:39:33,-132.197,61.158,,0.000,none
2026-03-16T11:39:34,-132.356,61.470,,0.000,none
2026-03-16T11:39:35,-132.515,61.782,,0.000,none
2026-03-16T11:39:36,-132.674,62.094,,0.000,none
2026-03-16T11:39:37,-132.832,62.406,,0.000,none
2026-03-16T11:39:38,-132.991,62.718,,0.000,none
2026-03-16T11:39:39,-133.149,63.031,,0.000,none
2026-03-16T11:39:40,-133.306,63.343,,0.000,none
2026-03-16T11:39:41,-133.464,63.656,,0.000,none
2026-03-16T11:39:42,-133.621,63.968,,0.000,none
2026-03-16T11:39:43,-133.777,64.281,,0.000,none
2026-03-16T11:39:44,-133.934,64.595,,0.000,none
2026-03-16T11:39:45,-134.089,64.908,,0.000,none
2026-03-16T11:39:46,-134.245,65.222,,0.000,none
2026-03-16T11:39:47,-134.400,65.535,,0.000,none
2026-03-16T11:39:48,-134.554,65.849,,0.000,none
2026-03-16T11:39:49,-134.708,66.164,,0.000,none
2026-03-16T11:39:50,-134.862,66.478,,0.000,none
2026-03-16T11:39:51,-135.016,66.793,,0.000,none
2026-03-16T11:39:52,-135.169,67.107,,0.000,none
2026-03-16T11:39:53,-135.322,67.422,,0.000,none
2026-03-16T11:39:54,-135.476,67.736,,0.000,none
2026-03-16T11:39:55,-135.631,68.050,,0.000,none
2026-03-16T11:39:56,-135.785,68.364,,0.000,none
2026-03-16T11:39:57,-135.941,68.678,,0.000,none
2026-03-16T11:39:58,-136.097,68.991,,0.000,none
2026-03-16T11:39:59,-136.254,69.304,,0.000,none
2026-03-16T11:40:00,-136.411,69.617,,0.000,none
2026-03-16T11:40:01,-136.570,69.929,,0.000,none
2026-03-16T11:40:02,-136.729,70.240,,0.000,none
2026-03-16T11:40:03,-136.889,70.551,,0.000,none
2026-03-16T11:40:04,-137.049,70.863,,0.000,none
2026-03-16T11:40:05,-137.210,71.174,,0.000,none
2026-03-16T11:40:06,-137.372,71.484,,0.000,none
2026-03-16T11:40:07,-137.536,71.793,,0.000,none
2026-03-16T11:40:08,-137.700,72.102,,0.000,none
2026-03-16T11:40:09,-137.866,72.411,,0.000,none
2026-03-16T11:40:10,-138.033,72.718,,0.000,none
2026-03-16T11:40:11,-138.200,73.026,,0.000,none
2026-03-16T11:40:12,-138.368,73.333,,0.000,none
2026-03-16T11:40:13,-138.535,73.640,,0.000,none
2026-03-16T11:40:14,-138.703,73.947,,0.000,none
2026-03-16T11:40:15,-138.870,74.255,,0.000,none
2026-03-16T11:40:16,-139.037,74.562,,0.000,none
2026-03-16T11:40:17,-139.204,74.870,,0.000,none
2026-03-16T11:40:18,-139.370,75.178,,0.000,none
2026-03-16T11:40:19,-139.536,75.486,,0.000,none
2026-03-16T11:40:20,-139.702,75.795,,0.000,none
2026-03-16T11:40:21,-139.866,76.104,,0.000,none
2026-03-16T11:40:22,-140.032,76.412,,0.000,none
2026-03-16T11:40:23,-140.196,76.721,,0.000,none
2026-03-16T11:40:24,-140.359,77.030,,0.000,none
2026-03-16T11:40:25,-140.522,77.340,,0.000,none
2026-03-16T11:40:26,-140.684,77.651,,0.000,none
2026-03-16T11:40:27,-140.844,77.962,,0.000,none
2026-03-16T11:40:28,-141.004,78.273,,0.000,none
2026-03-16T11:40:29,-141.164,78.585,,0.000,none
2026-03-16T11:40:30,-141.325,78.895,,0.000,none
2026-03-16T11:40:31,-141.488,79.205,,0.000,none
2026-03-16T11:40:32,-141.654,79.513,,0.000,none
2026-03-16T11:40:33,-141.821,79.821,,0.000,none
2026-03-16T11:40:34,-141.989,80.128,,0.000,none
2026-03-16T11:40:35,-142.157,80.435,,0.000,none
2026-03-16T11:40:36,-142.327,80.741,,0.000,none
2026-03-16T11:40:37,-142.500,81.045,,0.000,none
2026-03-16T11:40:38,-142.676,81.347,,0.000,none
2026-03-16T11:40:39,-142.858,81.646,,0.000,none
2026-03-16T11:40:40,-143.043,81.944,,0.000,none
2026-03-16T11:40:41,-143.230,82.240,,0.000,none
2026-03-16T11:40:42,-143.421,82.533,,0.000,none
2026-03-16T11:40:43,-143.615,82.824,,0.000,none
2026-03-16T11:40:44,-143.813,83.112,,0.000,none
2026-03-16T11:40:45,-144.017,83.397,,0.000,none
2026-03-16T11:40:46,-144.227,83.677,,0.000,none
2026-03-16T11:40:47,-144.445,83.951,,0.000,none
2026-03-16T11:40:48,-144.673,84.217,,0.000,none
2026-03-16T11:40:49,-144.908,84.475,,0.000,none
2026-03-16T11:40:50,-145.153,84.726,,0.000,none
2026-03-16T11:40:51,-145.405,84.969,,0.000,none
2026-03-16T11:40:52,-145.665,85.203,,0.000,none
2026-03-16T11:40:53,-145.932,85.430,,0.000,none
2026-03-16T11:40:54,-146.206,85.647,,0.000,none
2026-03-16T11:40:55,-146.488,85.853,,0.000,none
2026-03-16T11:40:56,-146.779,86.048,,0.000,none
2026-03-16T11:40:57,-147.078,86.231,,0.000,none
2026-03-16T11:40:58,-147.383,86.403,,0.000,none
2026-03-16T11:40:59,-147.694,86.563,,0.000,none
2026-03-16T11:41:00,-148.009,86.714,,0.000,none
2026-03-16T11:41:01,-148.330,86.854,,0.000,none
2026-03-16T11:41:02,-148.655,86.984,,0.000,none
2026-03-16T11:41:03,-148.984,87.103,,0.000,none
2026-03-16T11:41:04,-149.320,87.203,,0.000,none
2026-03-16T11:41:05,-149.661,87.281,,0.000,none
2026-03-16T11:41:06,-150.006,87.341,,0.000,none
2026-03-16T11:41:07,-150.352,87.388,,0.000,none
2026-03-16T11:41:08,-150.700,87.427,,0.000,none
2026-03-16T11:41:09,-151.049,87.459,,0.000,none
2026-03-16T11:41:10,-151.398,87.484,,0.000,none
2026-03-16T11:41:11,-151.747,87.503,,0.000,none
2026-03-16T11:41:12,-152.097,87.516,,0.000,none
2026-03-16T11:41:13,-152.447,87.523,,0.000,none
2026-03-16T11:41:14,-152.797,87.526,,0.000,none
2026-03-16T11:41:15,-153.147,87.523,,0.000,none
2026-03-16T11:41:16,-153.497,87.518,,0.000,none
2026-03-16T11:41:17,-153.847,87.511,,0.000,none
2026-03-16T11:41:18,-154.197,87.503,,0.000,none
2026-03-16T11:41:19,-154.547,87.493,,0.000,none
2026-03-16T11:41:20,-154.896,87.482,,0.000,none
2026-03-16T11:41:21,-155.246,87.467,,0.000,none
2026-03-16T11:41:22,-155.596,87.452,,0.000,none
2026-03-16T11:41:23,-155.945,87.436,,0.000,none
2026-03-16T11:41:24,-156.295,87.419,,0.000,none
2026-03-16T11:41:25,-156.645,87.404,,0.000,none
2026-03-16T11:41:26,-156.994,87.387,,0.000,none
2026-03-16T11:41:27,-157.344,87.369,,0.000,none
2026-03-16T11:41:28,-157.693,87.350,,0.000,none
2026-03-16T11:41:29,-158.043,87.331,,0.000,none
2026-03-16T11:41:30,-158.392,87.311,,0.000,none
2026-03-16T11:41:31,-158.742,87.292,,0.000,none
2026-03-16T11:41:32,-159.091,87.272,,0.000,none
2026-03-16T11:41:33,-159.441,87.251,,0.000,none
2026-03-16T11:41:34,-159.790,87.232,,0.000,none
2026-03-16T11:41:35,-160.140,87.214,,0.000,none
2026-03-16T11:41:36,-160.489,87.197,,0.000,none
2026-03-16T11:41:37,-160.839,87.181,,0.000,none
2026-03-16T11:41:38,-161.188,87.165,,0.000,none
2026-03-16T11:41:39,-161.538,87.149,,0.000,none
2026-03-16T11:41:40,-161.888,87.133,,0.000,none
2026-03-16T11:41:41,-162.237,87.116,,0.000,none
2026-03-16T11:41:42,-162.587,87.098,,0.000,none
2026-03-16T11:41:43,-162.936,87.079,,0.000,none
2026-03-16T11:41:44,-163.286,87.058,,0.000,none
2026-03-16T11:41:45,-163.635,87.034,,0.000,none
2026-03-16T11:41:46,-163.984,87.006,,0.000,none
2026-03-16T11:41:47,-164.332,86.974,,0.000,none
2026-03-16T11:41:48,-164.680,86.939,,0.000,none
2026-03-16T11:41:49,-164.949,86.909,,0.000,none
2026-03-16T11:41:50,-165.071,86.914,,0.000,none
2026-03-16T11:41:51,-165.334,86.939,,0.000,none
2026-03-16T11:41:52,-165.614,86.939,,0.000,none
2026-03-16T11:41:53,-165.893,86.911,,0.000,none
2026-03-16T11:41:54,-166.167,86.855,,0.000,none
2026-03-16T11:41:55,-166.434,86.772,,0.000,none
2026-03-16T11:41:56,-166.692,86.662,,0.000,none
2026-03-16T11:41:57,-166.937,86.528,,0.000,none
2026-03-16T11:41:58,-167.168,86.370,,0.000,none
2026-03-16T11:41:59,-167.382,86.189,,0.000,none
2026-03-16T11:42:00,-167.552,86.020,,0.000,none
2026-03-16T11:42:01,-167.557,86.018,,0.000,none
2026-03-16T11:42:02,-167.600,86.003,,0.000,none
2026-03-16T11:42:03,-167.655,85.995,,0.000,none
2026-03-16T11:42:04,-167.667,85.994,,0.000,none
2026-03-16T11:42:05,-167.667,85.994,,0.000,none
2026-03-16T11:42:06,-167.833,85.985,,0.000,none
2026-03-16T11:42:07,-167.955,86.000,,0.000,none
2026-03-16T11:42:08,-168.232,86.041,,0.000,none
2026-03-16T11:42:09,-168.511,86.055,,0.000,none
2026-03-16T11:42:10,-168.791,86.041,,0.000,none
2026-03-16T11:42:11,-169.067,86.000,,0.000,none
2026-03-16T11:42:12,-169.339,85.930,,0.000,none
2026-03-16T11:42:13,-169.602,85.834,,0.000,none
2026-03-16T11:42:14,-169.854,85.713,,0.000,none
2026-03-16T11:42:15,-170.092,85.566,,0.000,none
2026-03-16T11:42:16,-170.315,85.397,,0.000,none
2026-03-16T11:42:17,-170.413,85.314,,0.000,none
2026-03-16T11:42:18,-170.429,85.309,,0.000,none
2026-03-16T11:42:19,-170.478,85.301,,0.000,none
2026-03-16T11:42:20,-170.534,85.301,,0.000,none
2026-03-16T11:42:21,-170.534,85.301,,0.000,none
2026-03-16T11:42:22,-170.551,85.302,,0.000,none
2026-03-16T11:42:23,-170.867,85.319,,0.000,none
2026-03-16T11:42:24,-170.987,85.341,,0.000,none
2026-03-16T11:42:25,-171.210,85.407,,0.000,none
2026-03-16T11:42:26,-171.485,85.462,,0.000,none
2026-03-16T11:42:27,-171.763,85.489,,0.000,none
2026-03-16T11:42:28,-172.043,85.488,,0.000,none
2026-03-16T11:42:29,-172.322,85.460,,0.000,none
2026-03-16T11:42:30,-172.596,85.404,,0.000,none
2026-03-16T11:42:31,-172.863,85.321,,0.000,none
2026-03-16T11:42:32,-173.121,85.211,,0.000,none
2026-03-16T11:42:33,-173.366,85.076,,0.000,none
2026-03-16T11:42:34,-173.597,84.919,,0.000,none
2026-03-16T11:42:35,-173.633,84.895,,0.000,none
2026-03-16T11:42:36,-173.651,84.891,,0.000,none
2026-03-16T11:42:37,-173.651,84.891,,0.000,none
2026-03-16T11:42:38,-173.843,84.927,,0.000,none
2026-03-16T11:42:39,-174.122,84.954,,0.000,none
2026-03-16T11:42:40,-174.402,84.953,,0.000,none
2026-03-16T11:42:41,-174.680,84.925,,0.000,none
2026-03-16T11:42:42,-174.954,84.868,,0.000,none
2026-03-16T11:42:43,-175.222,84.785,,0.000,none
2026-03-16T11:42:44,-175.479,84.675,,0.000,none
2026-03-16T11:42:45,-175.679,84.571,,0.000,none
2026-03-16T11:42:46,-175.680,84.571,,0.000,none
2026-03-16T11:42:47,-175.725,84.570,,0.000,none
2026-03-16T11:42:48,-175.779,84.579,,0.000,none
2026-03-16T11:42:49,-175.791,84.582,,0.000,none
2026-03-16T11:42:50,-175.791,84.582,,0.000,none
2026-03-16T11:42:51,-175.912,84.617,,0.000,none
2026-03-16T11:42:52,-176.043,84.681,,0.000,none
2026-03-16T11:42:53,-176.296,84.801,,0.000,none
2026-03-16T11:42:54,-176.560,84.894,,0.000,none
2026-03-16T11:42:55,-176.832,84.961,,0.000,none
2026-03-16T11:42:56,-177.109,85.001,,0.000,none
2026-03-16T11:42:57,-177.388,85.013,,0.000,none
2026-03-16T11:42:58,-177.668,84.996,,0.000,none
2026-03-16T11:42:59,-177.944,84.952,,0.000,none
2026-03-16T11:43:00,-178.215,84.881,,0.000,none
2026-03-16T11:43:01,-178.477,84.783,,0.000,none
2026-03-16T11:43:02,-178.729,84.660,,0.000,none
2026-03-16T11:43:03,-178.767,84.641,,0.000,none
2026-03-16T11:43:04,-178.851,84.637,,0.000,none
2026-03-16T11:43:05,-179.129,84.604,,0.000,none
2026-03-16T11:43:06,-179.402,84.544,,0.000,none
2026-03-16T11:43:07,-179.669,84.459,,0.000,none
2026-03-16T11:43:08,-179.670,84.459,,0.000,none
2026-03-16T11:43:09,-179.675,84.459,,0.000,none
2026-03-16T11:43:10,-179.700,84.471,,0.000,none
2026-03-16T11:43:11,-179.960,84.574,,0.000,none
2026-03-16T11:43:12,-180.229,84.651,,0.000,none
2026-03-16T11:43:13,-180.505,84.701,,0.000,none
2026-03-16T11:43:14,-180.784,84.723,,0.000,none
2026-03-16T11:43:15,-181.064,84.716,,0.000,none
2026-03-16T11:43:16,-181.341,84.682,,0.000,none
2026-03-16T11:43:17,-181.614,84.621,,0.000,none
2026-03-16T11:43:18,-181.880,84.532,,0.000,none
2026-03-16T11:43:19,-181.985,84.492,,0.000,none
2026-03-16T11:43:20,-182.013,84.493,,0.000,none
2026-03-16T11:43:21,-182.293,84.486,,0.000,none
2026-03-16T11:43:22,-182.571,84.452,,0.000,none
2026-03-16T11:43:23,-182.844,84.391,,0.000,none
2026-03-16T11:43:24,-182.967,84.356,,0.000,none
2026-03-16T11:43:25,-182.989,84.358,,0.000,none
2026-03-16T11:43:26,-183.036,84.371,,0.000,none
2026-03-16T11:43:27,-183.084,84.394,,0.000,none
2026-03-16T11:43:28,-183.097,84.402,,0.000,none
2026-03-16T11:43:29,-183.097,84.402,,0.000,none
2026-03-16T11:43:30,-183.243,84.492,,0.000,none
2026-03-16T11:43:31,-183.336,84.572,,0.000,none
2026-03-16T11:43:32,-183.534,84.758,,0.000,none
2026-03-16T11:43:33,-183.756,84.928,,0.000,none
2026-03-16T11:43:34,-183.994,85.076,,0.000,none
2026-03-16T11:43:35,-184.245,85.199,,0.000,none
2026-03-16T11:43:36,-184.507,85.296,,0.000,none
2026-03-16T11:43:37,-184.778,85.367,,0.000,none
2026-03-16T11:43:38,-185.055,85.410,,0.000,none
2026-03-16T11:43:39,-185.334,85.426,,0.000,none
2026-03-16T11:43:40,-185.614,85.413,,0.000,none
2026-03-16T11:43:41,-185.892,85.379,,0.000,none
2026-03-16T11:43:42,-186.165,85.319,,0.000,none
2026-03-16T11:43:43,-186.431,85.232,,0.000,none
2026-03-16T11:43:44,-186.687,85.120,,0.000,none
2026-03-16T11:43:45,-186.750,85.091,,0.000,none
2026-03-16T11:43:46,-186.773,85.093,,0.000,none
2026-03-16T11:43:47,-186.782,85.096,,0.000,none
2026-03-16T11:43:48,-186.848,85.147,,0.000,none
2026-03-16T11:43:49,-187.081,85.303,,0.000,none
2026-03-16T11:43:50,-187.328,85.435,,0.000,none
2026-03-16T11:43:51,-187.587,85.541,,0.000,none
2026-03-16T11:43:52,-187.855,85.621,,0.000,none
2026-03-16T11:43:53,-188.130,85.674,,0.000,none
2026-03-16T11:43:54,-188.409,85.699,,0.000,none
2026-03-16T11:43:55,-188.689,85.696,,0.000,none
2026-03-16T11:43:56,-188.967,85.665,,0.000,none
2026-03-16T11:43:57,-189.241,85.606,,0.000,none
2026-03-16T11:43:58,-189.490,85.532,,0.000,none
2026-03-16T11:43:59,-189.707,85.488,,0.000,none
2026-03-16T11:44:00,-189.880,85.468,,0.000,none
2026-03-16T11:44:01,-189.880,85.468,,0.000,none
2026-03-16T11:44:02,-189.968,85.512,,0.000,none
2026-03-16T11:44:03,-190.226,85.620,,0.000,none
2026-03-16T11:44:04,-190.494,85.702,,0.000,none
2026-03-16T11:44:05,-190.768,85.757,,0.000,none
2026-03-16T11:44:06,-191.033,85.788,,0.000,none
2026-03-16T11:44:07,-191.033,85.788,,0.000,none
2026-03-16T11:44:08,-191.168,85.862,,0.000,none
2026-03-16T11:44:09,-191.423,85.977,,0.000,none
2026-03-16T11:44:10,-191.688,86.066,,0.000,none
2026-03-16T11:44:11,-191.939,86.134,,0.000,none
2026-03-16T11:44:12,-192.095,86.183,,0.000,none
2026-03-16T11:44:13,-192.110,86.198,,0.000,none
2026-03-16T11:44:14,-192.138,86.240,,0.000,none
2026-03-16T11:44:15,-192.153,86.270,,0.000,none
2026-03-16T11:44:16,-192.153,86.270,,0.000,none
2026-03-16T11:44:17,-192.220,86.412,,0.000,none
2026-03-16T11:44:18,-192.272,86.547,,0.000,none
2026-03-16T11:44:19,-192.308,86.729,,0.000,none
2026-03-16T11:44:20,-192.379,87.000,,0.000,none
2026-03-16T11:44:21,-192.476,87.263,,0.000,none
2026-03-16T11:44:22,-192.599,87.514,,0.000,none
2026-03-16T11:44:23,-192.746,87.752,,0.000,none
2026-03-16T11:44:24,-192.916,87.974,,0.000,none
2026-03-16T11:44:25,-193.108,88.178,,0.000,none
2026-03-16T11:44:26,-193.319,88.362,,0.000,none
2026-03-16T11:44:27,-193.548,88.524,,0.000,none
2026-03-16T11:44:28,-193.791,88.662,,0.000,none
2026-03-16T11:44:29,-194.047,88.775,,0.000,none
2026-03-16T11:44:30,-194.313,88.862,,0.000,none
2026-03-16T11:44:31,-194.552,88.938,,0.000,none
2026-03-16T11:44:32,-194.772,89.023,,0.000,none
2026-03-16T11:44:33,-194.927,89.104,,0.000,none
2026-03-16T11:44:34,-194.927,89.104,,0.000,none
2026-03-16T11:44:35,-195.047,89.260,,0.000,none
2026-03-16T11:44:36,-195.232,89.463,,0.000,none
2026-03-16T11:44:37,-195.392,89.633,,0.000,none
2026-03-16T11:44:38,-195.392,89.633,,0.000,none
2026-03-16T11:44:39,-195.402,89.688,,0.000,none
2026-03-16T11:44:40,-195.468,89.960,,0.000,none
2026-03-16T11:44:41,-195.481,90.016,,0.000,none
2026-03-16T11:44:42,-195.481,90.035,,0.000,none
2026-03-16T11:44:43,-195.481,90.035,,0.000,none
2026-03-16T11:44:44,-195.479,90.192,,0.000,none
2026-03-16T11:44:45,-195.475,90.312,,0.000,none
2026-03-16T11:44:46,-195.475,90.312,,0.000,none
2026-03-16T11:44:47,-195.557,90.505,,0.000,none
2026-03-16T11:44:48,-195.683,90.744,,0.000,none
2026-03-16T11:44:49,-195.683,90.744,,0.000,none
2026-03-16T11:44:50,-195.683,90.744,,0.000,none
2026-03-16T11:44:51,-195.851,91.051,,0.000,none
2026-03-16T11:44:52,-196.021,91.357,,0.000,none
2026-03-16T11:44:53,-196.195,91.660,,0.000,none
2026-03-16T11:44:54,-196.375,91.961,,0.000,none
2026-03-16T11:44:55,-196.562,92.256,,0.000,none
2026-03-16T11:44:56,-196.746,92.527,,0.000,none
2026-03-16T11:44:57,-196.949,92.812,,0.000,none
2026-03-16T11:44:58,-197.105,93.037,,0.000,none
2026-03-16T11:44:59,-197.105,93.037,,0.000,none
2026-03-16T11:45:00,-197.105,93.037,,0.000,none
2026-03-16T11:45:01,-197.269,93.299,,0.000,none
2026-03-16T11:45:02,-197.453,93.584,,0.000,none
2026-03-16T11:45:03,-197.615,93.835,,0.000,none
2026-03-16T11:45:04,-197.620,93.844,,0.000,none
2026-03-16T11:45:05,-197.620,93.844,,0.000,none
2026-03-16T11:45:06,-197.733,94.016,,0.000,none
2026-03-16T11:45:07,-197.800,94.111,,0.000,none
2026-03-16T11:45:08,-197.800,94.111,,0.000,none
2026-03-16T11:45:09,-197.836,94.170,,0.000,none
2026-03-16T11:45:10,-197.992,94.412,,0.000,none
2026-03-16T11:45:11,-197.995,94.418,,0.000,none
2026-03-16T11:45:12,-197.995,94.418,,0.000,none
2026-03-16T11:45:13,-198.107,94.617,,0.000,none
2026-03-16T11:45:14,-198.235,94.815,,0.000,none
2026-03-16T11:45:15,-198.390,95.022,,0.000,none
2026-03-16T11:45:16,-198.571,95.207,,0.000,none
2026-03-16T11:45:17,-198.821,95.452,,0.000,none
2026-03-16T11:45:18,-199.077,95.691,,0.000,none
2026-03-16T11:45:19,-199.337,95.925,,0.000,none
2026-03-16T11:45:20,-199.602,96.154,,0.000,none
2026-03-16T11:45:21,-199.870,96.379,,0.000,none
2026-03-16T11:45:22,-200.141,96.600,,0.000,none
2026-03-16T11:45:23,-200.416,96.817,,0.000,none
2026-03-16T11:45:24,-200.693,97.031,,0.000,none
2026-03-16T11:45:25,-200.973,97.241,,0.000,none
2026-03-16T11:45:26,-201.255,97.448,,0.000,none
2026-03-16T11:45:27,-201.539,97.652,,0.000,none
2026-03-16T11:45:28,-201.826,97.854,,0.000,none
2026-03-16T11:45:29,-202.114,98.052,,0.000,none
2026-03-16T11:45:30,-202.404,98.248,,0.000,none
2026-03-16T11:45:31,-202.696,98.441,,0.000,none
2026-03-16T11:45:32,-202.989,98.632,,0.000,none
2026-03-16T11:45:33,-203.285,98.819,,0.000,none
2026-03-16T11:45:34,-203.582,99.004,,0.000,none
2026-03-16T11:45:35,-203.881,99.186,,0.000,none
2026-03-16T11:45:36,-204.181,99.366,,0.000,none
2026-03-16T11:45:37,-204.483,99.543,,0.000,none
2026-03-16T11:45:38,-204.786,99.719,,0.000,none
2026-03-16T11:45:39,-205.090,99.893,,0.000,none
2026-03-16T11:45:40,-205.395,100.064,,0.000,none
2026-03-16T11:45:41,-205.701,100.234,,0.000,none
2026-03-16T11:45:42,-206.008,100.401,,0.000,none
2026-03-16T11:45:43,-206.317,100.567,,0.000,none
2026-03-16T11:45:44,-206.626,100.730,,0.000,none
2026-03-16T11:45:45,-206.937,100.892,,0.000,none
2026-03-16T11:45:46,-207.248,101.051,,0.000,none
2026-03-16T11:45:47,-207.561,101.208,,0.000,none
2026-03-16T11:45:48,-207.875,101.363,,0.000,none
2026-03-16T11:45:49,-208.189,101.517,,0.000,none
2026-03-16T11:45:50,-208.505,101.668,,0.000,none
2026-03-16T11:45:51,-208.822,101.817,,0.000,none
2026-03-16T11:45:52,-209.140,101.963,,0.000,none
2026-03-16T11:45:53,-209.458,102.108,,0.000,none
2026-03-16T11:45:54,-209.778,102.251,,0.000,none
2026-03-16T11:45:55,-210.098,102.391,,0.000,none
2026-03-16T11:45:56,-210.420,102.530,,0.000,none
2026-03-16T11:45:57,-210.742,102.666,,0.000,none
2026-03-16T11:45:58,-211.066,102.800,,0.000,none
2026-03-16T11:45:59,-211.390,102.932,,0.000,none
2026-03-16T11:46:00,-211.715,103.062,,0.000,none
2026-03-16T11:46:01,-212.041,103.190,,0.000,none
2026-03-16T11:46:02,-212.367,103.315,,0.000,none
2026-03-16T11:46:03,-212.695,103.439,,0.000,none
2026-03-16T11:46:04,-213.023,103.560,,0.000,none
2026-03-16T11:46:05,-213.352,103.679,,0.000,none
2026-03-16T11:46:06,-213.682,103.796,,0.000,none
2026-03-16T11:46:07,-214.013,103.910,,0.000,none
2026-03-16T11:46:08,-214.344,104.023,,0.000,none
2026-03-16T11:46:09,-214.676,104.133,,0.000,none
2026-03-16T11:46:10,-215.009,104.242,,0.000,none
2026-03-16T11:46:11,-215.343,104.348,,0.000,none
2026-03-16T11:46:12,-215.676,104.453,,0.000,none
2026-03-16T11:46:13,-216.011,104.557,,0.000,none
2026-03-16T11:46:14,-216.345,104.660,,0.000,none
2026-03-16T11:46:15,-216.680,104.761,,0.000,none
2026-03-16T11:46:16,-217.016,104.861,,0.000,none
2026-03-16T11:46:17,-217.351,104.961,,0.000,none
2026-03-16T11:46:18,-217.687,105.059,,0.000,none
2026-03-16T11:46:19,-218.023,105.156,,0.000,none
2026-03-16T11:46:20,-218.360,105.252,,0.000,none
2026-03-16T11:46:21,-218.697,105.347,,0.000,none
2026-03-16T11:46:22,-219.034,105.441,,0.000,none
2026-03-16T11:46:23,-219.372,105.533,,0.000,none
2026-03-16T11:46:24,-219.709,105.625,,0.000,none
2026-03-16T11:46:25,-220.047,105.716,,0.000,none
2026-03-16T11:46:26,-220.386,105.805,,0.000,none
2026-03-16T11:46:27,-220.724,105.893,,0.000,none
2026-03-16T11:46:28,-221.063,105.981,,0.000,none
2026-03-16T11:46:29,-221.403,106.067,,0.000,none
2026-03-16T11:46:30,-221.742,106.152,,0.000,none
2026-03-16T11:46:31,-222.082,106.236,,0.000,none
2026-03-16T11:46:32,-222.422,106.319,,0.000,none
2026-03-16T11:46:33,-222.762,106.401,,0.000,none
2026-03-16T11:46:34,-223.103,106.481,,0.000,none
2026-03-16T11:46:35,-223.444,106.561,,0.000,none
2026-03-16T11:46:36,-223.785,106.640,,0.000,none
2026-03-16T11:46:37,-224.126,106.717,,0.000,none
2026-03-16T11:46:38,-224.468,106.793,,0.000,none
2026-03-16T11:46:39,-224.809,106.868,,0.000,none
2026-03-16T11:46:40,-225.152,106.943,,0.000,none
2026-03-16T11:46:41,-225.494,107.016,,0.000,none
2026-03-16T11:46:42,-225.836,107.087,,0.000,none
2026-03-16T11:46:43,-226.179,107.158,,0.000,none
2026-03-16T11:46:44,-226.522,107.228,,0.000,none
2026-03-16T11:46:45,-226.865,107.296,,0.000,none
2026-03-16T11:46:46,-227.209,107.364,,0.000,none
2026-03-16T11:46:47,-227.552,107.430,,0.000,none
2026-03-16T11:46:48,-227.896,107.495,,0.000,none
2026-03-16T11:46:49,-228.240,107.560,,0.000,none
2026-03-16T11:46:50,-228.585,107.623,,0.000,none
2026-03-16T11:46:51,-228.929,107.684,,0.000,none
2026-03-16T11:46:52,-229.274,107.745,,0.000,none
2026-03-16T11:46:53,-229.619,107.805,,0.000,none
2026-03-16T11:46:54,-229.964,107.863,,0.000,none
2026-03-16T11:46:55,-230.309,107.921,,0.000,none
2026-03-16T11:46:56,-230.655,107.977,,0.000,none
2026-03-16T11:46:57,-231.000,108.032,,0.000,none
2026-03-16T11:46:58,-231.346,108.087,,0.000,none
2026-03-16T11:46:59,-231.692,108.140,,0.000,none
2026-03-16T11:47:00,-232.038,108.191,,0.000,none
2026-03-16T11:47:01,-232.384,108.242,,0.000,none
2026-03-16T11:47:02,-232.731,108.292,,0.000,none
2026-03-16T11:47:03,-233.077,108.340,,0.000,none
2026-03-16T11:47:04,-233.424,108.388,,0.000,none
2026-03-16T11:47:05,-233.771,108.434,,0.000,none
2026-03-16T11:47:06,-234.118,108.479,,0.000,none
2026-03-16T11:47:07,-234.465,108.523,,0.000,none
2026-03-16T11:47:08,-234.813,108.566,,0.000,none
2026-03-16T11:47:09,-235.160,108.608,,0.000,none
2026-03-16T11:47:10,-235.508,108.650,,0.000,none
2026-03-16T11:47:11,-235.855,108.690,,0.000,none
2026-03-16T11:47:12,-236.203,108.730,,0.000,none
2026-03-16T11:47:13,-236.551,108.770,,0.000,none
2026-03-16T11:47:14,-236.899,108.808,,0.000,none
2026-03-16T11:47:15,-237.247,108.847,,0.000,none
2026-03-16T11:47:16,-237.595,108.884,,0.000,none
2026-03-16T11:47:17,-237.943,108.922,,0.000,none
2026-03-16T11:47:18,-238.291,108.959,,0.000,none
2026-03-16T11:47:19,-238.639,108.995,,0.000,none
2026-03-16T11:47:20,-238.987,109.031,,0.000,none
2026-03-16T11:47:21,-239.335,109.066,,0.000,none
2026-03-16T11:47:22,-239.683,109.102,,0.000,none
2026-03-16T11:47:23,-240.032,109.137,,0.000,none
2026-03-16T11:47:24,-240.380,109.171,,0.000,none
2026-03-16T11:47:25,-240.728,109.205,,0.000,none
2026-03-16T11:47:26,-241.077,109.239,,0.000,none
2026-03-16T11:47:27,-241.425,109.273,,0.000,none
2026-03-16T11:47:28,-241.773,109.307,,0.000,none
2026-03-16T11:47:29,-242.122,109.340,,0.000,none
2026-03-16T11:47:30,-242.470,109.373,,0.000,none
2026-03-16T11:47:31,-242.819,109.405,,0.000,none
2026-03-16T11:47:32,-243.167,109.438,,0.000,none
2026-03-16T11:47:33,-243.516,109.470,,0.000,none
2026-03-16T11:47:34,-243.864,109.503,,0.000,none
2026-03-16T11:47:35,-244.213,109.535,,0.000,none
2026-03-16T11:47:36,-244.561,109.567,,0.000,none
2026-03-16T11:47:37,-244.910,109.598,,0.000,none
2026-03-16T11:47:38,-245.258,109.630,,0.000,none
2026-03-16T11:47:39,-245.607,109.661,,0.000,none
2026-03-16T11:47:40,-245.956,109.693,,0.000,none
2026-03-16T11:47:41,-246.304,109.724,,0.000,none
2026-03-16T11:47:42,-246.653,109.755,,0.000,none
2026-03-16T11:47:43,-247.001,109.785,,0.000,none
2026-03-16T11:47:44,-247.350,109.816,,0.000,none
2026-03-16T11:47:45,-247.699,109.847,,0.000,none
2026-03-16T11:47:46,-248.047,109.877,,0.000,none
2026-03-16T11:47:47,-248.396,109.907,,0.000,none
2026-03-16T11:47:48,-248.745,109.937,,0.000,none
2026-03-16T11:51:10,-38.471,1.040,,0.031,none
2026-03-16T11:51:11,-38.528,1.024,,0.000,none
2026-03-16T11:51:12,-38.558,1.018,,0.000,none
2026-03-16T11:51:13,-38.558,1.018,,0.000,none
2026-03-16T11:51:14,-38.732,0.992,,0.000,none
2026-03-16T11:51:15,-39.079,0.956,,0.000,none
2026-03-16T11:51:16,-39.429,0.937,,0.000,none
2026-03-16T11:51:17,-39.779,0.941,,0.000,none
2026-03-16T11:51:18,-40.127,0.971,,0.000,none
2026-03-16T11:51:19,-40.473,1.027,,0.000,none
2026-03-16T11:51:20,-40.814,1.105,,0.000,none
2026-03-16T11:51:21,-41.150,1.201,,0.000,none
2026-03-16T11:51:22,-41.482,1.315,,0.000,none
2026-03-16T11:51:23,-41.807,1.442,,0.000,none
2026-03-16T11:51:24,-42.128,1.582,,0.000,none
2026-03-16T11:51:25,-42.445,1.730,,0.000,none
2026-03-16T11:51:26,-42.761,1.882,,0.000,none
2026-03-16T11:51:27,-43.074,2.037,,0.000,none
2026-03-16T11:51:28,-43.387,2.195,,0.000,none
2026-03-16T11:51:29,-43.696,2.358,,0.000,none
2026-03-16T11:51:30,-44.002,2.528,,0.000,none
2026-03-16T11:51:31,-44.305,2.705,,0.000,none
2026-03-16T11:51:32,-44.604,2.886,,0.000,none
2026-03-16T11:51:33,-44.900,3.073,,0.000,none
2026-03-16T11:51:34,-45.194,3.263,,0.000,none
2026-03-16T11:51:35,-45.486,3.455,,0.000,none
2026-03-16T11:51:36,-45.775,3.652,,0.000,none
2026-03-16T11:51:37,-46.061,3.855,,0.000,none
2026-03-16T11:51:38,-46.342,4.063,,0.000,none
2026-03-16T11:51:39,-46.619,4.277,,0.000,none
2026-03-16T11:51:40,-46.892,4.497,,0.000,none
2026-03-16T11:51:41,-47.159,4.722,,0.000,none
2026-03-16T11:51:42,-47.422,4.954,,0.000,none
2026-03-16T11:51:43,-47.680,5.190,,0.000,none
2026-03-16T11:51:44,-47.932,5.433,,0.000,none
2026-03-16T11:51:45,-48.178,5.682,,0.000,none
2026-03-16T11:51:46,-48.417,5.938,,0.000,none
2026-03-16T11:51:47,-48.650,6.199,,0.000,none
2026-03-16T11:51:48,-48.875,6.467,,0.000,none
2026-03-16T11:51:49,-49.094,6.740,,0.000,none
2026-03-16T11:51:50,-49.306,7.018,,0.000,none
2026-03-16T11:51:51,-49.512,7.301,,0.000,none
2026-03-16T11:51:52,-49.712,7.589,,0.000,none
2026-03-16T11:51:53,-49.905,7.881,,0.000,none
2026-03-16T11:51:54,-50.093,8.176,,0.000,none
2026-03-16T11:51:55,-50.274,8.475,,0.000,none
2026-03-16T11:51:56,-50.450,8.778,,0.000,none
2026-03-16T11:51:57,-50.619,9.084,,0.000,none
2026-03-16T11:51:58,-50.778,9.396,,0.000,none
2026-03-16T11:51:59,-50.927,9.713,,0.000,none
2026-03-16T11:52:00,-51.067,10.034,,0.000,none
2026-03-16T11:52:01,-51.199,10.358,,0.000,none
2026-03-16T11:52:02,-51.324,10.685,,0.000,none
2026-03-16T11:52:03,-51.444,11.014,,0.000,none
2026-03-16T11:52:04,-51.558,11.344,,0.000,none
2026-03-16T11:52:05,-51.663,11.678,,0.000,none
2026-03-16T11:52:06,-51.758,12.015,,0.000,none
2026-03-16T11:52:07,-51.844,12.354,,0.000,none
2026-03-16T11:52:08,-51.922,12.696,,0.000,none
2026-03-16T11:52:09,-51.991,13.039,,0.000,none
2026-03-16T11:52:10,-52.054,13.383,,0.000,none
2026-03-16T11:52:11,-52.111,13.728,,0.000,none
2026-03-16T11:52:12,-52.163,14.074,,0.000,none
2026-03-16T11:52:13,-52.211,14.421,,0.000,none
2026-03-16T11:52:14,-52.255,14.768,,0.000,none
2026-03-16T11:52:15,-52.296,15.116,,0.000,none
2026-03-16T11:52:16,-52.332,15.464,,0.000,none
2026-03-16T11:52:17,-52.363,15.813,,0.000,none
2026-03-16T11:52:18,-52.389,16.162,,0.000,none
2026-03-16T11:52:19,-52.409,16.511,,0.000,none
2026-03-16T11:52:20,-52.423,16.861,,0.000,none
2026-03-16T11:52:21,-52.432,17.211,,0.000,none
2026-03-16T11:52:22,-52.436,17.561,,0.000,none
2026-03-16T11:52:23,-52.436,17.911,,0.000,none
2026-03-16T11:52:24,-52.430,18.261,,0.000,none
2026-03-16T11:52:25,-52.418,18.610,,0.000,none
2026-03-16T11:52:26,-52.401,18.926,,0.000,none
2026-03-16T11:52:27,-52.378,19.046,,0.000,none
2026-03-16T11:52:28,-52.311,19.269,,0.000,none
2026-03-16T11:52:29,-52.254,19.543,,0.000,none
2026-03-16T11:52:30,-52.225,19.821,,0.000,none
2026-03-16T11:52:31,-52.224,20.101,,0.000,none
2026-03-16T11:52:32,-52.251,20.380,,0.000,none
2026-03-16T11:52:33,-52.305,20.654,,0.000,none
2026-03-16T11:52:34,-52.386,20.922,,0.000,none
2026-03-16T11:52:35,-52.475,21.147,,0.000,none
2026-03-16T11:52:36,-52.482,21.187,,0.000,none
2026-03-16T11:52:37,-52.482,21.242,,0.000,none
2026-03-16T11:52:38,-52.482,21.242,,0.000,none
2026-03-16T11:52:39,-52.482,21.242,,0.000,none
2026-03-16T11:52:40,-52.453,21.591,,0.000,none
2026-03-16T11:52:41,-52.413,21.835,,0.000,none
2026-03-16T11:52:42,-52.372,21.951,,0.000,none
2026-03-16T11:52:43,-52.270,22.211,,0.000,none
2026-03-16T11:52:44,-52.194,22.480,,0.000,none
2026-03-16T11:52:45,-52.145,22.756,,0.000,none
2026-03-16T11:52:46,-52.124,23.035,,0.000,none
2026-03-16T11:52:47,-52.131,23.315,,0.000,none
2026-03-16T11:52:48,-52.166,23.593,,0.000,none
2026-03-16T11:52:49,-52.228,23.865,,0.000,none
2026-03-16T11:52:50,-52.318,24.131,,0.000,none
2026-03-16T11:52:51,-52.433,24.386,,0.000,none
2026-03-16T11:52:52,-52.573,24.628,,0.000,none
2026-03-16T11:52:53,-52.737,24.855,,0.000,none
2026-03-16T11:52:54,-52.923,25.064,,0.000,none
2026-03-16T11:52:55,-53.074,25.251,,0.000,none
2026-03-16T11:52:56,-53.210,25.456,,0.000,none
2026-03-16T11:52:57,-53.310,25.658,,0.000,none
2026-03-16T11:52:58,-53.396,25.899,,0.000,none
2026-03-16T11:52:59,-53.452,26.133,,0.000,none
2026-03-16T11:53:00,-53.486,26.371,,0.000,none
2026-03-16T11:53:01,-53.503,26.626,,0.000,none
2026-03-16T11:53:02,-53.499,26.862,,0.000,none
2026-03-16T11:53:03,-53.481,27.107,,0.000,none
2026-03-16T11:53:04,-53.474,27.175,,0.000,none
2026-03-16T11:53:05,-53.474,27.175,,0.000,none
2026-03-16T11:53:06,-53.373,27.309,,0.000,none
2026-03-16T11:53:07,-53.223,27.545,,0.000,none
2026-03-16T11:53:08,-53.097,27.795,,0.000,none
2026-03-16T11:53:09,-52.996,28.056,,0.000,none
2026-03-16T11:53:10,-52.923,28.326,,0.000,none
2026-03-16T11:53:11,-52.876,28.602,,0.000,none
2026-03-16T11:53:12,-52.846,28.841,,0.000,none
2026-03-16T11:53:13,-52.803,29.083,,0.000,none
2026-03-16T11:53:14,-52.764,29.288,,0.000,none
2026-03-16T11:53:15,-52.764,29.288,,0.000,none
2026-03-16T11:53:16,-52.734,29.318,,0.000,none
2026-03-16T11:53:17,-52.549,29.528,,0.000,none
2026-03-16T11:53:18,-52.387,29.756,,0.000,none
2026-03-16T11:53:19,-52.247,29.999,,0.000,none
2026-03-16T11:53:20,-52.133,30.254,,0.000,none
2026-03-16T11:53:21,-52.045,30.520,,0.000,none
2026-03-16T11:53:22,-51.983,30.793,,0.142,none
2026-03-16T11:53:23,-51.950,31.071,,0.288,none
2026-03-16T11:53:24,-51.928,31.315,,0.409,none
2026-03-16T11:53:25,-51.898,31.559,,0.538,none
2026-03-16T11:53:26,-51.871,31.728,,0.633,none
2026-03-16T11:53:27,-51.871,31.728,,0.633,none
2026-03-16T11:53:28,-51.813,31.788,,0.711,none
2026-03-16T11:53:29,-51.631,32.001,,0.965,none
2026-03-16T11:53:30,-51.471,32.231,,1.100,none
2026-03-16T11:53:31,-51.335,32.475,,1.100,none
2026-03-16T11:53:32,-51.225,32.732,,1.195,none
2026-03-16T11:53:33,-51.140,32.999,,1.380,none
2026-03-16T11:53:34,-51.080,33.253,,1.538,none
2026-03-16T11:53:35,-51.063,33.319,,1.580,none
2026-03-16T11:53:36,-51.037,33.352,,1.617,none
2026-03-16T11:53:37,-50.877,33.582,,1.856,none
2026-03-16T11:53:38,-50.742,33.827,,2.080,none
2026-03-16T11:53:39,-50.631,34.084,,2.200,none
2026-03-16T11:53:40,-50.546,34.351,,2.200,none
2026-03-16T11:53:41,-50.489,34.624,,2.200,none
2026-03-16T11:53:42,-50.456,34.883,,2.200,none
2026-03-16T11:53:43,-50.425,35.131,,2.200,none
2026-03-16T11:53:44,-50.395,35.375,,2.200,none
2026-03-16T11:53:45,-50.362,35.619,,2.200,none
2026-03-16T11:53:46,-50.325,35.862,,2.200,none
2026-03-16T11:53:47,-50.287,36.114,,2.200,none
2026-03-16T11:53:48,-50.245,36.351,,2.200,none
2026-03-16T11:53:49,-50.199,36.593,,2.200,none
2026-03-16T11:53:50,-50.156,36.849,,2.200,none
2026-03-16T11:53:51,-50.118,37.097,,2.200,none
2026-03-16T11:53:52,-50.081,37.335,,2.200,none
2026-03-16T11:53:53,-50.044,37.588,,2.272,none
2026-03-16T11:53:54,-50.006,37.841,,2.398,none
2026-03-16T11:53:55,-49.969,38.079,,2.517,none
2026-03-16T11:53:56,-49.934,38.322,,2.637,none
2026-03-16T11:53:57,-49.893,38.574,,2.765,none
2026-03-16T11:53:58,-49.856,38.822,,2.889,none
2026-03-16T11:53:59,-49.819,39.079,,3.015,none
2026-03-16T11:54:00,-49.808,39.180,,3.061,none
2026-03-16T11:54:01,-49.808,39.180,,3.061,none
2026-03-16T11:54:02,-49.673,39.425,,3.275,none
2026-03-16T11:54:03,-49.563,39.683,,3.299,none
2026-03-16T11:54:04,-49.480,39.950,,3.299,none
2026-03-16T11:54:05,-49.423,40.224,,3.299,none
2026-03-16T11:54:06,-49.394,40.503,,3.299,none
2026-03-16T11:54:07,-49.393,40.688,,3.299,none
2026-03-16T11:54:08,-49.393,40.688,,3.299,none
2026-03-16T11:54:09,-49.321,40.870,,3.299,none
2026-03-16T11:54:10,-49.240,41.138,,3.299,none
2026-03-16T11:54:11,-49.189,41.372,,3.299,none
2026-03-16T11:54:12,-49.177,41.393,,3.299,none
2026-03-16T11:54:13,-49.148,41.421,,3.299,none
2026-03-16T11:54:14,-49.113,41.447,,3.299,none
2026-03-16T11:54:15,-49.113,41.447,,3.299,none
2026-03-16T11:54:16,-49.040,41.496,,3.299,none
2026-03-16T11:54:17,-48.747,41.687,,3.299,none
2026-03-16T11:54:18,-48.562,41.815,,3.299,none
2026-03-16T11:54:19,-48.466,41.914,,3.299,none
2026-03-16T11:54:20,-48.297,42.138,,3.299,none
2026-03-16T11:54:21,-48.152,42.377,,3.299,none
2026-03-16T11:54:22,-48.026,42.627,,3.299,none
2026-03-16T11:54:23,-47.921,42.886,,3.299,none
2026-03-16T11:54:24,-47.842,43.155,,3.299,none
2026-03-16T11:54:25,-47.790,43.430,,3.299,none
2026-03-16T11:54:26,-47.765,43.709,,3.299,none
2026-03-16T11:54:27,-47.769,43.988,,3.299,none
2026-03-16T11:54:28,-47.777,44.104,,3.299,none
2026-03-16T11:54:29,-47.777,44.104,,3.299,none
2026-03-16T11:54:30,-47.795,44.296,,3.299,none
2026-03-16T11:54:31,-47.801,44.322,,3.299,none
2026-03-16T11:54:32,-47.815,44.340,,3.299,none
2026-03-16T11:54:33,-47.843,44.356,,3.299,none
2026-03-16T11:54:34,-47.891,44.373,,3.299,none
2026-03-16T11:54:35,-47.945,44.382,,3.299,none
2026-03-16T11:54:36,-47.972,44.384,,3.299,none
2026-03-16T11:54:37,-47.972,44.384,,3.299,none
2026-03-16T11:54:38,-48.130,44.391,,3.299,none
2026-03-16T11:54:39,-48.479,44.401,,3.299,none
2026-03-16T11:54:40,-48.829,44.401,,3.299,none
2026-03-16T11:54:41,-49.179,44.380,,3.299,none
2026-03-16T11:54:42,-49.526,44.339,,3.299,none
2026-03-16T11:54:43,-49.871,44.277,,3.299,none
2026-03-16T11:54:44,-50.211,44.195,,3.299,none
2026-03-16T11:54:45,-50.546,44.094,,3.299,none
2026-03-16T11:54:46,-50.639,44.058,,3.299,none
2026-03-16T11:54:47,-50.647,44.053,,3.299,none
2026-03-16T11:54:48,-50.647,44.053,,3.299,none
2026-03-16T11:54:49,-50.652,44.053,,3.299,none
2026-03-16T11:54:50,-50.652,44.053,,3.299,none
2026-03-16T11:54:51,-50.754,44.021,,3.299,none
2026-03-16T11:54:52,-50.777,44.014,,3.299,none
2026-03-16T11:54:53,-50.794,44.012,,3.299,none
2026-03-16T11:54:54,-50.808,44.009,,3.299,none
2026-03-16T11:54:55,-50.809,44.009,,3.299,none
2026-03-16T11:54:56,-50.877,44.024,,3.299,none
2026-03-16T11:54:57,-51.153,44.068,,3.299,none
2026-03-16T11:54:58,-51.433,44.084,,3.294,none
2026-03-16T11:54:59,-51.512,44.081,,3.219,none
2026-03-16T11:55:00,-51.517,44.078,,3.213,none
2026-03-16T11:55:01,-51.532,44.068,,3.196,none
2026-03-16T11:55:02,-51.533,44.066,,3.194,none
2026-03-16T11:55:27,-38.449,1.048,,0.055,none
2026-03-16T11:55:28,-38.477,1.037,,0.024,none
2026-03-16T11:55:29,-38.477,1.037,,0.024,none
2026-03-16T11:55:30,-38.643,0.982,,0.000,none
2026-03-16T11:55:31,-38.979,0.883,,0.000,none
2026-03-16T11:55:32,-39.321,0.808,,0.000,none
2026-03-16T11:55:33,-39.667,0.759,,0.000,none
2026-03-16T11:55:34,-40.016,0.732,,0.000,none
2026-03-16T11:55:35,-40.366,0.725,,0.000,none
2026-03-16T11:55:36,-40.716,0.736,,0.000,none
2026-03-16T11:55:37,-41.065,0.762,,0.000,none
2026-03-16T11:55:38,-41.413,0.802,,0.000,none
2026-03-16T11:55:39,-41.759,0.851,,0.000,none
2026-03-16T11:55:40,-42.105,0.905,,0.000,none
2026-03-16T11:55:41,-42.450,0.962,,0.000,none
2026-03-16T11:55:42,-42.795,1.023,,0.000,none
2026-03-16T11:55:43,-43.139,1.088,,0.000,none
2026-03-16T11:55:44,-43.481,1.162,,0.000,none
2026-03-16T11:55:45,-43.822,1.242,,0.000,none
2026-03-16T11:55:46,-44.161,1.327,,0.000,none
2026-03-16T11:55:47,-44.498,1.420,,0.000,none
2026-03-16T11:55:48,-44.834,1.518,,0.000,none
2026-03-16T11:55:49,-45.169,1.620,,0.000,none
2026-03-16T11:55:50,-45.503,1.726,,0.000,none
2026-03-16T11:55:51,-45.834,1.839,,0.000,none
2026-03-16T11:55:52,-46.164,1.957,,0.000,none
2026-03-16T11:55:53,-46.490,2.082,,0.000,none
2026-03-16T11:55:54,-46.814,2.215,,0.000,none
2026-03-16T11:55:55,-47.136,2.354,,0.000,none
2026-03-16T11:55:56,-47.454,2.499,,0.000,none
2026-03-16T11:55:57,-47.769,2.652,,0.000,none
2026-03-16T11:55:58,-48.080,2.812,,0.000,none
2026-03-16T11:55:59,-48.388,2.979,,0.000,none
2026-03-16T11:56:00,-48.691,3.154,,0.000,none
2026-03-16T11:56:01,-48.989,3.337,,0.000,none
2026-03-16T11:56:02,-49.283,3.528,,0.000,none
2026-03-16T11:56:03,-49.571,3.725,,0.000,none
2026-03-16T11:56:04,-49.856,3.929,,0.000,none
2026-03-16T11:56:05,-50.136,4.139,,0.000,none
2026-03-16T11:56:06,-50.411,4.355,,0.000,none
2026-03-16T11:56:07,-50.683,4.576,,0.000,none
2026-03-16T11:56:08,-50.950,4.802,,0.000,none
2026-03-16T11:56:09,-51.212,5.034,,0.000,none
2026-03-16T11:56:10,-51.469,5.272,,0.000,none
2026-03-16T11:56:11,-51.719,5.517,,0.000,none
2026-03-16T11:56:12,-51.961,5.770,,0.000,none
2026-03-16T11:56:13,-52.195,6.030,,0.000,none
2026-03-16T11:56:14,-52.423,6.296,,0.000,none
2026-03-16T11:56:15,-52.645,6.566,,0.000,none
2026-03-16T11:56:16,-52.862,6.841,,0.000,none
2026-03-16T11:56:17,-53.073,7.120,,0.000,none
2026-03-16T11:56:18,-53.276,7.405,,0.000,none
2026-03-16T11:56:19,-53.471,7.696,,0.000,none
2026-03-16T11:56:20,-53.658,7.992,,0.000,none
2026-03-16T11:56:21,-53.837,8.292,,0.000,none
2026-03-16T11:56:22,-54.010,8.596,,0.000,none
2026-03-16T11:56:23,-54.178,8.904,,0.000,none
2026-03-16T11:56:24,-54.341,9.213,,0.000,none
2026-03-16T11:56:25,-54.500,9.525,,0.000,none
2026-03-16T11:56:26,-54.656,9.838,,0.000,none
2026-03-16T11:56:27,-54.809,10.153,,0.000,none
2026-03-16T11:56:28,-54.958,10.470,,0.000,none
2026-03-16T11:56:29,-55.102,10.789,,0.000,none
2026-03-16T11:56:30,-55.242,11.110,,0.000,none
2026-03-16T11:56:31,-55.376,11.433,,0.000,none
2026-03-16T11:56:32,-55.506,11.758,,0.000,none
2026-03-16T11:56:33,-55.630,12.085,,0.000,none
2026-03-16T11:56:34,-55.749,12.414,,0.000,none
2026-03-16T11:56:35,-55.864,12.745,,0.000,none
2026-03-16T11:56:36,-55.974,13.077,,0.000,none
2026-03-16T11:56:37,-56.079,13.411,,0.000,none
2026-03-16T11:56:38,-56.177,13.747,,0.000,none
2026-03-16T11:56:39,-56.198,13.868,,0.000,none
2026-03-16T11:56:40,-56.206,14.076,,0.000,none
2026-03-16T11:56:41,-56.238,14.354,,0.000,none
2026-03-16T11:56:42,-56.298,14.628,,0.000,none
2026-03-16T11:56:43,-56.385,14.894,,0.000,none
2026-03-16T11:56:44,-56.497,15.150,,0.000,none
2026-03-16T11:56:45,-56.635,15.394,,0.000,none
2026-03-16T11:56:46,-56.797,15.622,,0.000,none
2026-03-16T11:56:47,-56.901,15.755,,0.000,none
2026-03-16T11:56:48,-56.920,15.798,,0.000,none
2026-03-16T11:56:49,-56.930,15.832,,0.000,none
2026-03-16T11:56:50,-56.930,15.832,,0.000,none
2026-03-16T11:56:51,-56.955,15.934,,0.000,none
2026-03-16T11:56:52,-57.024,16.277,,0.000,none
2026-03-16T11:56:53,-57.063,16.567,,0.000,none
2026-03-16T11:56:54,-57.059,16.690,,0.000,none
2026-03-16T11:56:55,-57.032,16.937,,0.000,none
2026-03-16T11:56:56,-57.027,17.216,,0.000,none
2026-03-16T11:56:57,-57.049,17.495,,0.000,none
2026-03-16T11:56:58,-57.100,17.771,,0.000,none
2026-03-16T11:56:59,-57.178,18.040,,0.000,none
2026-03-16T11:57:00,-57.282,18.299,,0.000,none
2026-03-16T11:57:01,-57.412,18.547,,0.000,none
2026-03-16T11:57:02,-57.565,18.781,,0.000,none
2026-03-16T11:57:03,-57.742,18.998,,0.000,none
2026-03-16T11:57:04,-57.939,19.197,,0.000,none
2026-03-16T11:57:05,-58.155,19.375,,0.000,none
2026-03-16T11:57:06,-58.388,19.531,,0.000,none
2026-03-16T11:57:07,-58.608,19.660,,0.000,none
2026-03-16T11:57:08,-58.793,19.805,,0.000,none
2026-03-16T11:57:09,-58.962,19.970,,0.000,none
2026-03-16T11:57:10,-59.119,20.165,,0.000,none
2026-03-16T11:57:11,-59.249,20.368,,0.000,none
2026-03-16T11:57:12,-59.351,20.586,,0.000,none
2026-03-16T11:57:13,-59.441,20.819,,0.000,none
2026-03-16T11:57:14,-59.507,21.046,,0.000,none
2026-03-16T11:57:15,-59.526,21.131,,0.000,none
2026-03-16T11:57:16,-59.522,21.145,,0.000,none
2026-03-16T11:57:17,-59.475,21.421,,0.000,none
2026-03-16T11:57:18,-59.455,21.700,,0.000,none
2026-03-16T11:57:19,-59.463,21.980,,0.000,none
2026-03-16T11:57:20,-59.487,22.234,,0.000,none
2026-03-16T11:57:21,-59.499,22.479,,0.000,none
2026-03-16T11:57:22,-59.504,22.725,,0.000,none
2026-03-16T11:57:23,-59.508,22.966,,0.000,none
2026-03-16T11:57:24,-59.506,23.095,,0.000,none
2026-03-16T11:57:25,-59.506,23.095,,0.000,none
2026-03-16T11:57:26,-59.414,23.252,,0.000,none
2026-03-16T11:57:27,-59.293,23.504,,0.000,none
2026-03-16T11:57:28,-59.197,23.767,,0.000,none
2026-03-16T11:57:29,-59.128,24.039,,0.000,none
2026-03-16T11:57:30,-59.087,24.315,,0.000,none
2026-03-16T11:57:31,-59.073,24.595,,0.000,none
2026-03-16T11:57:32,-59.087,24.874,,0.000,none
2026-03-16T11:57:33,-59.128,25.146,,0.000,none
2026-03-16T11:57:34,-59.164,25.385,,0.000,none
2026-03-16T11:57:35,-59.198,25.638,,0.000,none
2026-03-16T11:57:36,-59.219,25.878,,0.000,none
2026-03-16T11:57:37,-59.232,26.053,,0.000,none
2026-03-16T11:57:38,-59.232,26.053,,0.000,none
2026-03-16T11:57:39,-59.209,26.088,,0.000,none
2026-03-16T11:57:40,-59.073,26.332,,0.000,none
2026-03-16T11:57:41,-58.962,26.589,,0.000,none
2026-03-16T11:57:42,-58.876,26.856,,0.000,none
2026-03-16T11:57:43,-58.818,27.130,,0.000,none
2026-03-16T11:57:44,-58.788,27.408,,0.000,none
2026-03-16T11:57:45,-58.785,27.688,,0.000,none
2026-03-16T11:57:46,-58.803,27.947,,0.000,none
2026-03-16T11:57:47,-58.815,28.155,,0.000,none
2026-03-16T11:57:48,-58.815,28.155,,0.000,none
2026-03-16T11:57:49,-58.759,28.313,,0.000,none
2026-03-16T11:57:50,-58.688,28.584,,0.000,none
2026-03-16T11:57:51,-58.644,28.861,,0.000,none
2026-03-16T11:57:52,-58.627,29.140,,0.000,none
2026-03-16T11:57:53,-58.639,29.420,,0.000,none
2026-03-16T11:57:54,-58.678,29.692,,0.000,none
2026-03-16T11:57:55,-58.715,29.935,,0.000,none
2026-03-16T11:57:56,-58.752,30.183,,0.000,none
2026-03-16T11:57:57,-58.786,30.426,,0.000,none
2026-03-16T11:57:58,-58.820,30.669,,0.000,none
2026-03-16T11:57:59,-58.852,30.918,,0.000,none
2026-03-16T11:58:00,-58.888,31.166,,0.000,none
2026-03-16T11:58:01,-58.926,31.423,,0.000,none
2026-03-16T11:58:02,-58.966,31.661,,0.000,none
2026-03-16T11:58:03,-59.005,31.913,,0.000,none
2026-03-16T11:58:04,-59.043,32.166,,0.000,none
2026-03-16T11:58:05,-59.080,32.399,,0.000,none
2026-03-16T11:58:06,-59.118,32.646,,0.000,none
2026-03-16T11:58:07,-59.161,32.903,,0.000,none
2026-03-16T11:58:08,-59.201,33.146,,0.000,none
2026-03-16T11:58:09,-59.247,33.392,,0.000,none
2026-03-16T11:58:10,-59.291,33.634,,0.000,none
2026-03-16T11:58:11,-59.337,33.885,,0.000,none
2026-03-16T11:58:12,-59.390,34.140,,0.000,none
2026-03-16T11:58:13,-59.395,34.167,,0.000,none
2026-03-16T11:58:14,-59.379,34.235,,0.000,none
2026-03-16T11:58:15,-59.331,34.511,,0.000,none
2026-03-16T11:58:16,-59.311,34.790,,0.000,none
2026-03-16T11:58:17,-59.319,35.070,,0.000,none
2026-03-16T11:58:18,-59.356,35.347,,0.000,none
2026-03-16T11:58:19,-59.419,35.620,,0.000,none
2026-03-16T11:58:20,-59.467,35.781,,0.000,none
2026-03-16T11:58:21,-59.467,35.781,,0.000,none
2026-03-16T11:58:22,-59.441,35.888,,0.000,none
2026-03-16T11:58:23,-59.420,35.932,,0.000,none
2026-03-16T11:58:24,-59.402,35.960,,0.000,none
2026-03-16T11:58:25,-59.402,35.960,,0.000,none
2026-03-16T11:58:26,-59.314,36.091,,0.000,none
2026-03-16T11:58:27,-59.114,36.378,,0.000,none
2026-03-16T11:58:28,-58.914,36.665,,0.000,none
2026-03-16T11:58:29,-58.774,36.869,,0.000,none
2026-03-16T11:58:30,-58.689,36.958,,0.000,none
2026-03-16T11:58:31,-58.489,37.153,,0.000,none
2026-03-16T11:58:32,-58.309,37.368,,0.000,none
2026-03-16T11:58:33,-58.152,37.599,,0.000,none
2026-03-16T11:58:34,-58.102,37.688,,0.000,none
2026-03-16T11:58:35,-58.099,37.694,,0.000,none
2026-03-16T11:58:36,-58.099,37.694,,0.000,none
2026-03-16T11:58:37,-57.984,37.968,,0.000,none
2026-03-16T11:58:38,-57.865,38.297,,0.000,none
2026-03-16T11:58:39,-57.768,38.633,,0.000,none
2026-03-16T11:58:40,-57.691,38.974,,0.000,none
2026-03-16T11:58:41,-57.634,39.320,,0.000,none
2026-03-16T11:58:42,-57.598,39.668,,0.000,none
2026-03-16T11:58:43,-57.583,40.017,,0.000,none
2026-03-16T11:58:44,-57.592,40.367,,0.000,none
2026-03-16T11:58:45,-57.622,40.716,,0.000,none
2026-03-16T11:58:46,-57.672,41.062,,0.000,none
2026-03-16T11:58:47,-57.742,41.405,,0.000,none
2026-03-16T11:58:48,-57.830,41.744,,0.000,none
2026-03-16T11:58:49,-57.935,42.078,,0.000,none
2026-03-16T11:58:50,-58.054,42.407,,0.000,none
2026-03-16T11:58:51,-58.183,42.732,,0.000,none
2026-03-16T11:58:52,-58.320,43.054,,0.000,none
2026-03-16T11:58:53,-58.466,43.372,,0.000,none
2026-03-16T11:58:54,-58.620,43.686,,0.000,none
2026-03-16T11:58:55,-58.704,43.832,,0.000,none
2026-03-16T11:58:56,-58.810,43.953,,0.000,none
2026-03-16T11:58:57,-59.017,44.143,,0.000,none
2026-03-16T11:58:58,-59.241,44.310,,0.000,none
2026-03-16T11:58:59,-59.480,44.455,,0.000,none
2026-03-16T11:59:00,-59.733,44.574,,0.000,none
2026-03-16T11:59:01,-59.997,44.668,,0.000,none
2026-03-16T11:59:02,-60.150,44.716,,0.000,none
2026-03-16T11:59:03,-60.194,44.741,,0.000,none
2026-03-16T11:59:04,-60.227,44.767,,0.000,none
2026-03-16T11:59:05,-60.227,44.767,,0.000,none
2026-03-16T11:59:06,-60.294,44.823,,0.000,none
2026-03-16T11:59:07,-60.553,45.059,,0.000,none
2026-03-16T11:59:08,-60.801,45.306,,0.000,none
2026-03-16T11:59:09,-61.040,45.562,,0.000,none
2026-03-16T11:59:10,-61.274,45.822,,0.000,none
2026-03-16T11:59:11,-61.506,46.084,,0.000,none
2026-03-16T11:59:12,-61.741,46.343,,0.000,none
2026-03-16T11:59:13,-61.983,46.595,,0.000,none
2026-03-16T11:59:14,-62.233,46.841,,0.000,none
2026-03-16T11:59:15,-62.489,47.079,,0.000,none
2026-03-16T11:59:16,-62.751,47.311,,0.000,none
2026-03-16T11:59:17,-63.020,47.535,,0.000,none
2026-03-16T11:59:18,-63.296,47.751,,0.000,none
2026-03-16T11:59:19,-63.580,47.956,,0.000,none
2026-03-16T11:59:20,-63.871,48.149,,0.000,none
2026-03-16T11:59:21,-64.172,48.329,,0.000,none
2026-03-16T11:59:22,-64.479,48.496,,0.000,none
2026-03-16T11:59:23,-64.794,48.648,,0.000,none
2026-03-16T11:59:24,-65.114,48.790,,0.000,none
2026-03-16T11:59:25,-65.439,48.921,,0.000,none
2026-03-16T11:59:26,-65.767,49.043,,0.000,none
2026-03-16T11:59:27,-66.098,49.155,,0.000,none
2026-03-16T11:59:28,-66.433,49.258,,0.000,none
2026-03-16T11:59:29,-66.770,49.351,,0.000,none
2026-03-16T11:59:30,-67.110,49.434,,0.000,none
2026-03-16T11:59:31,-67.452,49.510,,0.000,none
2026-03-16T11:59:32,-67.795,49.578,,0.000,none
2026-03-16T11:59:33,-68.140,49.639,,0.000,none
2026-03-16T11:59:34,-68.485,49.697,,0.000,none
2026-03-16T11:59:35,-68.831,49.751,,0.000,none
2026-03-16T11:59:36,-69.177,49.802,,0.000,none
2026-03-16T11:59:37,-69.524,49.849,,0.000,none
2026-03-16T11:59:38,-69.871,49.893,,0.000,none
2026-03-16T11:59:39,-70.219,49.933,,0.000,none
2026-03-16T11:59:40,-70.567,49.973,,0.000,none
2026-03-16T11:59:41,-70.915,50.011,,0.000,none
2026-03-16T11:59:42,-71.262,50.049,,0.000,none
2026-03-16T11:59:43,-71.610,50.087,,0.000,none
2026-03-16T11:59:44,-71.958,50.125,,0.000,none
2026-03-16T11:59:45,-72.306,50.163,,0.000,none
2026-03-16T11:59:46,-72.654,50.200,,0.000,none
2026-03-16T11:59:47,-73.002,50.238,,0.000,none
2026-03-16T11:59:48,-73.350,50.276,,0.000,none
2026-03-16T11:59:49,-73.698,50.314,,0.000,none
2026-03-16T11:59:50,-74.046,50.352,,0.000,none
2026-03-16T11:59:51,-74.394,50.389,,0.000,none
2026-03-16T11:59:52,-74.742,50.426,,0.000,none
2026-03-16T11:59:53,-75.090,50.463,,0.000,none
2026-03-16T11:59:54,-75.438,50.501,,0.000,none
2026-03-16T11:59:55,-75.786,50.539,,0.000,none
2026-03-16T11:59:56,-76.134,50.577,,0.000,none
2026-03-16T11:59:57,-76.482,50.615,,0.000,none
2026-03-16T11:59:58,-76.830,50.652,,0.000,none
2026-03-16T11:59:59,-77.178,50.687,,0.000,none
2026-03-16T12:00:00,-77.526,50.722,,0.000,none
2026-03-16T12:00:01,-77.875,50.755,,0.000,none
2026-03-16T12:00:02,-78.223,50.787,,0.000,none
2026-03-16T12:00:03,-78.572,50.816,,0.000,none
2026-03-16T12:00:04,-78.921,50.844,,0.000,none
2026-03-16T12:00:05,-79.270,50.871,,0.000,none
2026-03-16T12:00:06,-79.619,50.895,,0.000,none
2026-03-16T12:00:07,-79.968,50.917,,0.000,none
2026-03-16T12:00:08,-80.318,50.938,,0.000,none
2026-03-16T12:00:09,-80.667,50.957,,0.000,none
2026-03-16T12:00:10,-81.017,50.973,,0.000,none
2026-03-16T12:00:11,-81.367,50.988,,0.000,none
2026-03-16T12:00:12,-81.716,51.001,,0.000,none
2026-03-16T12:00:13,-82.066,51.011,,0.000,none
2026-03-16T12:00:14,-82.416,51.020,,0.000,none
2026-03-16T12:00:15,-82.766,51.027,,0.000,none
2026-03-16T12:00:16,-83.116,51.032,,0.000,none
2026-03-16T12:00:17,-83.466,51.035,,0.000,none
2026-03-16T12:00:18,-83.816,51.038,,0.000,none
2026-03-16T12:00:19,-84.166,51.040,,0.000,none
2026-03-16T12:00:20,-84.516,51.040,,0.000,none
2026-03-16T12:00:21,-84.866,51.041,,0.000,none
2026-03-16T12:00:22,-85.216,51.040,,0.000,none
2026-03-16T12:00:23,-85.566,51.039,,0.000,none
2026-03-16T12:00:24,-85.916,51.038,,0.000,none
2026-03-16T12:00:25,-86.266,51.036,,0.000,none
2026-03-16T12:00:26,-86.616,51.034,,0.000,none
2026-03-16T12:00:27,-86.966,51.033,,0.000,none
2026-03-16T12:00:28,-87.316,51.032,,0.000,none
2026-03-16T12:00:29,-87.666,51.031,,0.000,none
2026-03-16T12:00:30,-88.016,51.030,,0.000,none
2026-03-16T12:00:31,-88.366,51.029,,0.000,none
2026-03-16T12:00:32,-88.716,51.028,,0.000,none
2026-03-16T12:00:33,-89.066,51.029,,0.000,none
2026-03-16T12:00:34,-89.416,51.034,,0.000,none
2026-03-16T12:00:35,-89.766,51.046,,0.000,none
2026-03-16T12:00:36,-90.116,51.053,,0.000,none
2026-03-16T12:00:37,-90.466,51.056,,0.000,none
2026-03-16T12:00:38,-90.816,51.063,,0.000,none
2026-03-16T12:00:39,-91.166,51.068,,0.000,none
2026-03-16T12:00:40,-91.516,51.070,,0.000,none
2026-03-16T12:00:41,-91.866,51.068,,0.000,none
2026-03-16T12:00:42,-92.215,51.064,,0.000,none
2026-03-16T12:00:43,-92.565,51.058,,0.000,none
2026-03-16T12:00:44,-92.915,51.049,,0.000,none
2026-03-16T12:00:45,-93.265,51.037,,0.000,none
2026-03-16T12:00:46,-93.615,51.025,,0.000,none
2026-03-16T12:00:47,-93.965,51.011,,0.000,none
2026-03-16T12:00:48,-94.314,50.996,,0.000,none
2026-03-16T12:00:49,-94.664,50.980,,0.000,none
2026-03-16T12:00:50,-95.013,50.963,,0.000,none
2026-03-16T12:00:51,-95.363,50.946,,0.000,none
2026-03-16T12:00:52,-95.713,50.928,,0.000,none
2026-03-16T12:00:53,-96.062,50.911,,0.000,none
2026-03-16T12:00:54,-96.412,50.894,,0.000,none
2026-03-16T12:00:55,-96.761,50.876,,0.000,none
2026-03-16T12:00:56,-97.111,50.858,,0.000,none
2026-03-16T12:00:57,-97.460,50.841,,0.000,none
2026-03-16T12:00:58,-97.810,50.823,,0.000,none
2026-03-16T12:00:59,-98.160,50.806,,0.000,none
2026-03-16T12:01:00,-98.509,50.790,,0.000,none
2026-03-16T12:01:01,-98.859,50.775,,0.000,none
2026-03-16T12:01:02,-99.209,50.762,,0.000,none
2026-03-16T12:01:03,-99.558,50.751,,0.000,none
2026-03-16T12:01:04,-99.908,50.741,,0.000,none
2026-03-16T12:01:05,-100.258,50.732,,0.000,none
2026-03-16T12:01:06,-100.608,50.725,,0.000,none
2026-03-16T12:01:07,-100.958,50.720,,0.000,none
2026-03-16T12:01:08,-101.308,50.717,,0.000,none
2026-03-16T12:01:09,-101.658,50.718,,0.000,none
2026-03-16T12:01:10,-102.008,50.729,,0.000,none
2026-03-16T12:01:11,-102.357,50.750,,0.000,none
2026-03-16T12:01:12,-102.707,50.770,,0.000,none
2026-03-16T12:01:13,-103.056,50.796,,0.000,none
2026-03-16T12:01:14,-103.404,50.827,,0.000,none
2026-03-16T12:01:15,-103.753,50.857,,0.000,none
2026-03-16T12:01:16,-104.102,50.889,,0.000,none
2026-03-16T12:01:17,-104.450,50.924,,0.000,none
2026-03-16T12:01:18,-104.798,50.962,,0.000,none
2026-03-16T12:01:19,-105.146,51.000,,0.000,none
2026-03-16T12:01:20,-105.493,51.043,,0.000,none
2026-03-16T12:01:21,-105.840,51.089,,0.000,none
2026-03-16T12:01:22,-106.186,51.140,,0.000,none
2026-03-16T12:01:23,-106.532,51.197,,0.000,none
2026-03-16T12:01:24,-106.876,51.258,,0.000,none
2026-03-16T12:01:25,-107.220,51.326,,0.000,none
2026-03-16T12:01:26,-107.562,51.399,,0.000,none
2026-03-16T12:01:27,-107.903,51.478,,0.000,none
2026-03-16T12:01:28,-108.243,51.562,,0.000,none
2026-03-16T12:01:29,-108.582,51.647,,0.000,none
2026-03-16T12:01:30,-108.921,51.734,,0.000,none
2026-03-16T12:01:31,-109.259,51.826,,0.000,none
2026-03-16T12:01:32,-109.595,51.922,,0.000,none
2026-03-16T12:01:33,-109.931,52.023,,0.000,none
2026-03-16T12:01:34,-110.265,52.127,,0.000,none
2026-03-16T12:01:35,-110.598,52.234,,0.000,none
2026-03-16T12:01:36,-110.930,52.345,,0.000,none
2026-03-16T12:01:37,-111.260,52.460,,0.000,none
2026-03-16T12:01:38,-111.590,52.579,,0.000,none
2026-03-16T12:01:39,-111.918,52.700,,0.000,none
2026-03-16T12:01:40,-112.245,52.824,,0.000,none
2026-03-16T12:01:41,-112.571,52.951,,0.000,none
2026-03-16T12:01:42,-112.896,53.082,,0.000,none
2026-03-16T12:01:43,-113.219,53.217,,0.000,none
2026-03-16T12:01:44,-113.539,53.358,,0.000,none
2026-03-16T12:01:45,-113.857,53.504,,0.000,none
2026-03-16T12:01:46,-114.172,53.657,,0.000,none
2026-03-16T12:01:47,-114.485,53.815,,0.000,none
2026-03-16T12:01:48,-114.794,53.979,,0.000,none
2026-03-16T12:01:49,-115.100,54.148,,0.000,none
2026-03-16T12:01:50,-115.404,54.322,,0.000,none
2026-03-16T12:01:51,-115.704,54.502,,0.000,none
2026-03-16T12:01:52,-116.001,54.688,,0.000,none
2026-03-16T12:01:53,-116.293,54.881,,0.000,none
2026-03-16T12:01:54,-116.579,55.081,,0.000,none
2026-03-16T12:01:55,-116.861,55.289,,0.000,none
2026-03-16T12:01:56,-117.138,55.503,,0.000,none
2026-03-16T12:01:57,-117.410,55.724,,0.000,none
2026-03-16T12:01:58,-117.676,55.950,,0.000,none
2026-03-16T12:01:59,-117.938,56.183,,0.000,none
2026-03-16T12:02:00,-118.195,56.421,,0.000,none
2026-03-16T12:02:01,-118.445,56.665,,0.000,none
2026-03-16T12:02:02,-118.689,56.916,,0.000,none
2026-03-16T12:02:03,-118.925,57.174,,0.000,none
2026-03-16T12:02:04,-119.150,57.442,,0.000,none
2026-03-16T12:02:05,-119.362,57.721,,0.000,none
2026-03-16T12:02:06,-119.563,58.007,,0.000,none
2026-03-16T12:02:07,-119.754,58.301,,0.000,none
2026-03-16T12:02:08,-119.936,58.600,,0.000,none
2026-03-16T12:02:09,-120.108,58.905,,0.000,none
2026-03-16T12:02:10,-120.272,59.214,,0.000,none
2026-03-16T12:02:11,-120.428,59.527,,0.000,none
2026-03-16T12:02:12,-120.575,59.845,,0.000,none
2026-03-16T12:02:13,-120.713,60.166,,0.000,none
2026-03-16T12:02:14,-120.846,60.490,,0.000,none
2026-03-16T12:02:15,-120.975,60.815,,0.000,none
2026-03-16T12:02:16,-121.101,61.142,,0.000,none
2026-03-16T12:02:17,-121.223,61.470,,0.000,none
2026-03-16T12:02:18,-121.340,61.800,,0.000,none
2026-03-16T12:02:19,-121.453,62.131,,0.000,none
2026-03-16T12:02:20,-121.560,62.464,,0.000,none
2026-03-16T12:02:21,-121.663,62.799,,0.000,none
2026-03-16T12:02:22,-121.764,63.134,,0.000,none
2026-03-16T12:02:23,-121.863,63.470,,0.000,none
2026-03-16T12:02:24,-121.958,63.807,,0.000,none
2026-03-16T12:02:25,-122.050,64.144,,0.000,none
2026-03-16T12:02:26,-122.140,64.482,,0.000,none
2026-03-16T12:02:27,-122.228,64.821,,0.000,none
2026-03-16T12:02:28,-122.313,65.161,,0.000,none
2026-03-16T12:02:29,-122.397,65.501,,0.000,none
2026-03-16T12:02:30,-122.479,65.841,,0.000,none
2026-03-16T12:02:31,-122.560,66.181,,0.000,none
2026-03-16T12:02:32,-122.641,66.522,,0.000,none
2026-03-16T12:02:33,-122.721,66.862,,0.000,none
2026-03-16T12:02:34,-122.800,67.203,,0.000,none
2026-03-16T12:02:35,-122.879,67.544,,0.000,none
2026-03-16T12:02:36,-122.958,67.885,,0.000,none
2026-03-16T12:02:37,-123.036,68.227,,0.000,none
2026-03-16T12:02:38,-123.114,68.568,,0.000,none
2026-03-16T12:02:39,-123.192,68.909,,0.000,none
2026-03-16T12:02:40,-123.271,69.250,,0.000,none
2026-03-16T12:02:41,-123.352,69.591,,0.000,none
2026-03-16T12:02:42,-123.433,69.931,,0.000,none
2026-03-16T12:02:43,-123.515,70.271,,0.000,none
2026-03-16T12:02:44,-123.599,70.611,,0.000,none
2026-03-16T12:02:45,-123.684,70.951,,0.000,none
2026-03-16T12:02:46,-123.770,71.290,,0.000,none
2026-03-16T12:02:47,-123.857,71.629,,0.000,none
2026-03-16T12:02:48,-123.946,71.967,,0.000,none
2026-03-16T12:02:49,-124.036,72.305,,0.000,none
2026-03-16T12:02:50,-124.128,72.643,,0.000,none
2026-03-16T12:02:51,-124.221,72.981,,0.000,none
2026-03-16T12:02:52,-124.315,73.318,,0.000,none
2026-03-16T12:02:53,-124.409,73.655,,0.000,none
2026-03-16T12:02:54,-124.504,73.992,,0.000,none
2026-03-16T12:02:55,-124.600,74.328,,0.000,none
2026-03-16T12:02:56,-124.697,74.665,,0.000,none
2026-03-16T12:02:57,-124.793,75.001,,0.000,none
2026-03-16T12:02:58,-124.890,75.338,,0.000,none
2026-03-16T12:02:59,-124.986,75.674,,0.000,none
2026-03-16T12:03:00,-125.081,76.011,,0.000,none
2026-03-16T12:03:01,-125.177,76.348,,0.000,none
2026-03-16T12:03:02,-125.272,76.685,,0.000,none
2026-03-16T12:03:03,-125.366,77.021,,0.000,none
2026-03-16T12:03:04,-125.460,77.359,,0.000,none
2026-03-16T12:03:05,-125.554,77.696,,0.000,none
2026-03-16T12:03:06,-125.647,78.033,,0.000,none
2026-03-16T12:03:07,-125.740,78.371,,0.000,none
2026-03-16T12:03:08,-125.832,78.708,,0.000,none
2026-03-16T12:03:09,-125.924,79.046,,0.000,none
2026-03-16T12:03:10,-126.015,79.384,,0.000,none
2026-03-16T12:03:11,-126.106,79.722,,0.000,none
2026-03-16T12:03:12,-126.196,80.060,,0.000,none
2026-03-16T12:03:13,-126.286,80.398,,0.000,none
2026-03-16T12:03:14,-126.377,80.736,,0.000,none
2026-03-16T12:03:15,-126.468,81.074,,0.000,none
2026-03-16T12:03:16,-126.559,81.412,,0.000,none
2026-03-16T12:03:17,-126.651,81.750,,0.000,none
2026-03-16T12:03:18,-126.744,82.088,,0.000,none
2026-03-16T12:03:19,-126.837,82.425,,0.000,none
2026-03-16T12:03:20,-126.931,82.762,,0.000,none
2026-03-16T12:03:21,-127.026,83.099,,0.000,none
2026-03-16T12:03:22,-127.122,83.435,,0.000,none
2026-03-16T12:03:23,-127.220,83.772,,0.000,none
2026-03-16T12:03:24,-127.316,84.108,,0.000,none
2026-03-16T12:03:25,-127.414,84.444,,0.000,none
2026-03-16T12:03:26,-127.512,84.780,,0.000,none
2026-03-16T12:03:27,-127.612,85.115,,0.000,none
2026-03-16T12:03:28,-127.713,85.451,,0.000,none
2026-03-16T12:03:29,-127.815,85.785,,0.000,none
2026-03-16T12:03:30,-127.918,86.120,,0.000,none
2026-03-16T12:03:31,-128.022,86.454,,0.000,none
2026-03-16T12:03:32,-128.127,86.788,,0.000,none
2026-03-16T12:03:33,-128.232,87.122,,0.000,none
2026-03-16T12:03:34,-128.338,87.455,,0.000,none
2026-03-16T12:03:35,-128.443,87.789,,0.000,none
2026-03-16T12:03:36,-128.548,88.123,,0.000,none
2026-03-16T12:03:37,-128.652,88.457,,0.000,none
2026-03-16T12:03:38,-128.756,88.791,,0.000,none
2026-03-16T12:03:39,-128.860,89.126,,0.000,none
2026-03-16T12:03:40,-128.964,89.460,,0.000,none
2026-03-16T12:03:41,-129.067,89.794,,0.000,none
2026-03-16T12:03:42,-129.169,90.129,,0.000,none
2026-03-16T12:03:43,-129.272,90.464,,0.000,none
2026-03-16T12:03:44,-129.374,90.798,,0.000,none
2026-03-16T12:03:45,-129.475,91.134,,0.000,none
2026-03-16T12:03:46,-129.575,91.469,,0.000,none
2026-03-16T12:03:47,-129.674,91.805,,0.000,none
2026-03-16T12:03:48,-129.772,92.141,,0.000,none
2026-03-16T12:03:49,-129.869,92.477,,0.000,none
2026-03-16T12:03:50,-129.966,92.813,,0.000,none
2026-03-16T12:03:51,-130.065,93.149,,0.000,none
2026-03-16T12:03:52,-130.165,93.484,,0.000,none
2026-03-16T12:03:53,-130.268,93.819,,0.000,none
2026-03-16T12:03:54,-130.371,94.153,,0.000,none
2026-03-16T12:03:55,-130.475,94.488,,0.000,none
2026-03-16T12:03:56,-130.580,94.821,,0.000,none
2026-03-16T12:03:57,-130.688,95.155,,0.000,none
2026-03-16T12:03:58,-130.798,95.487,,0.000,none
2026-03-16T12:03:59,-130.914,95.817,,0.000,none
2026-03-16T12:04:00,-131.035,96.145,,0.000,none
2026-03-16T12:04:01,-131.159,96.472,,0.000,none
2026-03-16T12:04:02,-131.287,96.798,,0.000,none
2026-03-16T12:04:03,-131.418,97.123,,0.000,none
2026-03-16T12:04:04,-131.554,97.445,,0.000,none
2026-03-16T12:04:05,-131.694,97.766,,0.000,none
2026-03-16T12:04:06,-131.839,98.085,,0.000,none
2026-03-16T12:04:07,-131.991,98.400,,0.000,none
2026-03-16T12:04:08,-132.152,98.711,,0.000,none
2026-03-16T12:04:09,-132.323,99.016,,0.000,none
2026-03-16T12:04:10,-132.505,99.315,,0.000,none
2026-03-16T12:04:11,-132.696,99.609,,0.000,none
2026-03-16T12:04:12,-132.896,99.896,,0.000,none
2026-03-16T12:04:13,-133.105,100.176,,0.000,none
2026-03-16T12:04:14,-133.323,100.450,,0.000,none
2026-03-16T12:04:15,-133.550,100.716,,0.000,none
2026-03-16T12:04:16,-133.786,100.975,,0.000,none
2026-03-16T12:04:17,-134.033,101.223,,0.000,none
2026-03-16T12:04:18,-134.289,101.461,,0.000,none
2026-03-16T12:04:19,-134.555,101.689,,0.000,none
2026-03-16T12:04:20,-134.829,101.907,,0.000,none
2026-03-16T12:04:21,-135.109,102.116,,0.000,none
2026-03-16T12:04:22,-135.397,102.316,,0.000,none
2026-03-16T12:04:23,-135.690,102.506,,0.000,none
2026-03-16T12:04:24,-135.990,102.687,,0.000,none
2026-03-16T12:04:25,-136.297,102.855,,0.000,none
2026-03-16T12:04:26,-136.615,103.001,,0.000,none
2026-03-16T12:04:27,-136.941,103.128,,0.000,none
2026-03-16T12:04:28,-137.273,103.238,,0.000,none
2026-03-16T12:04:29,-137.609,103.336,,0.000,none
2026-03-16T12:04:30,-137.947,103.426,,0.000,none
2026-03-16T12:04:31,-138.287,103.510,,0.000,none
2026-03-16T12:04:32,-138.629,103.588,,0.000,none
2026-03-16T12:04:33,-138.971,103.659,,0.000,none
2026-03-16T12:04:34,-139.315,103.725,,0.000,none
2026-03-16T12:04:35,-139.660,103.785,,0.000,none
2026-03-16T12:04:36,-140.005,103.840,,0.000,none
2026-03-16T12:04:37,-140.352,103.889,,0.000,none
2026-03-16T12:04:38,-140.699,103.936,,0.000,none
2026-03-16T12:04:39,-141.046,103.981,,0.000,none
2026-03-16T12:04:40,-141.393,104.025,,0.000,none
2026-03-16T12:04:41,-141.740,104.068,,0.000,none
2026-03-16T12:04:42,-142.088,104.109,,0.000,none
2026-03-16T12:04:43,-142.436,104.147,,0.000,none
2026-03-16T12:04:44,-142.784,104.184,,0.000,none
2026-03-16T12:04:45,-143.132,104.219,,0.000,none
2026-03-16T12:04:46,-143.481,104.253,,0.000,none
2026-03-16T12:04:47,-143.829,104.287,,0.000,none
2026-03-16T12:04:48,-144.177,104.321,,0.000,none
2026-03-16T12:04:49,-144.526,104.353,,0.000,none
2026-03-16T12:04:50,-144.874,104.385,,0.000,none
2026-03-16T12:04:51,-145.223,104.416,,0.000,none
2026-03-16T12:04:52,-145.572,104.446,,0.000,none
2026-03-16T12:04:53,-145.920,104.476,,0.000,none
2026-03-16T12:04:54,-146.269,104.506,,0.000,none
2026-03-16T12:04:55,-146.618,104.536,,0.000,none
2026-03-16T12:04:56,-146.967,104.565,,0.000,none
2026-03-16T12:04:57,-147.315,104.595,,0.000,none
2026-03-16T12:04:58,-147.664,104.626,,0.000,none
2026-03-16T12:04:59,-148.012,104.658,,0.000,none
2026-03-16T12:05:00,-148.361,104.690,,0.000,none
2026-03-16T12:05:01,-148.709,104.723,,0.000,none
2026-03-16T12:05:02,-149.058,104.757,,0.000,none
2026-03-16T12:05:03,-149.406,104.791,,0.000,none
2026-03-16T12:05:04,-149.755,104.824,,0.000,none
2026-03-16T12:05:05,-150.103,104.856,,0.000,none
2026-03-16T12:05:06,-150.452,104.887,,0.000,none
2026-03-16T12:05:07,-150.800,104.917,,0.000,none
2026-03-16T12:05:08,-151.149,104.944,,0.000,none
2026-03-16T12:05:09,-151.498,104.969,,0.000,none
2026-03-16T12:05:10,-151.848,104.989,,0.000,none
2026-03-16T12:05:11,-152.198,105.006,,0.000,none
2026-03-16T12:05:12,-152.547,105.018,,0.000,none
2026-03-16T12:05:13,-152.817,105.027,,0.000,none
2026-03-16T12:05:14,-152.938,105.048,,0.000,none
2026-03-16T12:05:15,-153.186,105.111,,0.000,none
2026-03-16T12:05:16,-153.463,105.154,,0.000,none
2026-03-16T12:05:17,-153.742,105.169,,0.000,none
2026-03-16T12:05:18,-154.022,105.156,,0.000,none
2026-03-16T12:05:19,-154.299,105.115,,0.000,none
2026-03-16T12:05:20,-154.570,105.046,,0.000,none
2026-03-16T12:05:21,-154.833,104.951,,0.000,none
2026-03-16T12:05:22,-155.086,104.830,,0.000,none
2026-03-16T12:05:23,-155.325,104.684,,0.000,none
2026-03-16T12:05:24,-155.540,104.526,,0.000,none
2026-03-16T12:05:25,-155.548,104.523,,0.000,none
2026-03-16T12:05:26,-155.592,104.514,,0.000,none
2026-03-16T12:05:27,-155.648,104.512,,0.000,none
2026-03-16T12:05:28,-155.666,104.514,,0.000,none
2026-03-16T12:05:29,-155.666,104.514,,0.000,none
2026-03-16T12:05:30,-155.865,104.529,,0.000,none
2026-03-16T12:05:31,-155.985,104.553,,0.000,none
2026-03-16T12:05:32,-156.215,104.624,,0.000,none
2026-03-16T12:05:33,-156.489,104.682,,0.000,none
2026-03-16T12:05:34,-156.767,104.711,,0.000,none
2026-03-16T12:05:35,-157.047,104.713,,0.000,none
2026-03-16T12:05:36,-157.326,104.688,,0.000,none
2026-03-16T12:05:37,-157.600,104.634,,0.000,none
2026-03-16T12:05:38,-157.868,104.553,,0.000,none
2026-03-16T12:05:39,-158.127,104.446,,0.000,none
2026-03-16T12:05:40,-158.373,104.314,,0.000,none
2026-03-16T12:05:41,-158.564,104.191,,0.000,none
2026-03-16T12:05:42,-158.570,104.190,,0.000,none
2026-03-16T12:05:43,-158.613,104.186,,0.000,none
2026-03-16T12:05:44,-158.667,104.190,,0.000,none
2026-03-16T12:05:45,-158.685,104.194,,0.000,none
2026-03-16T12:05:46,-158.685,104.194,,0.000,none
2026-03-16T12:05:47,-158.908,104.239,,0.000,none
2026-03-16T12:05:48,-159.082,104.282,,0.000,none
2026-03-16T12:05:49,-159.229,104.350,,0.000,none
2026-03-16T12:05:50,-159.487,104.458,,0.000,none
2026-03-16T12:05:51,-159.754,104.541,,0.000,none
2026-03-16T12:05:52,-160.029,104.596,,0.000,none
2026-03-16T12:05:53,-160.307,104.624,,0.000,none
2026-03-16T12:05:54,-160.587,104.624,,0.000,none
2026-03-16T12:05:55,-160.866,104.596,,0.000,none
2026-03-16T12:05:56,-161.140,104.540,,0.000,none
2026-03-16T12:05:57,-161.407,104.457,,0.000,none
2026-03-16T12:05:58,-161.665,104.348,,0.000,none
2026-03-16T12:05:59,-161.854,104.251,,0.000,none
2026-03-16T12:06:00,-161.854,104.251,,0.000,none
2026-03-16T12:06:01,-162.021,104.244,,0.000,none
2026-03-16T12:06:02,-162.229,104.229,,0.000,none
2026-03-16T12:06:03,-162.239,104.229,,0.000,none
2026-03-16T12:06:04,-162.302,104.259,,0.000,none
2026-03-16T12:06:05,-162.563,104.360,,0.000,none
2026-03-16T12:06:06,-162.833,104.434,,0.000,none
2026-03-16T12:06:07,-163.109,104.482,,0.000,none
2026-03-16T12:06:08,-163.388,104.501,,0.000,none
2026-03-16T12:06:09,-163.668,104.493,,0.000,none
2026-03-16T12:06:10,-163.946,104.456,,0.000,none
2026-03-16T12:06:11,-164.218,104.392,,0.000,none
2026-03-16T12:06:12,-164.474,104.318,,0.000,none
2026-03-16T12:06:13,-164.479,104.318,,0.000,none
2026-03-16T12:06:14,-164.522,104.326,,0.000,none
2026-03-16T12:06:15,-164.571,104.343,,0.000,none
2026-03-16T12:06:16,-164.571,104.343,,0.000,none
2026-03-16T12:06:17,-164.696,104.456,,0.000,none
2026-03-16T12:06:18,-164.918,104.626,,0.000,none
2026-03-16T12:06:19,-165.156,104.773,,0.000,none
2026-03-16T12:06:20,-165.407,104.896,,0.000,none
2026-03-16T12:06:21,-165.670,104.992,,0.000,none
2026-03-16T12:06:22,-165.941,105.063,,0.000,none
2026-03-16T12:06:23,-166.218,105.105,,0.000,none
2026-03-16T12:06:24,-166.497,105.120,,0.000,none
2026-03-16T12:06:25,-166.777,105.107,,0.000,none
2026-03-16T12:06:26,-167.053,105.067,,0.000,none
2026-03-16T12:06:27,-167.325,104.998,,0.000,none
2026-03-16T12:06:28,-167.588,104.903,,0.000,none
2026-03-16T12:06:29,-167.793,104.811,,0.000,none
2026-03-16T12:06:30,-167.793,104.811,,0.000,none
2026-03-16T12:06:31,-167.975,104.803,,0.000,none
2026-03-16T12:06:32,-168.252,104.768,,0.000,none
2026-03-16T12:06:33,-168.525,104.705,,0.000,none
2026-03-16T12:06:34,-168.608,104.685,,0.000,none
2026-03-16T12:06:35,-168.622,104.688,,0.000,none
2026-03-16T12:06:36,-168.899,104.731,,0.000,none
2026-03-16T12:06:37,-169.178,104.746,,0.000,none
2026-03-16T12:06:38,-169.458,104.733,,0.000,none
2026-03-16T12:06:39,-169.735,104.694,,0.000,none
2026-03-16T12:06:40,-169.765,104.690,,0.000,none
2026-03-16T12:06:41,-169.774,104.693,,0.000,none
2026-03-16T12:06:42,-169.774,104.693,,0.000,none
2026-03-16T12:06:43,-169.904,104.800,,0.000,none
2026-03-16T12:06:44,-170.134,104.959,,0.000,none
2026-03-16T12:06:45,-170.379,105.095,,0.000,none
2026-03-16T12:06:46,-170.636,105.205,,0.000,none
2026-03-16T12:06:47,-170.903,105.290,,0.000,none
2026-03-16T12:06:48,-171.177,105.347,,0.000,none
2026-03-16T12:06:49,-171.455,105.377,,0.000,none
2026-03-16T12:06:50,-171.735,105.378,,0.000,none
2026-03-16T12:06:51,-172.014,105.352,,0.000,none
2026-03-16T12:06:52,-172.166,105.329,,0.000,none
2026-03-16T12:06:53,-172.178,105.332,,0.000,none
2026-03-16T12:06:54,-172.199,105.339,,0.000,none
2026-03-16T12:06:55,-172.199,105.339,,0.000,none
2026-03-16T12:06:56,-172.409,105.525,,0.000,none
2026-03-16T12:06:57,-172.636,105.688,,0.000,none
2026-03-16T12:06:58,-172.878,105.828,,0.000,none
2026-03-16T12:06:59,-173.133,105.943,,0.000,none
2026-03-16T12:07:00,-173.399,106.032,,0.000,none
2026-03-16T12:07:01,-173.659,106.094,,0.000,none
2026-03-16T12:07:02,-173.690,106.105,,0.000,none
2026-03-16T12:07:03,-173.690,106.105,,0.000,none
2026-03-16T12:07:04,-173.856,106.255,,0.000,none
2026-03-16T12:07:05,-174.077,106.427,,0.000,none
2026-03-16T12:07:06,-174.313,106.577,,0.000,none
2026-03-16T12:07:07,-174.563,106.703,,0.000,none
2026-03-16T12:07:08,-174.824,106.804,,0.000,none
2026-03-16T12:07:09,-175.094,106.878,,0.000,none
2026-03-16T12:07:10,-175.370,106.924,,0.000,none
2026-03-16T12:07:11,-175.649,106.943,,0.000,none
2026-03-16T12:07:12,-175.929,106.933,,0.000,none
2026-03-16T12:07:13,-176.206,106.896,,0.000,none
2026-03-16T12:07:14,-176.470,106.834,,0.000,none
2026-03-16T12:07:15,-176.681,106.803,,0.000,none
2026-03-16T12:07:16,-176.745,106.802,,0.000,none
2026-03-16T12:07:17,-176.758,106.808,,0.000,none
2026-03-16T12:07:18,-177.016,106.916,,0.000,none
2026-03-16T12:07:19,-177.284,106.999,,0.000,none
2026-03-16T12:07:20,-177.363,107.025,,0.000,none
2026-03-16T12:07:21,-177.406,107.062,,0.000,none
2026-03-16T12:07:22,-177.628,107.232,,0.000,none
2026-03-16T12:07:23,-177.866,107.379,,0.000,none
2026-03-16T12:07:24,-178.117,107.502,,0.000,none
2026-03-16T12:07:25,-178.378,107.605,,0.000,none
2026-03-16T12:07:26,-178.559,107.679,,0.000,none
2026-03-16T12:07:27,-178.559,107.679,,0.000,none
2026-03-16T12:07:28,-178.719,107.836,,0.000,none
2026-03-16T12:07:29,-178.936,108.013,,0.000,none
2026-03-16T12:07:30,-179.169,108.167,,0.000,none
2026-03-16T12:07:31,-179.417,108.298,,0.000,none
2026-03-16T12:07:32,-179.650,108.403,,0.000,none
2026-03-16T12:07:33,-179.752,108.449,,0.000,none
2026-03-16T12:07:34,-179.767,108.467,,0.000,none
2026-03-16T12:07:35,-179.788,108.510,,0.000,none
2026-03-16T12:07:36,-179.799,108.542,,0.000,none
2026-03-16T12:07:37,-179.799,108.542,,0.000,none
2026-03-16T12:07:38,-179.829,108.643,,0.000,none
2026-03-16T12:07:39,-179.855,108.774,,0.000,none
2026-03-16T12:07:40,-179.862,108.967,,0.000,none
2026-03-16T12:07:41,-179.886,109.246,,0.000,none
2026-03-16T12:07:42,-179.938,109.521,,0.000,none
2026-03-16T12:07:43,-180.017,109.790,,0.000,none
2026-03-16T12:07:44,-180.122,110.049,,0.000,none
2026-03-16T12:07:45,-180.253,110.296,,0.000,none
2026-03-16T12:07:46,-180.408,110.529,,0.000,none
2026-03-16T12:07:47,-180.585,110.746,,0.000,none
2026-03-16T12:07:48,-180.783,110.944,,0.000,none
2026-03-16T12:07:49,-181.000,111.121,,0.000,none
2026-03-16T12:07:50,-181.234,111.275,,0.000,none
2026-03-16T12:07:51,-181.481,111.405,,0.000,none
2026-03-16T12:07:52,-181.741,111.510,,0.000,none
2026-03-16T12:07:53,-181.967,111.605,,0.000,none
2026-03-16T12:07:54,-182.164,111.715,,0.000,none
2026-03-16T12:07:55,-182.342,111.854,,0.000,none
2026-03-16T12:07:56,-182.369,111.879,,0.000,none
2026-03-16T12:07:57,-182.374,111.891,,0.000,none
2026-03-16T12:07:58,-182.489,112.147,,0.000,none
2026-03-16T12:07:59,-182.627,112.390,,0.000,none
2026-03-16T12:08:00,-182.640,112.415,,0.000,none
2026-03-16T12:08:01,-182.644,112.485,,0.000,none
2026-03-16T12:08:02,-182.679,112.763,,0.000,none
2026-03-16T12:08:03,-182.688,112.853,,0.000,none
2026-03-16T12:08:04,-182.685,112.893,,0.000,none
2026-03-16T12:08:05,-182.685,112.893,,0.000,none
2026-03-16T12:08:06,-182.673,112.980,,0.000,none
2026-03-16T12:08:07,-182.646,113.138,,0.000,none
2026-03-16T12:08:08,-182.645,113.149,,0.000,none
2026-03-16T12:08:09,-182.661,113.202,,0.000,none
2026-03-16T12:08:10,-182.757,113.465,,0.000,none
2026-03-16T12:08:11,-182.877,113.718,,0.000,none
2026-03-16T12:08:12,-182.933,113.823,,0.000,none
2026-03-16T12:08:13,-182.933,113.823,,0.000,none
2026-03-16T12:08:14,-183.004,113.963,,0.000,none
2026-03-16T12:08:15,-183.153,114.280,,0.000,none
2026-03-16T12:08:16,-183.292,114.601,,0.000,none
2026-03-16T12:08:17,-183.427,114.924,,0.000,none
2026-03-16T12:08:18,-183.556,115.231,,0.000,none
2026-03-16T12:08:19,-183.558,115.238,,0.000,none
2026-03-16T12:08:20,-183.558,115.238,,0.000,none
2026-03-16T12:08:21,-183.640,115.469,,0.000,none
2026-03-16T12:08:22,-183.760,115.798,,0.000,none
2026-03-16T12:08:23,-183.874,116.093,,0.000,none
2026-03-16T12:08:24,-183.898,116.151,,0.000,none
2026-03-16T12:08:25,-183.898,116.151,,0.000,none
2026-03-16T12:08:26,-183.946,116.301,,0.000,none
2026-03-16T12:08:27,-184.057,116.633,,0.000,none
2026-03-16T12:08:28,-184.165,116.948,,0.000,none
2026-03-16T12:08:29,-184.167,116.955,,0.000,none
2026-03-16T12:08:30,-184.167,116.955,,0.000,none
2026-03-16T12:08:31,-184.223,117.135,,0.000,none
2026-03-16T12:08:32,-184.260,117.241,,0.000,none
2026-03-16T12:08:33,-184.260,117.241,,0.000,none
2026-03-16T12:08:34,-184.284,117.331,,0.000,none
2026-03-16T12:08:35,-184.380,117.668,,0.000,none
2026-03-16T12:08:36,-184.386,117.693,,0.000,none
2026-03-16T12:08:37,-184.386,117.693,,0.000,none
2026-03-16T12:08:38,-184.414,117.794,,0.000,none
2026-03-16T12:08:39,-184.450,117.900,,0.000,none
2026-03-16T12:08:40,-184.450,117.900,,0.000,none
2026-03-16T12:08:41,-184.473,117.966,,0.000,none
2026-03-16T12:08:42,-184.573,118.242,,0.000,none
2026-03-16T12:08:43,-184.688,118.524,,0.000,none
2026-03-16T12:08:44,-184.792,118.736,,0.000,none
2026-03-16T12:08:45,-184.961,119.042,,0.000,none
2026-03-16T12:08:46,-185.129,119.349,,0.000,none
2026-03-16T12:08:47,-185.297,119.656,,0.000,none
2026-03-16T12:08:48,-185.463,119.964,,0.000,none
2026-03-16T12:08:49,-185.628,120.273,,0.000,none
2026-03-16T12:08:50,-185.791,120.583,,0.000,none
2026-03-16T12:08:51,-185.952,120.893,,0.000,none
2026-03-16T12:08:52,-186.111,121.205,,0.000,none
2026-03-16T12:08:53,-186.267,121.519,,0.000,none
2026-03-16T12:08:54,-186.420,121.833,,0.000,none
2026-03-16T12:08:55,-186.571,122.149,,0.000,none
2026-03-16T12:08:56,-186.719,122.466,,0.000,none
2026-03-16T12:08:57,-186.865,122.785,,0.000,none
2026-03-16T12:08:58,-187.008,123.104,,0.000,none
2026-03-16T12:08:59,-187.148,123.425,,0.000,none
2026-03-16T12:09:00,-187.286,123.746,,0.000,none
2026-03-16T12:09:01,-187.422,124.069,,0.000,none
2026-03-16T12:09:02,-187.554,124.393,,0.000,none
2026-03-16T12:09:03,-187.685,124.718,,0.000,none
2026-03-16T12:09:04,-187.813,125.043,,0.000,none
2026-03-16T12:09:05,-187.938,125.370,,0.000,none
2026-03-16T12:09:06,-188.060,125.698,,0.000,none
2026-03-16T12:09:07,-188.180,126.027,,0.000,none
2026-03-16T12:09:08,-188.298,126.357,,0.000,none
2026-03-16T12:09:09,-188.413,126.687,,0.000,none
2026-03-16T12:09:10,-188.525,127.019,,0.000,none
2026-03-16T12:09:11,-188.635,127.351,,0.000,none
2026-03-16T12:09:12,-188.742,127.684,,0.000,none
2026-03-16T12:09:13,-188.846,128.018,,0.000,none
2026-03-16T12:09:14,-188.948,128.353,,0.000,none
2026-03-16T12:09:15,-189.047,128.689,,0.000,none
2026-03-16T12:09:16,-189.143,129.025,,0.000,none
2026-03-16T12:09:17,-189.237,129.362,,0.000,none
2026-03-16T12:09:18,-189.329,129.700,,0.000,none
2026-03-16T12:09:19,-189.417,130.039,,0.000,none
2026-03-16T12:09:20,-189.504,130.378,,0.000,none
2026-03-16T12:09:21,-189.588,130.718,,0.000,none
2026-03-16T12:09:22,-189.669,131.058,,0.000,none
2026-03-16T12:09:23,-189.749,131.399,,0.000,none
2026-03-16T12:09:24,-189.826,131.740,,0.000,none
2026-03-16T12:09:25,-189.903,132.082,,0.000,none
2026-03-16T12:09:26,-189.977,132.424,,0.000,none
2026-03-16T12:09:27,-190.050,132.766,,0.000,none
2026-03-16T12:09:28,-190.122,133.109,,0.000,none
2026-03-16T12:09:29,-190.191,133.452,,0.000,none
2026-03-16T12:09:30,-190.259,133.795,,0.000,none
2026-03-16T12:09:31,-190.325,134.139,,0.000,none
2026-03-16T12:09:32,-190.389,134.483,,0.000,none
2026-03-16T12:09:33,-190.452,134.827,,0.000,none
2026-03-16T12:09:34,-190.514,135.172,,0.000,none
2026-03-16T12:09:35,-190.574,135.517,,0.000,none
2026-03-16T12:09:36,-190.632,135.862,,0.000,none
2026-03-16T12:09:37,-190.689,136.207,,0.000,none
2026-03-16T12:09:38,-190.744,136.553,,0.000,none
2026-03-16T12:09:39,-190.798,136.899,,0.000,none
2026-03-16T12:09:40,-190.850,137.245,,0.000,none
2026-03-16T12:09:41,-190.901,137.591,,0.000,none
2026-03-16T12:09:42,-190.950,137.938,,0.000,none
2026-03-16T12:09:43,-190.997,138.284,,0.000,none
2026-03-16T12:09:44,-191.043,138.631,,0.000,none
2026-03-16T12:09:45,-191.088,138.978,,0.000,none
2026-03-16T12:09:46,-191.131,139.326,,0.000,none
2026-03-16T12:15:17,-38.470,1.039,,0.032,none
2026-03-16T12:15:18,-38.526,1.022,,0.000,none
2026-03-16T12:15:19,-38.574,1.012,,0.000,none
2026-03-16T12:15:20,-38.574,1.012,,0.000,none
2026-03-16T12:15:21,-38.643,1.002,,0.000,none
2026-03-16T12:15:22,-38.991,0.962,,0.000,none
2026-03-16T12:15:23,-39.340,0.940,,0.000,none
2026-03-16T12:15:24,-39.690,0.937,,0.000,none
2026-03-16T12:15:25,-40.040,0.953,,0.000,none
2026-03-16T12:15:26,-40.388,0.990,,0.000,none
2026-03-16T12:15:27,-40.732,1.054,,0.000,none
2026-03-16T12:15:28,-41.069,1.147,,0.000,none
2026-03-16T12:15:29,-41.399,1.265,,0.000,none
2026-03-16T12:15:30,-41.718,1.408,,0.000,none
2026-03-16T12:15:31,-42.025,1.575,,0.000,none
2026-03-16T12:15:32,-42.320,1.764,,0.000,none
2026-03-16T12:15:33,-42.601,1.972,,0.000,none
2026-03-16T12:15:34,-42.867,2.199,,0.000,none
2026-03-16T12:15:35,-43.118,2.443,,0.000,none
2026-03-16T12:15:36,-43.353,2.703,,0.000,none
2026-03-16T12:15:37,-43.572,2.976,,0.000,none
2026-03-16T12:15:38,-43.775,3.261,,0.000,none
2026-03-16T12:15:39,-43.961,3.557,,0.000,none
2026-03-16T12:15:40,-44.131,3.863,,0.000,none
2026-03-16T12:15:41,-44.284,4.178,,0.000,none
2026-03-16T12:15:42,-44.421,4.500,,0.000,none
2026-03-16T12:15:43,-44.543,4.828,,0.000,none
2026-03-16T12:15:44,-44.648,5.162,,0.000,none
2026-03-16T12:15:45,-44.739,5.500,,0.000,none
2026-03-16T12:15:46,-44.815,5.841,,0.000,none
2026-03-16T12:15:47,-44.876,6.186,,0.000,none
2026-03-16T12:15:48,-44.923,6.533,,0.000,none
2026-03-16T12:15:49,-44.956,6.881,,0.000,none
2026-03-16T12:15:50,-44.976,7.231,,0.000,none
2026-03-16T12:15:51,-44.983,7.581,,0.000,none
2026-03-16T12:15:52,-44.977,7.930,,0.000,none
2026-03-16T12:15:53,-44.959,8.280,,0.000,none
2026-03-16T12:15:54,-44.930,8.629,,0.000,none
2026-03-16T12:15:55,-44.897,8.977,,0.000,none
2026-03-16T12:15:56,-44.859,9.325,,0.000,none
2026-03-16T12:15:57,-44.816,9.673,,0.000,none
2026-03-16T12:15:58,-44.769,10.019,,0.000,none
2026-03-16T12:15:59,-44.719,10.366,,0.000,none
2026-03-16T12:16:00,-44.664,10.711,,0.000,none
2026-03-16T12:16:01,-44.605,11.056,,0.000,none
2026-03-16T12:16:02,-44.543,11.401,,0.000,none
2026-03-16T12:16:03,-44.475,11.744,,0.000,none
2026-03-16T12:16:04,-44.406,12.087,,0.000,none
2026-03-16T12:16:05,-44.335,12.430,,0.000,none
2026-03-16T12:16:06,-44.257,12.771,,0.000,none
2026-03-16T12:16:07,-44.174,13.111,,0.000,none
2026-03-16T12:16:08,-44.088,13.450,,0.095,none
2026-03-16T12:16:09,-43.994,13.787,,0.321,none
2026-03-16T12:16:10,-43.890,14.122,,0.555,none
2026-03-16T12:16:11,-43.778,14.453,,0.794,none
2026-03-16T12:16:12,-43.659,14.783,,1.040,none
2026-03-16T12:16:13,-43.533,15.109,,1.100,none
2026-03-16T12:16:14,-43.403,15.434,,1.347,none
2026-03-16T12:16:15,-43.264,15.755,,1.603,none
2026-03-16T12:16:16,-43.121,16.074,,1.864,none
2026-03-16T12:16:17,-42.970,16.391,,2.129,none
2026-03-16T12:16:18,-42.813,16.703,,2.200,none
2026-03-16T12:16:19,-42.654,17.015,,2.200,none
2026-03-16T12:16:20,-42.492,17.325,,2.200,none
2026-03-16T12:16:21,-42.328,17.634,,2.356,none
2026-03-16T12:16:22,-42.160,17.941,,2.623,none
2026-03-16T12:16:23,-41.989,18.247,,2.892,none
2026-03-16T12:16:24,-41.813,18.549,,3.164,none
2026-03-16T12:16:25,-41.632,18.849,,3.299,none
2026-03-16T12:16:26,-41.446,19.145,,3.299,none
2026-03-16T12:16:27,-41.252,19.437,,3.299,none
2026-03-16T12:16:28,-41.053,19.725,,3.299,none
2026-03-16T12:16:29,-40.848,20.008,,3.299,none
2026-03-16T12:16:30,-40.637,20.287,,3.299,none
2026-03-16T12:16:31,-40.420,20.562,,3.299,none
2026-03-16T12:16:32,-40.196,20.831,,3.533,none
2026-03-16T12:16:33,-39.965,21.094,,3.824,none
2026-03-16T12:16:34,-39.728,21.351,,4.120,none
2026-03-16T12:16:35,-39.484,21.602,,4.395,none
2026-03-16T12:16:36,-39.234,21.847,,4.395,none
2026-03-16T12:16:37,-38.977,22.085,,4.395,none
2026-03-16T12:16:38,-38.715,22.317,,4.395,none
2026-03-16T12:16:39,-38.449,22.544,,4.395,none
2026-03-16T12:16:40,-38.177,22.765,,4.395,none
2026-03-16T12:16:41,-37.902,22.981,,4.395,none
2026-03-16T12:16:42,-37.622,23.191,,4.395,none
2026-03-16T12:16:43,-37.337,23.395,,4.395,none
2026-03-16T12:16:44,-37.049,23.593,,4.395,none
2026-03-16T12:16:45,-36.754,23.782,,4.415,none
2026-03-16T12:16:46,-36.454,23.962,,4.733,none
2026-03-16T12:16:47,-36.149,24.133,,5.056,none
2026-03-16T12:16:48,-35.839,24.297,,5.381,none
2026-03-16T12:16:49,-35.527,24.454,,5.490,none
2026-03-16T12:16:50,-35.212,24.606,,5.490,none
2026-03-16T12:16:51,-34.893,24.752,,5.490,none
2026-03-16T12:16:52,-34.571,24.889,,5.490,none
2026-03-16T12:16:53,-34.245,25.016,,5.490,none
2026-03-16T12:16:54,-33.916,25.135,,5.490,none
2026-03-16T12:16:55,-33.584,25.246,,5.490,none
2026-03-16T12:16:56,-33.250,25.350,,5.490,none
2026-03-16T12:16:57,-32.914,25.448,,5.490,none
2026-03-16T12:16:58,-32.577,25.543,,5.490,none
2026-03-16T12:16:59,-32.239,25.633,,5.817,none
2026-03-16T12:17:00,-31.900,25.719,,6.153,none
2026-03-16T12:17:01,-31.560,25.802,,6.490,none
2026-03-16T12:17:02,-31.218,25.880,,6.587,none
2026-03-16T12:17:03,-30.876,25.953,,6.587,none
2026-03-16T12:17:04,-30.533,26.021,,6.587,none
2026-03-16T12:17:05,-30.188,26.083,,6.587,none
2026-03-16T12:17:06,-29.843,26.140,,6.587,none
2026-03-16T12:17:07,-29.497,26.191,,6.587,none
2026-03-16T12:17:08,-29.150,26.238,,6.587,none
2026-03-16T12:17:09,-28.802,26.280,,6.587,none
2026-03-16T12:17:10,-28.454,26.317,,6.820,none
2026-03-16T12:17:11,-28.106,26.349,,7.160,none
2026-03-16T12:17:12,-27.870,26.362,,7.391,none
2026-03-16T12:17:13,-27.741,26.345,,7.522,none
2026-03-16T12:17:14,-27.464,26.306,,7.685,none
2026-03-16T12:17:15,-27.184,26.294,,7.685,none
2026-03-16T12:17:16,-26.905,26.310,,7.685,none
2026-03-16T12:17:17,-26.628,26.355,,7.685,none
2026-03-16T12:17:18,-26.358,26.426,,7.685,none
2026-03-16T12:17:19,-26.096,26.524,,7.685,none
2026-03-16T12:17:20,-25.845,26.648,,7.685,none
2026-03-16T12:17:21,-25.637,26.772,,7.685,none
2026-03-16T12:17:22,-25.597,26.787,,7.685,none
2026-03-16T12:17:23,-25.546,26.796,,7.685,none
2026-03-16T12:17:24,-25.546,26.796,,7.685,none
2026-03-16T12:17:25,-25.511,26.801,,7.685,none
2026-03-16T12:17:26,-25.163,26.832,,7.685,none
2026-03-16T12:17:27,-24.915,26.837,,7.749,none
2026-03-16T12:17:28,-24.794,26.817,,7.871,none
2026-03-16T12:17:29,-24.528,26.761,,8.142,none
2026-03-16T12:17:30,-24.250,26.731,,8.420,none
2026-03-16T12:17:31,-23.970,26.728,,8.692,none
2026-03-16T12:17:32,-23.691,26.754,,8.784,none
2026-03-16T12:17:33,-23.417,26.807,,8.784,none
2026-03-16T12:17:34,-23.149,26.887,,8.784,none
2026-03-16T12:17:35,-22.890,26.994,,8.784,none
2026-03-16T12:17:36,-22.643,27.126,,8.784,none
2026-03-16T12:17:37,-22.411,27.282,,8.784,none
2026-03-16T12:17:38,-22.195,27.460,,8.784,none
2026-03-16T12:17:39,-21.998,27.659,,8.784,none
2026-03-16T12:17:40,-21.822,27.877,,8.784,none
2026-03-16T12:17:41,-21.677,28.081,,8.784,none
2026-03-16T12:17:42,-21.511,28.248,,8.784,none
2026-03-16T12:17:43,-21.324,28.392,,8.784,none
2026-03-16T12:17:44,-21.109,28.529,,8.784,none
2026-03-16T12:17:45,-20.893,28.647,,8.784,none
2026-03-16T12:17:46,-20.668,28.731,,8.879,none
2026-03-16T12:17:47,-20.430,28.809,,9.078,none
2026-03-16T12:17:48,-20.197,28.870,,9.278,none
2026-03-16T12:17:49,-19.956,28.917,,9.490,none
2026-03-16T12:17:50,-19.722,28.950,,9.699,none
2026-03-16T12:17:51,-19.478,28.970,,9.882,none
2026-03-16T12:17:52,-19.228,28.987,,9.882,none
2026-03-16T12:17:53,-18.987,28.996,,9.882,none
2026-03-16T12:17:54,-18.732,29.003,,9.882,none
2026-03-16T12:17:55,-18.613,29.001,,9.882,none
2026-03-16T12:17:56,-18.613,29.001,,9.882,none
2026-03-16T12:17:57,-18.443,28.904,,9.882,none
2026-03-16T12:17:58,-18.189,28.785,,9.882,none
2026-03-16T12:17:59,-17.925,28.693,,9.882,none
2026-03-16T12:18:00,-17.653,28.628,,36.246,none
2026-03-16T12:18:01,-17.375,28.590,,36.246,none
2026-03-16T12:18:02,-17.096,28.580,,36.246,none
2026-03-16T12:18:03,-16.816,28.598,,36.246,none
2026-03-16T12:18:04,-16.554,28.638,,36.246,none
2026-03-16T12:18:05,-16.316,28.673,,36.246,none
2026-03-16T12:18:06,-16.067,28.699,,36.444,none
2026-03-16T12:18:07,-15.791,28.747,,36.717,none
2026-03-16T12:18:08,-15.534,28.814,,36.980,none
2026-03-16T12:18:09,-15.304,28.865,,37.212,none
2026-03-16T12:18:10,-15.137,28.901,,37.344,none
2026-03-16T12:18:11,-15.137,28.901,,37.344,none
2026-03-16T12:18:12,-15.060,28.867,,37.344,none
2026-03-16T12:18:13,-14.798,28.768,,37.344,none
2026-03-16T12:18:14,-14.528,28.696,,37.344,none
2026-03-16T12:18:15,-14.251,28.652,,37.344,none
2026-03-16T12:18:16,-13.972,28.635,,37.344,none
2026-03-16T12:18:17,-13.692,28.646,,37.344,none
2026-03-16T12:18:18,-13.434,28.679,,37.344,none
2026-03-16T12:18:19,-13.190,28.710,,37.344,none
2026-03-16T12:18:20,-12.946,28.736,,37.344,none
2026-03-16T12:18:21,-12.808,28.750,,37.344,none
2026-03-16T12:18:22,-12.808,28.750,,37.344,none
2026-03-16T12:18:23,-12.581,28.678,,37.462,none
2026-03-16T12:18:24,-12.307,28.619,,37.704,none
2026-03-16T12:18:25,-12.030,28.587,,37.958,none
2026-03-16T12:18:26,-11.750,28.583,,38.223,none
2026-03-16T12:18:27,-11.471,28.607,,38.444,none
2026-03-16T12:18:28,-11.196,28.658,,38.444,none
2026-03-16T12:18:29,-10.977,28.718,,38.444,none
2026-03-16T12:18:30,-10.977,28.718,,38.444,none
2026-03-16T12:18:31,-10.838,28.696,,38.444,none
2026-03-16T12:18:32,-10.560,28.671,,38.444,none
2026-03-16T12:18:33,-10.280,28.674,,38.444,none
2026-03-16T12:18:34,-10.002,28.706,,38.444,none
2026-03-16T12:18:35,-9.728,28.765,,38.481,none
2026-03-16T12:18:36,-9.471,28.847,,38.751,none
2026-03-16T12:18:37,-9.237,28.924,,38.996,none
2026-03-16T12:18:38,-8.998,28.998,,39.246,none
2026-03-16T12:18:39,-8.763,29.070,,39.491,none
2026-03-16T12:18:40,-8.531,29.135,,39.543,none
2026-03-16T12:18:41,-8.286,29.205,,39.543,none
2026-03-16T12:18:42,-8.049,29.270,,39.543,none
2026-03-16T12:18:43,-7.816,29.332,,39.543,none
2026-03-16T12:18:44,-7.573,29.394,,39.543,none
2026-03-16T12:18:45,-7.339,29.450,,39.543,none
2026-03-16T12:18:46,-7.094,29.503,,39.543,none
2026-03-16T12:18:47,-6.854,29.555,,39.543,none
2026-03-16T12:18:48,-6.604,29.609,,39.645,none
2026-03-16T12:18:49,-6.331,29.669,,39.925,none
2026-03-16T12:18:50,-6.057,29.728,,40.204,none
2026-03-16T12:18:51,-5.784,29.788,,40.484,none
2026-03-16T12:18:52,-5.565,29.836,,40.641,none
2026-03-16T12:18:53,-5.552,29.833,,40.641,none
2026-03-16T12:18:54,-5.549,29.832,,40.641,none
2026-03-16T12:18:55,-5.544,29.828,,40.641,none
2026-03-16T12:18:56,-5.544,29.828,,40.641,none
2026-03-16T12:18:57,-5.467,29.757,,40.641,none
2026-03-16T12:18:58,-5.211,29.519,,40.641,none
2026-03-16T12:18:59,-4.956,29.279,,40.641,none
2026-03-16T12:19:00,-4.696,29.045,,40.641,none
2026-03-16T12:19:01,-4.517,28.890,,40.641,none
2026-03-16T12:19:02,-4.434,28.790,,40.641,none
2026-03-16T12:19:03,-4.260,28.571,,40.641,none
2026-03-16T12:19:04,-4.065,28.370,,40.641,none
2026-03-16T12:19:05,-3.851,28.190,,40.641,none
2026-03-16T12:19:06,-3.619,28.032,,40.641,none
2026-03-16T12:19:07,-3.497,27.963,,40.641,none
2026-03-16T12:19:08,-3.443,27.945,,40.641,none
2026-03-16T12:19:09,-3.437,27.943,,40.641,none
2026-03-16T12:19:10,-3.437,27.943,,40.641,none
2026-03-16T12:19:11,-3.130,27.873,,40.641,none
2026-03-16T12:19:12,-2.785,27.811,,40.641,none
2026-03-16T12:19:13,-2.438,27.768,,40.806,none
2026-03-16T12:19:14,-2.089,27.739,,41.153,none
2026-03-16T12:19:15,-1.739,27.727,,41.501,none
2026-03-16T12:19:16,-1.389,27.731,,41.738,none
2026-03-16T12:19:17,-1.040,27.752,,41.738,none
2026-03-16T12:19:18,-0.692,27.793,,41.738,none
2026-03-16T12:19:19,-0.347,27.851,,41.738,none
2026-03-16T12:19:20,-0.006,27.926,,41.738,none
2026-03-16T12:19:21,0.332,28.018,,41.738,none
2026-03-16T12:19:22,0.665,28.126,,41.738,none
2026-03-16T12:19:23,0.994,28.247,,41.738,none
2026-03-16T12:19:24,1.318,28.377,,41.738,none
2026-03-16T12:19:25,1.640,28.516,,41.738,none
2026-03-16T12:19:26,1.957,28.663,,41.738,none
2026-03-16T12:19:27,2.168,28.769,,41.887,none
2026-03-16T12:19:28,2.272,28.847,,41.984,none
2026-03-16T12:19:29,2.472,29.043,,42.168,none
2026-03-16T12:19:30,2.651,29.258,,42.329,none
2026-03-16T12:19:31,2.808,29.490,,42.467,none
2026-03-16T12:19:32,2.941,29.737,,42.579,none
2026-03-16T12:19:33,3.048,29.995,,42.666,none
2026-03-16T12:19:34,3.129,30.263,,42.725,none
2026-03-16T12:19:35,3.183,30.538,,42.757,none
2026-03-16T12:19:36,3.210,30.816,,42.761,none
2026-03-16T12:19:37,3.217,31.001,,42.753,none
2026-03-16T12:19:38,3.228,31.024,,42.762,none
2026-03-16T12:19:39,3.256,31.060,,42.787,none
2026-03-16T12:19:40,3.300,31.099,,42.828,none
2026-03-16T12:19:41,3.300,31.099,,42.828,none
2026-03-16T12:19:42,3.300,31.099,,42.828,none
2026-03-16T12:19:43,3.577,31.312,,42.833,none
2026-03-16T12:19:44,3.861,31.518,,42.833,none
2026-03-16T12:19:45,4.146,31.719,,42.833,none
2026-03-16T12:19:46,4.431,31.923,,42.833,none
2026-03-16T12:19:47,4.711,32.133,,42.833,none
2026-03-16T12:19:48,4.984,32.352,,42.833,none
2026-03-16T12:19:49,5.247,32.584,,42.833,none
2026-03-16T12:19:50,5.500,32.825,,42.833,none
2026-03-16T12:19:51,5.743,33.077,,42.833,none
2026-03-16T12:19:52,5.974,33.339,,42.833,none
2026-03-16T12:19:53,6.194,33.612,,42.833,none
2026-03-16T12:19:54,6.399,33.895,,42.833,none
2026-03-16T12:19:55,6.590,34.189,,42.833,none
2026-03-16T12:19:56,6.764,34.492,,42.833,none
2026-03-16T12:19:57,6.923,34.804,,42.833,none
2026-03-16T12:19:58,7.067,35.123,,42.833,none
2026-03-16T12:19:59,7.198,35.448,,42.833,none
2026-03-16T12:20:00,7.318,35.776,,42.833,none
2026-03-16T12:20:01,7.428,36.109,,42.833,none
2026-03-16T12:20:02,7.527,36.444,,42.833,none
2026-03-16T12:20:03,7.616,36.783,,42.833,none
2026-03-16T12:20:04,7.694,37.124,,42.833,none
2026-03-16T12:20:05,7.764,37.467,,42.833,none
2026-03-16T12:20:06,7.826,37.811,,42.833,none
2026-03-16T12:20:07,7.880,38.157,,42.833,none
2026-03-16T12:20:08,7.930,38.504,,42.833,none
2026-03-16T12:20:09,7.977,38.850,,42.833,none
2026-03-16T12:20:10,8.020,39.198,,42.833,none
2026-03-16T12:20:11,8.059,39.545,,42.833,none
2026-03-16T12:20:12,8.096,39.894,,42.833,none
2026-03-16T12:20:13,8.129,40.242,,42.833,none
2026-03-16T12:20:14,8.161,40.591,,42.833,none
2026-03-16T12:20:15,8.191,40.939,,42.833,none
2026-03-16T12:20:16,8.221,41.288,,42.833,none
2026-03-16T12:20:17,8.251,41.637,,42.833,none
2026-03-16T12:20:18,8.282,41.985,,42.833,none
2026-03-16T12:20:19,8.312,42.334,,42.833,none
2026-03-16T12:20:20,8.342,42.683,,42.833,none
2026-03-16T12:20:21,8.373,43.031,,42.833,none
2026-03-16T12:20:22,8.403,43.380,,42.833,none
2026-03-16T12:20:23,8.434,43.729,,42.833,none
2026-03-16T12:20:24,8.465,44.077,,42.833,none
2026-03-16T12:20:25,8.496,44.426,,42.833,none
2026-03-16T12:20:26,8.526,44.775,,42.833,none
2026-03-16T12:20:27,8.557,45.123,,42.833,none
2026-03-16T12:20:28,8.588,45.472,,42.833,none
2026-03-16T12:20:29,8.619,45.821,,42.833,none
2026-03-16T12:20:30,8.650,46.169,,42.833,none
2026-03-16T12:20:31,8.682,46.518,,42.833,none
2026-03-16T12:20:32,8.713,46.866,,42.833,none
2026-03-16T12:20:33,8.743,47.215,,42.833,none
2026-03-16T12:20:34,8.772,47.564,,42.833,none
2026-03-16T12:20:35,8.800,47.913,,42.833,none
2026-03-16T12:20:36,8.827,48.262,,42.833,none
2026-03-16T12:20:37,8.853,48.611,,42.833,none
2026-03-16T12:20:38,8.876,48.960,,42.833,none
2026-03-16T12:20:39,8.898,49.309,,42.833,none
2026-03-16T12:20:40,8.918,49.659,,42.833,none
2026-03-16T12:20:41,8.937,50.008,,42.833,none
2026-03-16T12:20:42,8.953,50.358,,42.833,none
2026-03-16T12:20:43,8.967,50.707,,42.833,none
2026-03-16T12:20:44,8.980,51.057,,42.833,none
2026-03-16T12:20:45,8.991,51.407,,42.833,none
2026-03-16T12:20:46,8.999,51.757,,42.833,none
2026-03-16T12:20:47,9.005,52.107,,42.833,none
2026-03-16T12:20:48,9.010,52.457,,42.833,none
2026-03-16T12:20:49,9.012,52.807,,42.833,none
2026-03-16T12:20:50,9.012,53.157,,42.833,none
2026-03-16T12:20:51,9.010,53.507,,42.833,none
2026-03-16T12:20:52,9.007,53.857,,42.833,none
2026-03-16T12:20:53,9.003,54.207,,42.833,none
2026-03-16T12:20:54,8.998,54.557,,42.833,none
2026-03-16T12:20:55,8.992,54.907,,42.833,none
2026-03-16T12:20:56,8.984,55.257,,42.833,none
2026-03-16T12:20:57,8.977,55.607,,42.833,none
2026-03-16T12:20:58,8.969,55.957,,42.833,none
2026-03-16T12:20:59,8.960,56.306,,42.833,none
2026-03-16T12:21:00,8.952,56.656,,42.833,none
2026-03-16T12:21:01,8.943,57.006,,42.833,none
2026-03-16T12:21:02,8.934,57.356,,42.833,none
2026-03-16T12:21:03,8.925,57.706,,42.833,none
2026-03-16T12:21:04,8.916,58.056,,42.833,none
2026-03-16T12:21:05,8.907,58.406,,42.833,none
2026-03-16T12:21:06,8.899,58.756,,42.833,none
2026-03-16T12:21:07,8.890,59.106,,42.833,none
2026-03-16T12:21:08,8.882,59.455,,42.833,none
2026-03-16T12:21:09,8.875,59.805,,42.833,none
2026-03-16T12:21:10,8.873,60.155,,42.833,none
2026-03-16T12:21:11,8.876,60.505,,42.833,none
2026-03-16T12:21:12,8.872,60.855,,42.833,none
2026-03-16T12:21:13,8.870,61.205,,42.833,none
2026-03-16T12:21:14,8.872,61.555,,42.833,none
2026-03-16T12:21:15,8.870,61.905,,42.833,none
2026-03-16T12:21:16,8.865,62.255,,42.833,none
2026-03-16T12:21:17,8.857,62.605,,42.833,none
2026-03-16T12:21:18,8.846,62.955,,42.833,none
2026-03-16T12:21:19,8.833,63.305,,42.833,none
2026-03-16T12:21:20,8.817,63.654,,42.833,none
2026-03-16T12:21:21,8.799,64.004,,42.833,none
2026-03-16T12:21:22,8.780,64.353,,42.833,none
2026-03-16T12:21:23,8.759,64.703,,42.833,none
2026-03-16T12:21:24,8.738,65.052,,42.833,none
2026-03-16T12:21:25,8.715,65.401,,42.833,none
2026-03-16T12:21:26,8.691,65.751,,42.833,none
2026-03-16T12:21:27,8.667,66.100,,42.833,none
2026-03-16T12:21:28,8.643,66.449,,42.833,none
2026-03-16T12:21:29,8.619,66.798,,42.833,none
2026-03-16T12:21:30,8.594,67.147,,42.833,none
2026-03-16T12:21:31,8.570,67.496,,42.833,none
2026-03-16T12:21:32,8.545,67.845,,42.833,none
2026-03-16T12:21:33,8.520,68.195,,42.833,none
2026-03-16T12:21:34,8.496,68.544,,42.833,none
2026-03-16T12:21:35,8.472,68.893,,42.833,none
2026-03-16T12:21:36,8.449,69.242,,42.833,none
2026-03-16T12:21:37,8.428,69.592,,42.833,none
2026-03-16T12:21:38,8.408,69.941,,42.833,none
2026-03-16T12:21:39,8.389,70.291,,42.833,none
2026-03-16T12:21:40,8.372,70.640,,42.833,none
2026-03-16T12:21:41,8.356,70.990,,42.833,none
2026-03-16T12:21:42,8.342,71.339,,42.833,none
2026-03-16T12:21:43,8.330,71.689,,42.833,none
2026-03-16T12:21:44,8.320,72.039,,42.833,none
2026-03-16T12:21:45,8.315,72.389,,42.833,none
2026-03-16T12:21:46,8.318,72.739,,42.833,none
2026-03-16T12:21:47,8.334,73.089,,42.833,none
2026-03-16T12:21:48,8.350,73.438,,42.833,none
2026-03-16T12:21:49,8.371,73.788,,42.833,none
2026-03-16T12:21:50,8.397,74.137,,42.833,none
2026-03-16T12:21:51,8.424,74.486,,42.833,none
2026-03-16T12:21:52,8.451,74.835,,42.833,none
2026-03-16T12:21:53,8.481,75.183,,42.833,none
2026-03-16T12:21:54,8.514,75.532,,42.833,none
2026-03-16T12:21:55,8.549,75.880,,42.833,none
2026-03-16T12:21:56,8.588,76.228,,42.833,none
2026-03-16T12:21:57,8.630,76.575,,42.833,none
2026-03-16T12:21:58,8.677,76.922,,42.833,none
2026-03-16T12:21:59,8.729,77.268,,42.833,none
2026-03-16T12:22:00,8.786,77.614,,42.833,none
2026-03-16T12:22:01,8.848,77.958,,42.833,none
2026-03-16T12:22:02,8.915,78.301,,42.833,none
2026-03-16T12:22:03,8.988,78.644,,42.833,none
2026-03-16T12:22:04,9.065,78.985,,42.833,none
2026-03-16T12:22:05,9.143,79.326,,42.833,none
2026-03-16T12:22:06,9.225,79.667,,42.833,none
2026-03-16T12:22:07,9.310,80.006,,42.833,none
2026-03-16T12:22:08,9.401,80.344,,42.833,none
2026-03-16T12:22:09,9.495,80.681,,42.833,none
2026-03-16T12:22:10,9.593,81.017,,42.833,none
2026-03-16T12:22:11,9.697,81.351,,42.833,none
2026-03-16T12:22:12,9.807,81.684,,42.833,none
2026-03-16T12:22:13,9.919,82.015,,42.833,none
2026-03-16T12:22:14,10.034,82.346,,42.833,none
2026-03-16T12:22:15,10.150,82.676,,42.833,none
2026-03-16T12:22:16,10.269,83.005,,42.833,none
2026-03-16T12:22:17,10.391,83.333,,42.833,none
2026-03-16T12:22:18,10.516,83.660,,42.833,none
2026-03-16T12:22:19,10.646,83.985,,42.833,none
2026-03-16T12:22:20,10.783,84.307,,42.833,none
2026-03-16T12:22:21,10.926,84.627,,42.833,none
2026-03-16T12:22:22,11.074,84.944,,42.833,none
2026-03-16T12:22:23,11.228,85.258,,42.833,none
2026-03-16T12:22:24,11.388,85.570,,42.833,none
2026-03-16T12:22:25,11.552,85.878,,42.833,none
2026-03-16T12:22:26,11.723,86.184,,42.833,none
2026-03-16T12:22:27,11.899,86.486,,42.833,none
2026-03-16T12:22:28,12.083,86.784,,42.833,none
2026-03-16T12:22:29,12.274,87.077,,42.833,none
2026-03-16T12:22:30,12.473,87.365,,42.833,none
2026-03-16T12:22:31,12.679,87.649,,42.833,none
2026-03-16T12:22:32,12.891,87.927,,42.833,none
2026-03-16T12:22:33,13.109,88.201,,42.833,none
2026-03-16T12:22:34,13.333,88.470,,42.833,none
2026-03-16T12:22:35,13.563,88.733,,42.833,none
2026-03-16T12:22:36,13.799,88.992,,42.833,none
2026-03-16T12:22:37,14.043,89.243,,42.833,none
2026-03-16T12:22:38,14.293,89.487,,42.833,none
2026-03-16T12:22:39,14.556,89.719,,42.833,none
2026-03-16T12:22:40,14.828,89.938,,42.833,none
2026-03-16T12:22:41,15.109,90.147,,42.833,none
2026-03-16T12:22:42,15.397,90.346,,42.833,none
2026-03-16T12:22:43,15.691,90.536,,42.833,none
2026-03-16T12:22:44,15.990,90.718,,42.833,none
2026-03-16T12:22:45,16.294,90.892,,42.833,none
2026-03-16T12:22:46,16.603,91.056,,42.833,none
2026-03-16T12:22:47,16.916,91.213,,42.833,none
2026-03-16T12:22:48,17.233,91.361,,42.833,none
2026-03-16T12:22:49,17.553,91.502,,42.833,none
2026-03-16T12:22:50,17.875,91.639,,42.833,none
2026-03-16T12:22:51,18.199,91.773,,42.833,none
2026-03-16T12:22:52,18.524,91.902,,42.833,none
2026-03-16T12:22:53,18.851,92.027,,42.833,none
2026-03-16T12:22:54,19.180,92.147,,42.833,none
2026-03-16T12:22:55,19.510,92.262,,73.596,none
2026-03-16T12:22:56,19.842,92.373,,73.596,none
2026-03-16T12:22:57,20.175,92.482,,73.596,none
2026-03-16T12:22:58,20.508,92.589,,73.596,none
2026-03-16T12:22:59,20.842,92.693,,73.596,none
2026-03-16T12:23:00,21.177,92.794,,73.596,none
2026-03-16T12:23:01,21.513,92.893,,73.596,none
2026-03-16T12:23:02,21.849,92.989,,73.596,none
2026-03-16T12:23:03,22.187,93.084,,73.806,none
2026-03-16T12:23:04,22.524,93.176,,74.150,none
2026-03-16T12:23:05,22.862,93.267,,74.494,none
2026-03-16T12:23:06,23.200,93.358,,74.691,none
2026-03-16T12:23:07,23.538,93.448,,74.691,none
2026-03-16T12:23:08,23.877,93.537,,74.691,none
2026-03-16T12:23:09,24.215,93.626,,74.691,none
2026-03-16T12:23:10,24.554,93.714,,74.691,none
2026-03-16T12:23:11,24.893,93.802,,74.691,none
2026-03-16T12:23:12,25.232,93.890,,74.691,none
2026-03-16T12:23:13,25.570,93.978,,74.691,none
2026-03-16T12:23:14,25.909,94.066,,74.691,none
2026-03-16T12:23:15,26.248,94.155,,74.691,none
2026-03-16T12:23:16,26.586,94.245,,74.691,none
2026-03-16T12:23:17,26.924,94.336,,74.691,none
2026-03-16T12:23:18,27.261,94.428,,74.691,none
2026-03-16T12:23:19,27.599,94.522,,74.691,none
2026-03-16T12:23:20,27.936,94.617,,74.691,none
2026-03-16T12:23:21,28.272,94.712,,74.691,none
2026-03-16T12:23:22,28.608,94.809,,74.691,none
2026-03-16T12:23:23,28.944,94.908,,74.691,none
2026-03-16T12:23:24,29.280,95.008,,74.691,none
2026-03-16T12:23:25,29.615,95.109,,74.691,none
2026-03-16T12:23:26,29.950,95.211,,74.691,none
2026-03-16T12:23:27,30.284,95.315,,74.691,none
2026-03-16T12:23:28,30.618,95.419,,74.691,none
2026-03-16T12:23:29,30.952,95.524,,74.691,none
2026-03-16T12:23:30,31.286,95.629,,74.691,none
2026-03-16T12:23:31,31.619,95.735,,74.691,none
2026-03-16T12:23:32,31.953,95.841,,74.691,none
2026-03-16T12:23:33,32.287,95.946,,74.691,none
2026-03-16T12:23:34,32.620,96.052,,74.691,none
2026-03-16T12:23:35,32.954,96.157,,74.691,none
2026-03-16T12:23:36,33.288,96.262,,74.691,none
2026-03-16T12:23:37,33.622,96.366,,74.691,none
2026-03-16T12:23:38,33.957,96.469,,74.691,none
2026-03-16T12:23:39,34.291,96.572,,74.691,none
2026-03-16T12:23:40,34.626,96.675,,74.691,none
2026-03-16T12:23:41,34.960,96.777,,74.691,none
2026-03-16T12:23:42,35.295,96.879,,74.691,none
2026-03-16T12:23:43,35.630,96.981,,74.691,none
2026-03-16T12:23:44,35.965,97.082,,74.691,none
2026-03-16T12:23:45,36.301,97.182,,74.691,none
2026-03-16T12:23:46,36.636,97.282,,74.691,none
2026-03-16T12:23:47,36.971,97.382,,74.691,none
2026-03-16T12:23:48,37.307,97.483,,74.691,none
2026-03-16T12:23:49,37.642,97.583,,74.691,none
2026-03-16T12:23:50,37.977,97.684,,74.691,none
2026-03-16T12:23:51,38.312,97.786,,74.691,none
2026-03-16T12:23:52,38.647,97.888,,74.691,none
2026-03-16T12:23:53,38.981,97.991,,74.691,none
2026-03-16T12:23:54,39.316,98.094,,74.934,none
2026-03-16T12:23:55,39.650,98.198,,75.257,none
2026-03-16T12:23:56,39.984,98.304,,75.581,none
2026-03-16T12:23:57,40.317,98.411,,75.785,none
2026-03-16T12:23:58,40.650,98.517,,75.785,none
2026-03-16T12:23:59,40.984,98.624,,75.785,none
2026-03-16T12:24:00,41.316,98.733,,75.785,none
2026-03-16T12:24:01,41.649,98.842,,75.785,none
2026-03-16T12:24:02,41.981,98.953,,75.785,none
2026-03-16T12:24:03,42.312,99.065,,75.785,none
2026-03-16T12:24:04,42.644,99.178,,75.785,none
2026-03-16T12:24:05,42.975,99.292,,75.785,none
2026-03-16T12:24:06,43.305,99.406,,75.785,none
2026-03-16T12:24:07,43.636,99.521,,75.785,none
2026-03-16T12:24:08,43.967,99.635,,75.785,none
2026-03-16T12:24:09,44.298,99.749,,75.785,none
2026-03-16T12:24:10,44.629,99.863,,75.785,none
2026-03-16T12:24:11,44.960,99.977,,75.785,none
2026-03-16T12:24:12,45.291,100.090,,75.785,none
2026-03-16T12:24:13,45.622,100.203,,75.785,none
2026-03-16T12:24:14,45.954,100.315,,75.785,none
2026-03-16T12:24:15,46.285,100.427,,75.785,none
2026-03-16T12:24:16,46.617,100.540,,75.785,none
2026-03-16T12:24:17,46.949,100.651,,75.785,none
2026-03-16T12:24:18,47.281,100.761,,75.785,none
2026-03-16T12:24:19,47.613,100.870,,75.785,none
2026-03-16T12:24:20,47.946,100.978,,75.785,none
2026-03-16T12:24:21,48.279,101.085,,75.785,none
2026-03-16T12:24:22,48.613,101.192,,75.785,none
2026-03-16T12:24:23,48.946,101.299,,75.785,none
2026-03-16T12:24:24,49.279,101.408,,75.785,none
2026-03-16T12:24:25,49.611,101.519,,75.785,none
2026-03-16T12:24:26,49.942,101.632,,75.785,none
2026-03-16T12:24:27,50.273,101.745,,75.785,none
2026-03-16T12:24:28,50.604,101.860,,75.785,none
2026-03-16T12:24:29,50.934,101.976,,75.785,none
2026-03-16T12:24:30,51.263,102.095,,75.785,none
2026-03-16T12:24:31,51.591,102.216,,75.785,none
2026-03-16T12:24:32,51.917,102.344,,75.785,none
2026-03-16T12:24:33,52.241,102.476,,75.785,none
2026-03-16T12:24:34,52.564,102.611,,75.785,none
2026-03-16T12:24:35,52.886,102.749,,75.785,none
2026-03-16T12:24:36,53.206,102.890,,75.785,none
2026-03-16T12:24:37,53.524,103.036,,75.785,none
2026-03-16T12:24:38,53.840,103.187,,75.785,none
2026-03-16T12:24:39,54.153,103.343,,75.785,none
2026-03-16T12:24:40,54.463,103.507,,75.785,none
2026-03-16T12:24:41,54.767,103.680,,75.785,none
2026-03-16T12:24:42,55.064,103.865,,75.785,none
2026-03-16T12:24:43,55.355,104.059,,75.785,none
2026-03-16T12:24:44,55.640,104.262,,75.785,none
2026-03-16T12:24:45,55.918,104.474,,75.785,none
2026-03-16T12:24:46,56.190,104.695,,75.785,none
2026-03-16T12:24:47,56.455,104.923,,75.785,none
2026-03-16T12:24:48,56.713,105.160,,75.785,none
2026-03-16T12:24:49,56.962,105.406,,75.792,none
2026-03-16T12:24:50,57.201,105.662,,75.963,none
2026-03-16T12:24:51,57.429,105.928,,76.122,none
2026-03-16T12:24:52,57.646,106.202,,76.268,none
2026-03-16T12:24:53,57.852,106.485,,76.402,none
2026-03-16T12:24:54,58.049,106.774,,76.524,none
2026-03-16T12:24:55,58.236,107.070,,76.636,none
2026-03-16T12:24:56,58.415,107.371,,76.738,none
2026-03-16T12:24:57,58.584,107.678,,76.830,none
2026-03-16T12:24:58,58.742,107.990,,76.882,none
2026-03-16T12:24:59,58.880,108.311,,76.882,none
2026-03-16T12:25:00,58.999,108.640,,76.882,none
2026-03-16T12:25:01,59.100,108.975,,76.882,none
2026-03-16T12:25:02,59.188,109.314,,76.882,none
2026-03-16T12:25:03,59.267,109.655,,76.882,none
2026-03-16T12:25:04,59.339,109.998,,76.882,none
2026-03-16T12:25:05,59.405,110.341,,76.882,none
2026-03-16T12:25:06,59.465,110.686,,76.882,none
2026-03-16T12:25:07,59.519,111.032,,76.882,none
2026-03-16T12:25:08,59.567,111.379,,76.882,none
2026-03-16T12:25:09,59.609,111.726,,76.868,none
2026-03-16T12:25:10,59.646,112.074,,76.822,none
2026-03-16T12:25:11,59.679,112.423,,76.771,none
2026-03-16T12:25:12,59.709,112.771,,76.719,none
2026-03-16T12:25:13,59.739,113.120,,76.665,none
2026-03-16T12:25:14,59.767,113.469,,76.609,none
2026-03-16T12:25:15,59.793,113.818,,76.552,none
2026-03-16T12:25:16,59.817,114.167,,76.493,none
2026-03-16T12:25:17,59.839,114.516,,76.432,none
2026-03-16T12:25:18,59.860,114.866,,76.369,none
2026-03-16T12:25:19,59.879,115.215,,76.306,none
2026-03-16T12:25:20,59.899,115.565,,76.242,none
2026-03-16T12:25:21,59.918,115.914,,76.178,none
2026-03-16T12:25:22,59.936,116.264,,76.113,none
2026-03-16T12:25:23,59.954,116.613,,76.047,none
2026-03-16T12:25:24,59.971,116.963,,75.981,none
2026-03-16T12:25:25,59.987,117.312,,75.914,none
2026-03-16T12:25:26,60.003,117.662,,75.847,none
2026-03-16T12:25:27,60.019,118.012,,75.785,none
2026-03-16T12:25:28,60.035,118.361,,75.785,none
2026-03-16T12:25:29,60.049,118.711,,75.785,none
2026-03-16T12:25:30,60.065,119.061,,75.785,none
2026-03-16T12:25:31,60.083,119.410,,75.785,none
2026-03-16T12:25:32,60.101,119.760,,75.785,none
2026-03-16T12:25:33,60.119,120.109,,75.785,none
2026-03-16T12:25:34,60.138,120.459,,75.785,none
2026-03-16T12:25:35,60.158,120.808,,75.785,none
2026-03-16T12:25:36,60.178,121.158,,75.785,none
2026-03-16T12:25:37,60.197,121.507,,75.785,none
2026-03-16T12:25:38,60.215,121.857,,75.785,none
2026-03-16T12:25:39,60.232,122.206,,75.785,none
2026-03-16T12:25:40,60.248,122.556,,75.785,none
2026-03-16T12:25:41,60.260,122.906,,75.785,none
2026-03-16T12:25:42,60.270,123.256,,75.785,none
2026-03-16T12:25:43,60.277,123.605,,75.785,none
2026-03-16T12:25:44,60.278,123.955,,75.785,none
2026-03-16T12:25:45,60.277,124.305,,75.785,none
2026-03-16T12:25:46,60.280,124.485,,75.785,none
2026-03-16T12:25:47,60.315,124.651,,75.785,none
2026-03-16T12:25:48,60.360,124.927,,75.785,none
2026-03-16T12:25:49,60.377,125.206,,75.785,none
2026-03-16T12:25:50,60.366,125.486,,75.785,none
2026-03-16T12:25:51,60.328,125.763,,75.785,none
2026-03-16T12:25:52,60.262,126.035,,75.785,none
2026-03-16T12:25:53,60.169,126.299,,75.785,none
2026-03-16T12:25:54,60.050,126.552,,75.785,none
2026-03-16T12:25:55,59.906,126.793,,75.785,none
2026-03-16T12:25:56,59.739,127.018,,75.785,none
2026-03-16T12:25:57,59.686,127.085,,75.785,none
2026-03-16T12:25:58,59.679,127.111,,75.785,none
2026-03-16T12:25:59,59.674,127.160,,75.785,none
2026-03-16T12:26:00,59.676,127.199,,75.785,none
2026-03-16T12:26:01,59.676,127.199,,75.785,none
2026-03-16T12:26:02,59.685,127.321,,75.785,none
2026-03-16T12:26:03,59.705,127.453,,75.785,none
2026-03-16T12:26:04,59.765,127.645,,75.785,none
2026-03-16T12:26:05,59.830,127.917,,75.785,none
2026-03-16T12:26:06,59.867,128.195,,75.785,none
2026-03-16T12:26:07,59.877,128.474,,75.785,none
2026-03-16T12:26:08,59.858,128.754,,75.785,none
2026-03-16T12:26:09,59.812,129.030,,75.785,none
2026-03-16T12:26:10,59.738,129.300,,75.785,none
2026-03-16T12:26:11,59.638,129.561,,75.785,none
2026-03-16T12:26:12,59.512,129.811,,75.785,none
2026-03-16T12:26:13,59.362,130.047,,75.785,none
2026-03-16T12:26:14,59.331,130.096,,75.785,none
2026-03-16T12:26:15,59.325,130.128,,75.785,none
2026-03-16T12:26:16,59.326,130.178,,75.785,none
2026-03-16T12:26:17,59.332,130.217,,75.785,none
2026-03-16T12:26:18,59.332,130.217,,75.785,none
2026-03-16T12:26:19,59.354,130.337,,75.785,none
2026-03-16T12:26:20,59.394,130.523,,75.785,none
2026-03-16T12:26:21,59.458,130.672,,75.785,none
2026-03-16T12:26:22,59.559,130.933,,75.785,none
2026-03-16T12:26:23,59.634,131.203,,75.785,none
2026-03-16T12:26:24,59.681,131.479,,75.785,none
2026-03-16T12:26:25,59.701,131.758,,75.785,none
2026-03-16T12:26:26,59.692,132.038,,75.785,none
2026-03-16T12:26:27,59.656,132.315,,75.785,none
2026-03-16T12:26:28,59.592,132.588,,75.785,none
2026-03-16T12:26:29,59.502,132.852,,75.785,none
2026-03-16T12:26:30,59.385,133.107,,75.785,none
2026-03-16T12:26:31,59.243,133.348,,75.785,none
2026-03-16T12:26:32,59.183,133.444,,75.785,none
2026-03-16T12:26:33,59.182,133.455,,75.785,none
2026-03-16T12:26:34,59.181,133.485,,75.785,none
2026-03-16T12:26:35,59.181,133.485,,75.785,none
2026-03-16T12:26:36,59.263,133.679,,75.785,none
2026-03-16T12:26:37,59.349,133.945,,75.785,none
2026-03-16T12:26:38,59.409,134.219,,75.785,none
2026-03-16T12:26:39,59.440,134.497,,75.785,none
2026-03-16T12:26:40,59.444,134.777,,75.785,none
2026-03-16T12:26:41,59.420,135.055,,75.785,none
2026-03-16T12:26:42,59.368,135.330,,75.785,none
2026-03-16T12:26:43,59.288,135.599,,75.785,none
2026-03-16T12:26:44,59.184,135.859,,75.785,none
2026-03-16T12:26:45,59.179,135.874,,75.785,none
2026-03-16T12:26:46,59.181,135.904,,75.785,none
2026-03-16T12:26:47,59.191,135.949,,75.785,none
2026-03-16T12:26:48,59.193,135.955,,75.785,none
2026-03-16T12:26:49,59.272,136.054,,75.785,none
2026-03-16T12:26:50,59.430,136.284,,75.785,none
2026-03-16T12:26:51,59.565,136.530,,75.785,none
2026-03-16T12:26:52,59.674,136.788,,75.785,none
2026-03-16T12:26:53,59.757,137.055,,75.785,none
2026-03-16T12:26:54,59.813,137.329,,75.785,none
2026-03-16T12:26:55,59.841,137.608,,75.785,none
2026-03-16T12:26:56,59.842,137.887,,75.785,none
2026-03-16T12:26:57,59.814,138.166,,75.785,none
2026-03-16T12:26:58,59.759,138.440,,75.785,none
2026-03-16T12:26:59,59.676,138.708,,75.785,none
2026-03-16T12:27:00,59.568,138.966,,75.785,none
2026-03-16T12:27:01,59.494,139.117,,75.785,none
2026-03-16T12:27:02,59.494,139.117,,75.785,none
2026-03-16T12:27:03,59.472,139.368,,75.785,none
2026-03-16T12:27:04,59.421,139.643,,75.785,none
2026-03-16T12:27:05,59.350,139.914,,75.785,none
2026-03-16T12:27:06,59.338,139.969,,75.785,none
2026-03-16T12:27:07,59.339,139.973,,75.785,none
2026-03-16T12:27:08,59.339,139.973,,75.785,none
2026-03-16T12:27:09,59.451,140.183,,75.785,none
2026-03-16T12:27:10,59.560,140.440,,75.785,none
2026-03-16T12:27:11,59.643,140.707,,75.785,none
2026-03-16T12:27:12,59.699,140.982,,75.785,none
2026-03-16T12:27:13,59.727,141.260,,75.785,none
2026-03-16T12:27:14,59.728,141.540,,75.785,none
2026-03-16T12:27:15,59.700,141.819,,75.785,none
2026-03-16T12:27:16,59.645,142.093,,75.785,none
2026-03-16T12:27:17,59.602,142.257,,75.785,none
2026-03-16T12:27:18,59.602,142.257,,75.785,none
2026-03-16T12:27:19,59.609,142.284,,75.785,none
2026-03-16T12:27:20,59.609,142.284,,75.785,none
2026-03-16T12:27:21,59.748,142.477,,75.785,none
2026-03-16T12:27:22,59.890,142.718,,75.785,none
2026-03-16T12:27:23,60.008,142.972,,75.785,none
2026-03-16T12:27:24,60.099,143.236,,75.785,none
2026-03-16T12:27:25,60.164,143.509,,75.785,none
2026-03-16T12:27:26,60.201,143.786,,75.785,none
2026-03-16T12:27:27,60.211,144.066,,75.785,none
2026-03-16T12:27:28,60.192,144.345,,75.785,none
2026-03-16T12:27:29,60.146,144.621,,75.785,none
2026-03-16T12:27:30,60.119,144.744,,75.785,none
2026-03-16T12:27:31,60.123,144.765,,75.785,none
2026-03-16T12:27:32,60.142,144.811,,75.785,none
2026-03-16T12:27:33,60.159,144.843,,75.785,none
2026-03-16T12:27:34,60.159,144.843,,75.785,none
2026-03-16T12:27:35,60.188,144.889,,75.785,none
2026-03-16T12:27:36,60.265,144.984,,75.785,none
2026-03-16T12:27:37,60.440,145.171,,75.785,none
2026-03-16T12:27:38,60.611,145.392,,75.785,none
2026-03-16T12:27:39,60.760,145.630,,75.785,none
2026-03-16T12:27:40,60.886,145.879,,75.785,none
2026-03-16T12:27:41,60.987,146.140,,75.785,none
2026-03-16T12:27:42,61.061,146.410,,75.785,none
2026-03-16T12:27:43,61.108,146.686,,75.785,none
2026-03-16T12:27:44,61.127,146.965,,75.785,none
2026-03-16T12:27:45,61.118,147.245,,75.785,none
2026-03-16T12:27:46,61.082,147.523,,75.785,none
2026-03-16T12:27:47,61.017,147.795,,75.785,none
2026-03-16T12:27:48,60.926,148.060,,75.785,none
2026-03-16T12:27:49,60.857,148.272,,75.785,none
2026-03-16T12:27:50,60.827,148.454,,75.785,none
2026-03-16T12:27:51,60.827,148.454,,75.785,none
2026-03-16T12:27:52,60.870,148.587,,75.785,none
2026-03-16T12:27:53,60.937,148.859,,75.785,none
2026-03-16T12:27:54,60.991,149.134,,75.785,none
2026-03-16T12:27:55,61.053,149.407,,75.785,none
2026-03-16T12:27:56,61.060,149.434,,75.785,none
2026-03-16T12:27:57,61.118,149.513,,75.785,none
2026-03-16T12:27:58,61.268,149.749,,75.785,none
2026-03-16T12:27:59,61.395,149.998,,75.785,none
2026-03-16T12:28:00,61.495,150.260,,75.785,none
2026-03-16T12:28:01,61.567,150.515,,75.785,none
2026-03-16T12:28:02,61.570,150.524,,75.785,none
2026-03-16T12:28:03,61.647,150.624,,75.785,none
2026-03-16T12:28:04,61.801,150.857,,75.785,none
2026-03-16T12:28:05,61.930,151.105,,75.785,none
2026-03-16T12:28:06,62.039,151.363,,75.785,none
2026-03-16T12:28:07,62.094,151.498,,75.785,none
2026-03-16T12:28:08,62.094,151.498,,75.785,none
2026-03-16T12:28:09,62.236,151.610,,75.785,none
2026-03-16T12:28:10,62.443,151.799,,75.785,none
2026-03-16T12:28:11,62.637,152.001,,75.785,none
2026-03-16T12:28:12,62.810,152.221,,75.785,none
2026-03-16T12:28:13,62.959,152.458,,75.785,none
2026-03-16T12:28:14,63.085,152.708,,75.785,none
2026-03-16T12:28:15,63.185,152.970,,75.785,none
2026-03-16T12:28:16,63.258,153.240,,75.785,none
2026-03-16T12:28:17,63.304,153.516,,75.785,none
2026-03-16T12:28:18,63.322,153.768,,75.785,none
2026-03-16T12:28:19,63.349,153.982,,75.785,none
2026-03-16T12:28:20,63.397,154.193,,75.785,none
2026-03-16T12:28:21,63.473,154.394,,75.785,none
2026-03-16T12:28:22,63.492,154.435,,75.785,none
2026-03-16T12:28:23,63.534,154.473,,75.785,none
2026-03-16T12:28:24,63.731,154.671,,75.785,none
2026-03-16T12:28:25,63.908,154.888,,75.785,none
2026-03-16T12:28:26,64.071,155.103,,75.785,none
2026-03-16T12:28:27,64.246,155.322,,75.785,none
2026-03-16T12:28:28,64.246,155.322,,75.785,none
2026-03-16T12:28:29,64.335,155.362,,75.785,none
2026-03-16T12:28:30,64.581,155.496,,75.785,none
2026-03-16T12:28:31,64.728,155.582,,75.785,none
2026-03-16T12:28:32,64.728,155.582,,75.785,none
2026-03-16T12:28:33,64.964,155.616,,75.785,none
2026-03-16T12:28:34,65.211,155.672,,75.785,none
2026-03-16T12:28:35,65.218,155.673,,75.785,none
2026-03-16T12:28:36,65.257,155.659,,75.785,none
2026-03-16T12:28:37,65.367,155.623,,75.785,none
2026-03-16T12:28:38,65.367,155.623,,75.785,none
2026-03-16T12:28:39,65.533,155.568,,75.785,none
2026-03-16T12:28:40,65.868,155.465,,75.785,none
2026-03-16T12:28:41,66.028,155.422,,75.785,none
2026-03-16T12:28:42,66.034,155.423,,75.785,none
2026-03-16T12:28:43,66.034,155.423,,75.785,none
2026-03-16T12:28:44,66.035,155.422,,75.785,none
2026-03-16T12:28:45,66.042,155.423,,75.785,none
2026-03-16T12:28:46,66.044,155.422,,75.785,none
2026-03-16T12:28:47,66.053,155.423,,75.785,none
2026-03-16T12:28:48,66.053,155.423,,75.785,none
2026-03-16T12:28:49,66.057,155.422,,75.785,none
2026-03-16T12:28:50,66.065,155.423,,75.785,none
2026-03-16T12:28:51,66.067,155.423,,75.785,none
2026-03-16T12:28:52,66.068,155.422,,75.785,none
2026-03-16T12:28:53,66.074,155.423,,75.785,none
2026-03-16T12:28:54,66.077,155.422,,75.785,none
2026-03-16T12:28:55,66.077,155.422,,75.785,none
2026-03-16T12:28:56,66.082,155.423,,75.785,none
2026-03-16T12:28:57,66.085,155.423,,75.785,none
2026-03-16T12:28:58,66.085,155.423,,75.785,none
2026-03-16T12:28:59,66.340,155.498,,75.785,none
2026-03-16T12:29:00,66.461,155.543,,75.785,none
2026-03-16T12:29:01,66.461,155.543,,75.785,none
2026-03-16T12:29:02,66.624,155.607,,75.785,none
2026-03-16T12:29:03,66.946,155.744,,75.785,none
2026-03-16T12:29:04,67.262,155.895,,75.785,none
2026-03-16T12:29:05,67.570,156.060,,75.785,none
2026-03-16T12:29:06,67.870,156.241,,75.785,none
2026-03-16T12:29:07,68.142,156.424,,75.785,none
2026-03-16T12:29:08,68.406,156.616,,75.785,none
2026-03-16T12:29:09,68.676,156.821,,75.785,none
2026-03-16T12:29:10,68.868,156.961,,75.785,none
2026-03-16T12:29:11,68.868,156.961,,75.785,none
2026-03-16T12:29:12,68.868,156.961,,75.785,none
2026-03-16T12:29:13,69.119,157.122,,75.785,none
2026-03-16T12:29:14,69.371,157.292,,75.785,none
2026-03-16T12:29:15,69.565,157.425,,75.785,none
2026-03-16T12:29:16,69.577,157.433,,75.785,none
2026-03-16T12:29:17,69.577,157.433,,75.785,none
2026-03-16T12:29:18,69.727,157.523,,75.864,none
2026-03-16T12:29:19,69.829,157.588,,75.947,none
2026-03-16T12:29:20,69.832,157.590,,75.950,none
2026-03-16T12:29:21,69.832,157.590,,75.950,none
2026-03-16T12:29:22,70.107,157.754,,76.179,none
2026-03-16T12:29:23,70.147,157.775,,76.212,none
2026-03-16T12:29:24,70.163,157.784,,76.226,none
2026-03-16T12:29:25,70.163,157.784,,76.226,none
2026-03-16T12:29:26,70.272,157.854,,76.315,none
2026-03-16T12:29:27,70.368,157.918,,76.394,none
2026-03-16T12:29:28,70.368,157.918,,76.394,none
2026-03-16T12:29:29,70.467,157.978,,76.476,none
2026-03-16T12:29:30,70.476,157.982,,76.483,none
2026-03-16T12:29:31,70.476,157.982,,76.483,none
2026-03-16T12:29:32,70.574,158.037,,76.566,none
2026-03-16T12:29:33,70.654,158.085,,76.632,none
2026-03-16T12:29:34,70.659,158.087,,76.636,none
2026-03-16T12:29:35,70.668,158.091,,76.644,none
2026-03-16T12:29:36,70.730,158.124,,76.696,none
2026-03-16T12:29:37,70.977,158.256,,76.882,none
2026-03-16T12:29:38,71.102,158.323,,76.882,none
2026-03-16T12:29:39,71.112,158.327,,76.882,none
2026-03-16T12:29:40,71.115,158.328,,76.882,none
2026-03-16T12:29:41,71.206,158.365,,76.882,none
2026-03-16T12:29:42,71.459,158.483,,76.882,none
2026-03-16T12:29:43,71.483,158.494,,76.882,none
2026-03-16T12:29:44,71.499,158.502,,76.882,none
2026-03-16T12:29:45,71.499,158.502,,76.882,none
2026-03-16T12:29:46,71.604,158.558,,76.882,none
2026-03-16T12:29:47,71.610,158.560,,76.882,none
2026-03-16T12:29:48,71.634,158.573,,76.882,none
2026-03-16T12:29:49,71.645,158.578,,76.882,none
2026-03-16T12:29:50,71.659,158.584,,76.882,none
2026-03-16T12:29:51,71.659,158.584,,76.882,none
2026-03-16T12:29:52,71.823,158.663,,76.882,none
2026-03-16T12:29:53,72.074,158.786,,76.882,none
2026-03-16T12:29:54,72.088,158.791,,76.882,none
2026-03-16T12:29:55,72.111,158.801,,76.882,none
2026-03-16T12:29:56,72.111,158.801,,76.882,none
2026-03-16T12:29:57,72.111,158.801,,76.882,none
2026-03-16T12:29:58,72.165,158.831,,76.882,none
2026-03-16T12:29:59,72.175,158.835,,76.882,none
2026-03-16T12:30:00,72.175,158.835,,76.882,none
2026-03-16T12:30:01,72.393,158.932,,76.882,none
2026-03-16T12:30:02,72.510,158.986,,76.882,none
2026-03-16T12:30:03,72.532,158.997,,76.882,none
2026-03-16T12:30:04,72.543,159.002,,76.882,none
2026-03-16T12:30:05,72.580,159.020,,76.882,none
2026-03-16T12:30:06,72.696,159.078,,76.882,none
2026-03-16T12:30:07,72.714,159.085,,76.882,none
2026-03-16T12:30:08,72.723,159.090,,76.882,none
2026-03-16T12:30:09,72.728,159.092,,76.882,none
2026-03-16T12:30:10,72.737,159.095,,76.882,none
2026-03-16T12:30:11,72.746,159.099,,76.882,none
2026-03-16T12:30:12,72.756,159.104,,76.882,none
2026-03-16T12:30:13,72.765,159.109,,76.882,none
2026-03-16T12:30:14,72.788,159.120,,76.882,none
2026-03-16T12:30:15,72.798,159.125,,76.882,none
2026-03-16T12:30:16,72.807,159.130,,76.882,none
2026-03-16T12:30:17,72.843,159.151,,76.882,none
2026-03-16T12:30:18,72.969,159.226,,76.882,none
2026-03-16T12:30:19,72.992,159.238,,76.882,none
2026-03-16T12:30:20,72.992,159.238,,76.882,none
2026-03-16T12:30:21,73.007,159.248,,76.882,none
2026-03-16T12:30:22,73.013,159.251,,76.882,none
2026-03-16T12:30:23,73.029,159.260,,76.882,none
2026-03-16T12:30:24,73.029,159.260,,76.882,none
2026-03-16T12:30:25,73.124,159.319,,76.882,none
2026-03-16T12:30:26,73.156,159.339,,76.882,none
2026-03-16T12:30:27,73.167,159.346,,76.882,none
2026-03-16T12:30:28,73.186,159.357,,76.882,none
2026-03-16T12:30:29,73.201,159.364,,76.882,none
2026-03-16T12:30:30,73.230,159.381,,76.882,none
2026-03-16T12:30:31,73.243,159.389,,76.882,none
2026-03-16T12:30:32,73.255,159.397,,76.882,none
2026-03-16T12:30:33,73.481,159.561,,76.882,none
2026-03-16T12:30:34,73.576,159.631,,76.882,none
2026-03-16T12:30:35,73.593,159.641,,76.882,none
2026-03-16T12:30:36,73.593,159.641,,76.882,none
2026-03-16T12:30:37,73.600,159.645,,76.882,none
2026-03-16T12:30:38,73.608,159.650,,76.882,none
2026-03-16T12:30:39,73.608,159.650,,76.882,none
2026-03-16T12:30:40,73.765,159.768,,76.882,none
2026-03-16T12:30:41,73.989,159.935,,76.882,none
2026-03-16T12:30:42,73.998,159.940,,76.882,none
2026-03-16T12:30:43,74.004,159.944,,76.882,none
2026-03-16T12:30:44,74.006,159.945,,76.882,none
2026-03-16T12:30:45,74.020,159.955,,76.882,none
2026-03-16T12:30:46,74.020,159.955,,76.882,none
2026-03-16T12:30:47,74.058,159.983,,76.882,none
2026-03-16T12:30:48,74.166,160.061,,76.882,none
2026-03-16T12:30:49,74.166,160.061,,76.882,none
2026-03-16T12:30:50,74.176,160.064,,76.882,none
2026-03-16T12:30:51,74.176,160.064,,76.882,none
2026-03-16T12:30:52,74.176,160.064,,76.882,none
2026-03-16T12:30:53,74.181,160.066,,76.882,none
2026-03-16T12:30:54,74.181,160.066,,76.882,none
2026-03-16T12:30:55,74.189,160.071,,76.882,none
2026-03-16T12:30:56,74.194,160.074,,76.882,none
2026-03-16T12:30:57,74.203,160.077,,76.882,none
2026-03-16T12:30:58,74.209,160.080,,76.882,none
2026-03-16T12:30:59,74.214,160.084,,76.882,none
2026-03-16T12:31:00,74.238,160.098,,76.882,none
2026-03-16T12:31:01,74.440,160.230,,76.882,none
2026-03-16T12:31:02,74.446,160.232,,76.882,none
2026-03-16T12:31:03,74.468,160.247,,76.882,none
2026-03-16T12:31:04,74.488,160.260,,76.882,none
2026-03-16T12:31:05,74.488,160.260,,76.882,none
2026-03-16T12:31:06,74.496,160.265,,76.882,none
2026-03-16T12:31:07,74.496,160.265,,76.882,none
2026-03-16T12:31:08,74.507,160.270,,76.882,none
2026-03-16T12:31:09,74.515,160.276,,76.882,none
2026-03-16T12:31:10,74.515,160.276,,76.882,none
2026-03-16T12:31:11,74.578,160.322,,76.882,none
2026-03-16T12:31:12,74.578,160.322,,76.882,none
2026-03-16T12:31:13,74.580,160.323,,76.882,none
2026-03-16T12:31:14,74.587,160.328,,76.882,none
2026-03-16T12:31:15,74.595,160.333,,76.882,none
2026-03-16T12:31:16,74.595,160.333,,76.882,none
2026-03-16T12:31:17,74.608,160.339,,76.882,none
2026-03-16T12:31:18,74.608,160.339,,76.882,none
2026-03-16T12:31:19,74.608,160.339,,76.882,none
2026-03-16T12:31:20,74.793,160.403,,76.882,none
2026-03-16T12:31:21,75.049,160.517,,76.882,none
2026-03-16T12:31:22,75.294,160.653,,76.882,none
2026-03-16T12:31:23,75.524,160.812,,76.882,none
2026-03-16T12:31:24,75.692,160.945,,76.882,none
2026-03-16T12:31:25,75.692,160.945,,76.882,none
2026-03-16T12:31:26,75.880,161.000,,76.882,none
2026-03-16T12:31:27,76.141,161.101,,76.882,none
2026-03-16T12:31:28,76.391,161.227,,76.882,none
2026-03-16T12:31:29,76.627,161.377,,76.882,none
2026-03-16T12:31:30,76.847,161.550,,76.882,none
2026-03-16T12:31:31,77.030,161.700,,76.882,none
2026-03-16T12:31:32,77.226,161.855,,76.882,none
2026-03-16T12:31:33,77.422,162.004,,76.882,none
2026-03-16T12:31:34,77.615,162.147,,76.882,none
2026-03-16T12:31:35,77.823,162.287,,76.882,none
2026-03-16T12:31:36,77.826,162.289,,76.882,none
2026-03-16T12:31:37,77.963,162.317,,76.882,none
2026-03-16T12:31:38,78.233,162.394,,76.882,none
2026-03-16T12:31:39,78.493,162.497,,76.882,none
2026-03-16T12:31:40,78.741,162.625,,76.882,none
2026-03-16T12:31:41,78.976,162.778,,76.882,none
2026-03-16T12:31:42,79.199,162.948,,76.882,none
2026-03-16T12:31:43,79.399,163.129,,76.882,none
2026-03-16T12:31:44,79.521,163.250,,76.882,none
2026-03-16T12:31:45,79.522,163.250,,76.882,none
2026-03-16T12:31:46,79.522,163.250,,76.882,none
2026-03-16T12:31:47,79.703,163.263,,76.882,none
2026-03-16T12:31:48,79.980,163.303,,76.882,none
2026-03-16T12:31:49,80.214,163.368,,76.882,none
2026-03-16T12:31:50,80.444,163.473,,76.882,none
2026-03-16T12:31:51,80.656,163.611,,76.882,none
2026-03-16T12:31:52,80.866,163.795,,76.882,none
2026-03-16T12:31:53,81.057,164.000,,76.882,none
2026-03-16T12:31:54,81.226,164.223,,76.882,none
2026-03-16T12:31:55,81.372,164.462,,76.882,none
2026-03-16T12:31:56,81.447,164.654,,76.882,none
2026-03-16T12:31:57,81.482,164.867,,76.882,none
2026-03-16T12:31:58,81.469,165.128,,76.882,none
2026-03-16T12:31:59,81.429,165.396,,76.882,none
2026-03-16T12:32:00,81.383,165.531,,76.882,none
2026-03-16T12:32:01,81.233,165.711,,76.882,none
2026-03-16T12:32:02,81.058,165.853,,76.882,none
2026-03-16T12:32:03,80.899,165.921,,76.882,none
2026-03-16T12:32:04,80.890,165.923,,76.882,none
2026-03-16T12:32:05,80.877,165.916,,76.882,none
2026-03-16T12:32:06,80.857,165.902,,76.882,none
2026-03-16T12:32:07,80.835,165.887,,76.882,none
2026-03-16T12:32:08,80.833,165.885,,76.882,none
2026-03-16T12:32:09,80.818,165.874,,76.882,none
2026-03-16T12:32:10,80.800,165.861,,76.882,none
2026-03-16T12:32:11,80.787,165.851,,76.882,none
2026-03-16T12:32:12,80.780,165.845,,76.882,none
2026-03-16T12:32:13,80.774,165.841,,76.882,none
2026-03-16T12:32:14,80.769,165.837,,76.882,none
2026-03-16T12:32:15,80.761,165.830,,76.882,none
2026-03-16T12:32:16,80.751,165.822,,76.882,none
2026-03-16T12:32:17,80.741,165.814,,76.882,none
2026-03-16T12:32:18,80.735,165.810,,76.882,none
2026-03-16T12:32:19,80.722,165.801,,76.882,none
2026-03-16T12:32:20,80.720,165.800,,76.882,none
2026-03-16T12:32:21,80.718,165.800,,76.882,none
2026-03-16T12:32:22,80.716,165.801,,76.882,none
2026-03-16T12:32:23,80.714,165.803,,76.882,none
2026-03-18T06:25:30,-38.473,1.038,,0.029,none
2026-03-18T06:25:31,-38.493,1.031,,0.007,none
2026-03-18T06:25:32,-38.493,1.031,,0.007,none
2026-03-18T06:25:33,-38.726,0.957,,0.000,none
2026-03-18T06:25:34,-39.064,0.865,,0.000,none
2026-03-18T06:25:35,-39.408,0.797,,0.000,none
2026-03-18T06:25:36,-39.755,0.754,,0.000,none
2026-03-18T06:25:37,-40.104,0.732,,0.000,none
2026-03-18T06:25:38,-40.454,0.728,,0.000,none
2026-03-18T06:25:39,-40.804,0.740,,0.000,none
2026-03-18T06:25:40,-41.153,0.765,,0.000,none
2026-03-18T06:25:41,-41.501,0.797,,0.000,none
2026-03-18T06:25:42,-41.850,0.833,,0.000,none
2026-03-18T06:25:43,-42.197,0.871,,0.000,none
2026-03-18T06:25:44,-42.545,0.916,,0.000,none
2026-03-18T06:25:45,-42.891,0.968,,0.000,none
2026-03-18T06:25:46,-43.236,1.026,,0.000,none
2026-03-18T06:25:47,-43.580,1.091,,0.000,none
2026-03-18T06:25:48,-43.923,1.159,,0.000,none
2026-03-18T06:25:49,-44.265,1.232,,0.000,none
2026-03-18T06:25:50,-44.607,1.310,,0.000,none
2026-03-18T06:25:51,-44.946,1.394,,0.000,none
2026-03-18T06:25:52,-45.284,1.486,,0.000,none
2026-03-18T06:25:53,-45.620,1.585,,0.000,none
2026-03-18T06:25:54,-45.953,1.691,,0.000,none
2026-03-18T06:25:55,-46.285,1.803,,0.000,none
2026-03-18T06:25:56,-46.613,1.923,,0.000,none
2026-03-18T06:25:57,-46.939,2.052,,0.000,none
2026-03-18T06:25:58,-47.261,2.188,,0.000,none
2026-03-18T06:25:59,-47.580,2.333,,0.000,none
2026-03-18T06:26:00,-47.895,2.487,,0.000,none
2026-03-18T06:26:01,-48.205,2.648,,0.000,none
2026-03-18T06:26:02,-48.512,2.816,,0.000,none
2026-03-18T06:26:03,-48.816,2.990,,0.000,none
2026-03-18T06:26:04,-49.116,3.170,,0.000,none
2026-03-18T06:26:05,-49.412,3.356,,0.000,none
2026-03-18T06:26:06,-49.705,3.548,,0.000,none
2026-03-18T06:26:07,-49.992,3.748,,0.000,none
2026-03-18T06:26:08,-50.273,3.957,,0.000,none
2026-03-18T06:26:09,-50.547,4.175,,0.000,none
2026-03-18T06:26:10,-50.816,4.398,,0.000,none
2026-03-18T06:26:11,-51.081,4.627,,0.000,none
2026-03-18T06:26:12,-51.342,4.861,,0.000,none
2026-03-18T06:26:13,-51.596,5.101,,0.000,none
2026-03-18T06:26:14,-51.843,5.349,,0.000,none
2026-03-18T06:26:15,-52.084,5.603,,0.000,none
2026-03-18T06:26:16,-52.319,5.862,,0.000,none
2026-03-18T06:26:17,-52.549,6.126,,0.000,none
2026-03-18T06:26:18,-52.774,6.394,,0.000,none
2026-03-18T06:26:19,-52.996,6.664,,0.000,none
2026-03-18T06:26:20,-53.216,6.937,,0.000,none
2026-03-18T06:26:21,-53.432,7.213,,0.000,none
2026-03-18T06:26:22,-53.645,7.490,,0.000,none
2026-03-18T06:26:23,-53.853,7.771,,0.000,none
2026-03-18T06:26:24,-54.058,8.055,,0.000,none
2026-03-18T06:26:25,-54.258,8.343,,0.000,none
2026-03-18T06:26:26,-54.453,8.633,,0.000,none
2026-03-18T06:26:27,-54.644,8.926,,0.000,none
2026-03-18T06:26:28,-54.831,9.222,,0.000,none
2026-03-18T06:26:29,-55.013,9.521,,0.000,none
2026-03-18T06:26:30,-55.191,9.822,,0.000,none
2026-03-18T06:26:31,-55.280,9.991,,0.000,none
2026-03-18T06:26:32,-55.323,10.139,,0.000,none
2026-03-18T06:26:33,-55.409,10.405,,0.000,none
2026-03-18T06:26:34,-55.522,10.661,,0.000,none
2026-03-18T06:26:35,-55.659,10.905,,0.000,none
2026-03-18T06:26:36,-55.820,11.134,,0.000,none
2026-03-18T06:26:37,-56.003,11.346,,0.000,none
2026-03-18T06:26:38,-56.206,11.538,,0.000,none
2026-03-18T06:26:39,-56.322,11.638,,0.000,none
2026-03-18T06:26:40,-56.351,11.682,,0.000,none
2026-03-18T06:26:41,-56.357,11.693,,0.000,none
2026-03-18T06:26:42,-56.357,11.693,,0.000,none
2026-03-18T06:26:43,-56.476,11.927,,0.000,none
2026-03-18T06:26:44,-56.548,12.104,,0.000,none
2026-03-18T06:26:45,-56.578,12.255,,0.000,none
2026-03-18T06:26:46,-56.638,12.528,,0.000,none
2026-03-18T06:26:47,-56.725,12.794,,0.000,none
2026-03-18T06:26:48,-56.839,13.050,,0.000,none
2026-03-18T06:26:49,-56.977,13.293,,0.000,none
2026-03-18T06:26:50,-57.140,13.521,,0.000,none
2026-03-18T06:26:51,-57.324,13.732,,0.000,none
2026-03-18T06:26:52,-57.528,13.923,,0.000,none
2026-03-18T06:26:53,-57.750,14.093,,0.000,none
2026-03-18T06:26:54,-57.988,14.240,,0.000,none
2026-03-18T06:26:55,-58.240,14.363,,0.000,none
2026-03-18T06:26:56,-58.470,14.462,,0.000,none
2026-03-18T06:26:57,-58.672,14.584,,0.000,none
2026-03-18T06:26:58,-58.859,14.735,,0.000,none
2026-03-18T06:26:59,-59.025,14.909,,0.000,none
2026-03-18T06:27:00,-59.168,15.097,,0.000,none
2026-03-18T06:27:01,-59.289,15.310,,0.000,none
2026-03-18T06:27:02,-59.388,15.524,,0.000,none
2026-03-18T06:27:03,-59.472,15.750,,0.000,none
2026-03-18T06:27:04,-59.537,15.981,,0.000,none
2026-03-18T06:27:05,-59.590,16.211,,0.000,none
2026-03-18T06:27:06,-59.641,16.462,,0.000,none
2026-03-18T06:27:07,-59.683,16.699,,0.000,none
2026-03-18T06:27:08,-59.722,16.941,,0.000,none
2026-03-18T06:27:09,-59.751,17.170,,0.000,none
2026-03-18T06:27:10,-59.751,17.170,,0.000,none
2026-03-18T06:27:11,-59.720,17.248,,0.000,none
2026-03-18T06:27:12,-59.630,17.513,,0.000,none
2026-03-18T06:27:13,-59.568,17.786,,0.000,none
2026-03-18T06:27:14,-59.533,18.064,,0.000,none
2026-03-18T06:27:15,-59.526,18.344,,0.000,none
2026-03-18T06:27:16,-59.547,18.623,,0.000,none
2026-03-18T06:27:17,-59.596,18.898,,0.000,none
2026-03-18T06:27:18,-59.648,19.143,,0.000,none
2026-03-18T06:27:19,-59.685,19.376,,0.000,none
2026-03-18T06:27:20,-59.694,19.458,,0.000,none
2026-03-18T06:27:21,-59.694,19.458,,0.000,none
2026-03-18T06:27:22,-59.606,19.709,,0.000,none
2026-03-18T06:27:23,-59.539,19.981,,0.000,none
2026-03-18T06:27:24,-59.500,20.258,,0.000,none
2026-03-18T06:27:25,-59.487,20.528,,0.000,none
2026-03-18T06:27:26,-59.484,20.784,,0.000,none
2026-03-18T06:27:27,-59.480,21.019,,0.000,none
2026-03-18T06:27:28,-59.476,21.285,,0.000,none
2026-03-18T06:27:29,-59.476,21.540,,0.000,none
2026-03-18T06:27:30,-59.478,21.791,,0.000,none
2026-03-18T06:27:31,-59.481,22.031,,0.000,none
2026-03-18T06:27:32,-59.481,22.292,,0.000,none
2026-03-18T06:27:33,-59.479,22.562,,0.000,none
2026-03-18T06:27:34,-59.479,22.813,,0.000,none
2026-03-18T06:27:35,-59.480,23.078,,0.000,none
2026-03-18T06:27:36,-59.478,23.358,,0.000,none
2026-03-18T06:27:37,-59.474,23.638,,0.000,none
2026-03-18T06:27:38,-59.470,23.918,,0.000,none
2026-03-18T06:27:39,-59.467,24.183,,0.000,none
2026-03-18T06:27:40,-59.465,24.424,,0.000,none
2026-03-18T06:27:41,-59.461,24.674,,0.000,none
2026-03-18T06:27:42,-59.458,24.944,,0.000,none
2026-03-18T06:27:43,-59.456,25.210,,0.000,none
2026-03-18T06:27:44,-59.460,25.367,,0.000,none
2026-03-18T06:27:45,-59.460,25.367,,0.000,none
2026-03-18T06:27:46,-59.379,25.561,,0.000,none
2026-03-18T06:27:47,-59.293,25.827,,0.000,none
2026-03-18T06:27:48,-59.235,26.101,,0.000,none
2026-03-18T06:27:49,-59.204,26.379,,0.000,none
2026-03-18T06:27:50,-59.201,26.659,,0.000,none
2026-03-18T06:27:51,-59.226,26.938,,0.000,none
2026-03-18T06:27:52,-59.278,27.213,,0.000,none
2026-03-18T06:27:53,-59.334,27.452,,0.000,none
2026-03-18T06:27:54,-59.363,27.601,,0.000,none
2026-03-18T06:27:55,-59.363,27.602,,0.000,none
2026-03-18T06:27:56,-59.352,27.622,,0.000,none
2026-03-18T06:27:57,-59.318,27.667,,0.000,none
2026-03-18T06:27:58,-59.318,27.667,,0.000,none
2026-03-18T06:27:59,-59.318,27.667,,0.000,none
2026-03-18T06:28:00,-59.103,27.921,,0.000,none
2026-03-18T06:28:01,-58.875,28.187,,0.000,none
2026-03-18T06:28:02,-58.723,28.367,,0.000,none
2026-03-18T06:28:03,-58.630,28.446,,0.000,none
2026-03-18T06:28:04,-58.410,28.620,,0.000,none
2026-03-18T06:28:05,-58.209,28.814,,0.000,none
2026-03-18T06:28:06,-58.080,28.964,,0.000,none
2026-03-18T06:28:07,-58.052,29.011,,0.000,none
2026-03-18T06:28:08,-58.041,29.034,,0.000,none
2026-03-18T06:28:09,-58.041,29.034,,0.000,none
2026-03-18T06:28:10,-57.965,29.211,,0.000,none
2026-03-18T06:28:11,-57.838,29.537,,0.000,none
2026-03-18T06:28:12,-57.729,29.870,,0.000,none
2026-03-18T06:28:13,-57.636,30.207,,0.000,none
2026-03-18T06:28:14,-57.560,30.549,,0.000,none
2026-03-18T06:28:15,-57.502,30.894,,0.000,none
2026-03-18T06:28:16,-57.464,31.242,,0.000,none
2026-03-18T06:28:17,-57.446,31.591,,0.000,none
2026-03-18T06:28:18,-57.446,31.941,,0.000,none
2026-03-18T06:28:19,-57.465,32.290,,0.000,none
2026-03-18T06:28:20,-57.502,32.639,,0.000,none
2026-03-18T06:28:21,-57.550,32.985,,0.000,none
2026-03-18T06:28:22,-57.609,33.330,,0.000,none
2026-03-18T06:28:23,-57.678,33.673,,0.000,none
2026-03-18T06:28:24,-57.756,34.015,,0.000,none
2026-03-18T06:28:25,-57.807,34.198,,0.000,none
2026-03-18T06:28:26,-57.878,34.335,,0.000,none
2026-03-18T06:28:27,-58.033,34.567,,0.000,none
2026-03-18T06:28:28,-58.211,34.784,,0.000,none
2026-03-18T06:28:29,-58.410,34.981,,0.000,none
2026-03-18T06:28:30,-58.587,35.132,,0.000,none
2026-03-18T06:28:31,-58.621,35.171,,0.000,none
2026-03-18T06:28:32,-58.632,35.186,,0.000,none
2026-03-18T06:28:33,-58.632,35.186,,0.000,none
2026-03-18T06:28:34,-58.749,35.361,,0.000,none
2026-03-18T06:28:35,-58.865,35.553,,0.000,none
2026-03-18T06:28:36,-58.908,35.668,,0.000,none
2026-03-18T06:28:37,-58.997,35.933,,0.000,none
2026-03-18T06:28:38,-59.112,36.188,,0.000,none
2026-03-18T06:28:39,-59.253,36.430,,0.000,none
2026-03-18T06:28:40,-59.358,36.583,,0.000,none
2026-03-18T06:28:41,-59.358,36.583,,0.000,none
2026-03-18T06:28:42,-59.398,36.641,,0.000,none
2026-03-18T06:28:43,-59.600,36.927,,0.000,none
2026-03-18T06:28:44,-59.804,37.211,,0.000,none
2026-03-18T06:28:45,-60.008,37.495,,0.000,none
2026-03-18T06:28:46,-60.216,37.777,,0.000,none
2026-03-18T06:28:47,-60.427,38.056,,0.000,none
2026-03-18T06:28:48,-60.645,38.330,,0.000,none
2026-03-18T06:28:49,-60.871,38.597,,0.000,none
2026-03-18T06:28:50,-61.107,38.856,,0.000,none
2026-03-18T06:28:51,-61.352,39.105,,0.000,none
2026-03-18T06:28:52,-61.606,39.346,,0.000,none
2026-03-18T06:28:53,-61.866,39.580,,0.000,none
2026-03-18T06:28:54,-62.133,39.807,,0.000,none
2026-03-18T06:28:55,-62.405,40.027,,0.000,none
2026-03-18T06:28:56,-62.684,40.238,,0.000,none
2026-03-18T06:28:57,-62.969,40.442,,0.000,none
2026-03-18T06:28:58,-63.258,40.639,,0.000,none
2026-03-18T06:28:59,-63.552,40.829,,0.000,none
2026-03-18T06:29:00,-63.848,41.016,,0.000,none
2026-03-18T06:29:01,-64.146,41.199,,0.000,none
2026-03-18T06:29:02,-64.447,41.379,,0.000,none
2026-03-18T06:29:03,-64.749,41.556,,0.000,none
2026-03-18T06:29:04,-65.053,41.729,,0.000,none
2026-03-18T06:29:05,-65.357,41.901,,0.000,none
2026-03-18T06:29:06,-65.663,42.072,,0.000,none
2026-03-18T06:29:07,-65.968,42.243,,0.000,none
2026-03-18T06:29:08,-66.274,42.413,,0.000,none
2026-03-18T06:29:09,-66.580,42.584,,0.000,none
2026-03-18T06:29:10,-66.886,42.754,,0.000,none
2026-03-18T06:29:11,-67.191,42.924,,0.000,none
2026-03-18T06:29:12,-67.497,43.094,,0.000,none
2026-03-18T06:29:13,-67.803,43.264,,0.000,none
2026-03-18T06:29:14,-68.110,43.434,,0.000,none
2026-03-18T06:29:15,-68.416,43.603,,0.000,none
2026-03-18T06:29:16,-68.722,43.773,,0.000,none
2026-03-18T06:29:17,-69.028,43.943,,0.000,none
2026-03-18T06:29:18,-69.334,44.112,,0.000,none
2026-03-18T06:29:19,-69.640,44.282,,0.000,none
2026-03-18T06:29:20,-69.947,44.451,,0.000,none
2026-03-18T06:29:21,-70.254,44.618,,0.000,none
2026-03-18T06:29:22,-70.562,44.785,,0.000,none
2026-03-18T06:29:23,-70.870,44.950,,0.000,none
2026-03-18T06:29:24,-71.180,45.114,,0.000,none
2026-03-18T06:29:25,-71.490,45.276,,0.000,none
2026-03-18T06:29:26,-71.801,45.437,,0.000,none
2026-03-18T06:29:27,-72.113,45.596,,0.000,none
2026-03-18T06:29:28,-72.425,45.753,,0.000,none
2026-03-18T06:29:29,-72.739,45.908,,0.000,none
2026-03-18T06:29:30,-73.053,46.062,,0.000,none
2026-03-18T06:29:31,-73.369,46.214,,0.000,none
2026-03-18T06:29:32,-73.685,46.364,,0.000,none
2026-03-18T06:29:33,-74.002,46.512,,0.000,none
2026-03-18T06:29:34,-74.320,46.659,,0.000,none
2026-03-18T06:29:35,-74.638,46.804,,0.000,none
2026-03-18T06:29:36,-74.957,46.948,,0.000,none
2026-03-18T06:29:37,-75.277,47.092,,0.000,none
2026-03-18T06:29:38,-75.596,47.234,,0.000,none
2026-03-18T06:29:39,-75.916,47.376,,0.000,none
2026-03-18T06:29:40,-76.236,47.517,,0.000,none
2026-03-18T06:29:41,-76.557,47.658,,0.000,none
2026-03-18T06:29:42,-76.877,47.799,,0.000,none
2026-03-18T06:29:43,-77.198,47.939,,0.000,none
2026-03-18T06:29:44,-77.518,48.080,,0.000,none
2026-03-18T06:29:45,-77.839,48.221,,0.000,none
2026-03-18T06:29:46,-78.159,48.362,,0.000,none
2026-03-18T06:29:47,-78.479,48.503,,0.000,none
2026-03-18T06:29:48,-78.800,48.643,,0.000,none
2026-03-18T06:29:49,-79.120,48.785,,0.000,none
2026-03-18T06:29:50,-79.438,48.932,,0.000,none
2026-03-18T06:29:51,-79.755,49.080,,0.000,none
2026-03-18T06:29:52,-80.074,49.224,,0.000,none
2026-03-18T06:29:53,-80.391,49.372,,0.000,none
2026-03-18T06:29:54,-80.709,49.517,,0.000,none
2026-03-18T06:29:55,-81.029,49.660,,0.000,none
2026-03-18T06:29:56,-81.349,49.801,,0.000,none
2026-03-18T06:29:57,-81.671,49.939,,0.000,none
2026-03-18T06:29:58,-81.994,50.075,,0.000,none
2026-03-18T06:29:59,-82.317,50.209,,0.000,none
2026-03-18T06:30:00,-82.641,50.341,,0.000,none
2026-03-18T06:30:01,-82.965,50.473,,0.000,none
2026-03-18T06:30:02,-83.290,50.604,,0.000,none
2026-03-18T06:30:03,-83.615,50.734,,0.000,none
2026-03-18T06:30:04,-83.940,50.864,,0.000,none
2026-03-18T06:30:05,-84.265,50.994,,0.000,none
2026-03-18T06:30:06,-84.590,51.123,,0.000,none
2026-03-18T06:30:07,-84.915,51.253,,0.000,none
2026-03-18T06:30:08,-85.240,51.382,,0.000,none
2026-03-18T06:30:09,-85.565,51.511,,0.000,none
2026-03-18T06:30:10,-85.890,51.641,,0.000,none
2026-03-18T06:30:11,-86.215,51.772,,0.000,none
2026-03-18T06:30:12,-86.539,51.904,,0.000,none
2026-03-18T06:30:13,-86.863,52.037,,0.000,none
2026-03-18T06:30:14,-87.186,52.172,,0.000,none
2026-03-18T06:30:15,-87.508,52.308,,0.000,none
2026-03-18T06:30:16,-87.830,52.446,,0.000,none
2026-03-18T06:30:17,-88.151,52.585,,0.000,none
2026-03-18T06:30:18,-88.470,52.728,,0.000,none
2026-03-18T06:30:19,-88.786,52.880,,0.000,none
2026-03-18T06:30:20,-89.099,53.037,,0.000,none
2026-03-18T06:30:21,-89.410,53.196,,0.000,none
2026-03-18T06:30:22,-89.719,53.362,,0.000,none
2026-03-18T06:30:23,-90.027,53.528,,0.000,none
2026-03-18T06:30:24,-90.334,53.695,,0.000,none
2026-03-18T06:30:25,-90.641,53.864,,0.000,none
2026-03-18T06:30:26,-90.946,54.036,,0.000,none
2026-03-18T06:30:27,-91.250,54.209,,0.000,none
2026-03-18T06:30:28,-91.552,54.386,,0.000,none
2026-03-18T06:30:29,-91.852,54.567,,0.000,none
2026-03-18T06:30:30,-92.148,54.753,,0.000,none
2026-03-18T06:30:31,-92.441,54.944,,0.000,none
2026-03-18T06:30:32,-92.731,55.140,,0.000,none
2026-03-18T06:30:33,-93.019,55.339,,0.000,none
2026-03-18T06:30:34,-93.305,55.541,,0.000,none
2026-03-18T06:30:35,-93.589,55.745,,0.000,none
2026-03-18T06:30:36,-93.871,55.953,,0.000,none
2026-03-18T06:30:37,-94.150,56.165,,0.000,none
2026-03-18T06:30:38,-94.426,56.380,,0.000,none
2026-03-18T06:30:39,-94.700,56.597,,0.000,none
2026-03-18T06:30:40,-94.971,56.819,,0.000,none
2026-03-18T06:30:41,-95.239,57.043,,0.000,none
2026-03-18T06:30:42,-95.506,57.270,,0.000,none
2026-03-18T06:30:43,-95.771,57.499,,0.000,none
2026-03-18T06:30:44,-96.034,57.730,,0.000,none
2026-03-18T06:30:45,-96.294,57.963,,0.000,none
2026-03-18T06:30:46,-96.552,58.200,,0.000,none
2026-03-18T06:30:47,-96.805,58.442,,0.000,none
2026-03-18T06:30:48,-97.054,58.688,,0.000,none
2026-03-18T06:30:49,-97.298,58.939,,0.000,none
2026-03-18T06:30:50,-97.538,59.194,,0.000,none
2026-03-18T06:30:51,-97.773,59.453,,0.000,none
2026-03-18T06:30:52,-98.004,59.716,,0.000,none
2026-03-18T06:30:53,-98.229,59.985,,0.000,none
2026-03-18T06:30:54,-98.447,60.258,,0.000,none
2026-03-18T06:30:55,-98.658,60.538,,0.000,none
2026-03-18T06:30:56,-98.862,60.822,,0.000,none
2026-03-18T06:30:57,-99.059,61.111,,0.000,none
2026-03-18T06:30:58,-99.251,61.404,,0.000,none
2026-03-18T06:30:59,-99.436,61.701,,0.000,none
2026-03-18T06:31:00,-99.613,62.002,,0.000,none
2026-03-18T06:31:01,-99.782,62.309,,0.000,none
2026-03-18T06:31:02,-99.940,62.621,,0.000,none
2026-03-18T06:31:03,-100.083,62.941,,0.000,none
2026-03-18T06:31:04,-100.213,63.266,,0.000,none
2026-03-18T06:31:05,-100.331,63.595,,0.000,none
2026-03-18T06:31:06,-100.440,63.928,,0.000,none
2026-03-18T06:31:07,-100.539,64.264,,0.000,none
2026-03-18T06:31:08,-100.628,64.602,,0.000,none
2026-03-18T06:31:09,-100.709,64.943,,0.000,none
2026-03-18T06:31:10,-100.782,65.285,,0.000,none
2026-03-18T06:31:11,-100.852,65.628,,0.000,none
2026-03-18T06:31:12,-100.919,65.971,,0.000,none
2026-03-18T06:31:13,-100.981,66.316,,0.000,none
2026-03-18T06:31:14,-101.039,66.661,,0.000,none
2026-03-18T06:31:15,-101.091,67.007,,0.000,none
2026-03-18T06:31:16,-101.140,67.354,,0.000,none
2026-03-18T06:31:17,-101.186,67.700,,0.000,none
2026-03-18T06:31:18,-101.229,68.048,,0.000,none
2026-03-18T06:31:19,-101.270,68.395,,0.000,none
2026-03-18T06:31:20,-101.309,68.743,,0.000,none
2026-03-18T06:31:21,-101.346,69.091,,0.000,none
2026-03-18T06:31:22,-101.380,69.440,,0.000,none
2026-03-18T06:31:23,-101.413,69.788,,0.000,none
2026-03-18T06:31:24,-101.446,70.136,,0.000,none
2026-03-18T06:31:25,-101.478,70.485,,0.000,none
2026-03-18T06:31:26,-101.509,70.834,,0.000,none
2026-03-18T06:31:27,-101.540,71.182,,0.000,none
2026-03-18T06:31:28,-101.570,71.531,,0.000,none
2026-03-18T06:31:29,-101.600,71.880,,0.000,none
2026-03-18T06:31:30,-101.629,72.228,,0.000,none
2026-03-18T06:31:31,-101.659,72.577,,0.000,none
2026-03-18T06:31:32,-101.690,72.926,,0.000,none
2026-03-18T06:31:33,-101.721,73.274,,0.000,none
2026-03-18T06:31:34,-101.754,73.623,,0.000,none
2026-03-18T06:31:35,-101.788,73.971,,0.000,none
2026-03-18T06:31:36,-101.824,74.319,,0.000,none
2026-03-18T06:31:37,-101.860,74.668,,0.000,none
2026-03-18T06:31:38,-101.898,75.015,,0.000,none
2026-03-18T06:31:39,-101.938,75.363,,0.000,none
2026-03-18T06:31:40,-101.979,75.711,,0.000,none
2026-03-18T06:31:41,-102.021,76.058,,0.000,none
2026-03-18T06:31:42,-102.063,76.406,,0.000,none
2026-03-18T06:31:43,-102.106,76.753,,0.000,none
2026-03-18T06:31:44,-102.151,77.100,,0.000,none
2026-03-18T06:31:45,-102.195,77.447,,0.000,none
2026-03-18T06:31:46,-102.240,77.794,,0.000,none
2026-03-18T06:31:47,-102.284,78.142,,0.000,none
2026-03-18T06:31:48,-102.328,78.489,,0.000,none
2026-03-18T06:31:49,-102.372,78.836,,0.000,none
2026-03-18T06:31:50,-102.415,79.183,,0.000,none
2026-03-18T06:31:51,-102.458,79.531,,0.000,none
2026-03-18T06:31:52,-102.501,79.878,,0.000,none
2026-03-18T06:31:53,-102.543,80.226,,0.000,none
2026-03-18T06:31:54,-102.584,80.573,,0.000,none
2026-03-18T06:31:55,-102.626,80.921,,0.000,none
2026-03-18T06:31:56,-102.666,81.268,,0.000,none
2026-03-18T06:31:57,-102.706,81.616,,0.000,none
2026-03-18T06:31:58,-102.746,81.964,,0.000,none
2026-03-18T06:31:59,-102.785,82.312,,0.000,none
2026-03-18T06:32:00,-102.825,82.659,,0.000,none
2026-03-18T06:32:01,-102.866,83.007,,0.000,none
2026-03-18T06:32:02,-102.907,83.355,,0.000,none
2026-03-18T06:32:03,-102.949,83.702,,0.000,none
2026-03-18T06:32:04,-102.991,84.049,,0.000,none
2026-03-18T06:32:05,-103.035,84.397,,0.000,none
2026-03-18T06:32:06,-103.079,84.744,,0.000,none
2026-03-18T06:32:07,-103.125,85.091,,0.000,none
2026-03-18T06:32:08,-103.171,85.438,,0.000,none
2026-03-18T06:32:09,-103.219,85.785,,0.000,none
2026-03-18T06:32:10,-103.268,86.131,,0.000,none
2026-03-18T06:32:11,-103.317,86.478,,0.000,none
2026-03-18T06:32:12,-103.367,86.824,,0.000,none
2026-03-18T06:32:13,-103.419,87.170,,0.000,none
2026-03-18T06:32:14,-103.471,87.516,,0.000,none
2026-03-18T06:32:15,-103.524,87.862,,0.000,none
2026-03-18T06:32:16,-103.576,88.208,,0.000,none
2026-03-18T06:32:17,-103.628,88.555,,0.000,none
2026-03-18T06:32:18,-103.679,88.901,,0.000,none
2026-03-18T06:32:19,-103.730,89.247,,0.000,none
2026-03-18T06:32:20,-103.781,89.593,,0.000,none
2026-03-18T06:32:21,-103.832,89.940,,0.000,none
2026-03-18T06:32:22,-103.882,90.286,,0.000,none
2026-03-18T06:32:23,-103.931,90.633,,0.000,none
2026-03-18T06:32:24,-103.981,90.979,,0.000,none
2026-03-18T06:32:25,-104.029,91.326,,0.000,none
2026-03-18T06:32:26,-104.077,91.672,,0.000,none
2026-03-18T06:32:27,-104.123,92.019,,0.000,none
2026-03-18T06:32:28,-104.168,92.366,,0.000,none
2026-03-18T06:32:29,-104.212,92.714,,0.000,none
2026-03-18T06:32:30,-104.257,93.061,,0.000,none
2026-03-18T06:32:31,-104.303,93.408,,0.000,none
2026-03-18T06:32:32,-104.353,93.754,,0.000,none
2026-03-18T06:32:33,-104.403,94.100,,0.000,none
2026-03-18T06:32:34,-104.453,94.447,,0.000,none
2026-03-18T06:32:35,-104.505,94.793,,0.000,none
2026-03-18T06:32:36,-104.560,95.139,,0.000,none
2026-03-18T06:32:37,-104.618,95.484,,0.000,none
2026-03-18T06:32:38,-104.682,95.828,,0.000,none
2026-03-18T06:32:39,-104.750,96.171,,0.000,none
2026-03-18T06:32:40,-104.821,96.514,,0.000,none
2026-03-18T06:32:41,-104.896,96.856,,0.000,none
2026-03-18T06:32:42,-104.976,97.196,,0.000,none
2026-03-18T06:32:43,-105.062,97.536,,0.000,none
2026-03-18T06:32:44,-105.156,97.873,,0.000,none
2026-03-18T06:32:45,-105.261,98.207,,0.000,none
2026-03-18T06:32:46,-105.377,98.537,,0.000,none
2026-03-18T06:32:47,-105.504,98.863,,0.000,none
2026-03-18T06:32:48,-105.641,99.185,,0.000,none
2026-03-18T06:32:49,-105.788,99.503,,0.000,none
2026-03-18T06:32:50,-105.946,99.815,,0.000,none
2026-03-18T06:32:51,-106.114,100.122,,0.000,none
2026-03-18T06:32:52,-106.295,100.421,,0.000,none
2026-03-18T06:32:53,-106.488,100.713,,0.000,none
2026-03-18T06:32:54,-106.692,100.998,,0.000,none
2026-03-18T06:32:55,-106.904,101.276,,0.000,none
2026-03-18T06:32:56,-107.126,101.547,,0.000,none
2026-03-18T06:32:57,-107.356,101.811,,0.000,none
2026-03-18T06:32:58,-107.598,102.063,,0.000,none
2026-03-18T06:32:59,-107.856,102.300,,0.000,none
2026-03-18T06:33:00,-108.126,102.522,,0.000,none
2026-03-18T06:33:01,-108.404,102.736,,0.000,none
2026-03-18T06:33:02,-108.685,102.943,,0.000,none
2026-03-18T06:33:03,-108.971,103.146,,0.000,none
2026-03-18T06:33:04,-109.260,103.343,,0.000,none
2026-03-18T06:33:05,-109.553,103.535,,0.000,none
2026-03-18T06:33:06,-109.848,103.723,,0.000,none
2026-03-18T06:33:07,-110.146,103.906,,0.000,none
2026-03-18T06:33:08,-110.447,104.086,,0.000,none
2026-03-18T06:33:09,-110.748,104.264,,0.000,none
2026-03-18T06:33:10,-111.050,104.441,,0.000,none
2026-03-18T06:33:11,-111.352,104.617,,0.000,none
2026-03-18T06:33:12,-111.656,104.792,,0.000,none
2026-03-18T06:33:13,-111.960,104.964,,0.000,none
2026-03-18T06:33:14,-112.265,105.136,,0.000,none
2026-03-18T06:33:15,-112.571,105.307,,0.000,none
2026-03-18T06:33:16,-112.876,105.477,,0.000,none
2026-03-18T06:33:17,-113.182,105.647,,0.000,none
2026-03-18T06:33:18,-113.489,105.816,,0.000,none
2026-03-18T06:33:19,-113.795,105.985,,0.000,none
2026-03-18T06:33:20,-114.102,106.154,,0.000,none
2026-03-18T06:33:21,-114.409,106.322,,0.000,none
2026-03-18T06:33:22,-114.716,106.490,,0.000,none
2026-03-18T06:33:23,-115.023,106.658,,0.000,none
2026-03-18T06:33:24,-115.329,106.827,,0.000,none
2026-03-18T06:33:25,-115.635,106.997,,0.000,none
2026-03-18T06:33:26,-115.941,107.167,,0.000,none
2026-03-18T06:33:27,-116.247,107.338,,0.000,none
2026-03-18T06:33:28,-116.552,107.509,,0.000,none
2026-03-18T06:33:29,-116.858,107.679,,0.000,none
2026-03-18T06:33:30,-117.164,107.849,,0.000,none
2026-03-18T06:33:31,-117.471,108.018,,0.000,none
2026-03-18T06:33:32,-117.778,108.184,,0.000,none
2026-03-18T06:33:33,-118.087,108.349,,0.000,none
2026-03-18T06:33:34,-118.398,108.510,,0.000,none
2026-03-18T06:33:35,-118.711,108.667,,0.000,none
2026-03-18T06:33:36,-119.025,108.821,,0.000,none
2026-03-18T06:33:37,-119.130,108.884,,0.000,none
2026-03-18T06:33:38,-119.293,109.015,,0.000,none
2026-03-18T06:33:39,-119.524,109.173,,0.000,none
2026-03-18T06:33:40,-119.769,109.308,,0.000,none
2026-03-18T06:33:41,-120.027,109.417,,0.000,none
2026-03-18T06:33:42,-120.295,109.499,,0.000,none
2026-03-18T06:33:43,-120.569,109.555,,0.000,none
2026-03-18T06:33:44,-120.847,109.583,,0.000,none
2026-03-18T06:33:45,-121.127,109.583,,0.000,none
2026-03-18T06:33:46,-121.406,109.555,,0.000,none
2026-03-18T06:33:47,-121.478,109.547,,0.000,none
2026-03-18T06:33:48,-121.502,109.555,,0.000,none
2026-03-18T06:33:49,-121.549,109.578,,0.000,none
2026-03-18T06:33:50,-121.598,109.613,,0.000,none
2026-03-18T06:33:51,-121.600,109.615,,0.000,none
2026-03-18T06:33:52,-121.600,109.615,,0.000,none
2026-03-18T06:33:53,-121.751,109.741,,0.000,none
2026-03-18T06:33:54,-121.843,109.853,,0.000,none
2026-03-18T06:33:55,-122.024,110.067,,0.000,none
2026-03-18T06:33:56,-122.225,110.262,,0.000,none
2026-03-18T06:33:57,-122.444,110.436,,0.000,none
2026-03-18T06:33:58,-122.680,110.587,,0.000,none
2026-03-18T06:33:59,-122.930,110.713,,0.000,none
2026-03-18T06:34:00,-123.191,110.814,,0.000,none
2026-03-18T06:34:01,-123.460,110.889,,0.000,none
2026-03-18T06:34:02,-123.736,110.936,,0.000,none
2026-03-18T06:34:03,-124.015,110.956,,0.000,none
2026-03-18T06:34:04,-124.145,110.958,,0.000,none
2026-03-18T06:34:05,-124.166,110.968,,0.000,none
2026-03-18T06:34:06,-124.210,110.996,,0.000,none
2026-03-18T06:34:07,-124.233,111.014,,0.000,none
2026-03-18T06:34:08,-124.233,111.014,,0.000,none
2026-03-18T06:34:09,-124.339,111.105,,0.000,none
2026-03-18T06:34:10,-124.461,111.221,,0.000,none
2026-03-18T06:34:11,-124.565,111.364,,0.000,none
2026-03-18T06:34:12,-124.742,111.582,,0.000,none
2026-03-18T06:34:13,-124.939,111.781,,0.000,none
2026-03-18T06:34:14,-125.154,111.959,,0.000,none
2026-03-18T06:34:15,-125.387,112.115,,0.000,none
2026-03-18T06:34:16,-125.634,112.246,,0.000,none
2026-03-18T06:34:17,-125.893,112.353,,0.000,none
2026-03-18T06:34:18,-126.161,112.433,,0.000,none
2026-03-18T06:34:19,-126.436,112.486,,0.000,none
2026-03-18T06:34:20,-126.660,112.511,,0.000,none
2026-03-18T06:34:21,-126.664,112.513,,0.000,none
2026-03-18T06:34:22,-126.703,112.538,,0.000,none
2026-03-18T06:34:23,-126.719,112.552,,0.000,none
2026-03-18T06:34:24,-126.732,112.576,,0.000,none
2026-03-18T06:34:25,-126.874,112.817,,0.000,none
2026-03-18T06:34:26,-127.040,113.043,,0.000,none
2026-03-18T06:34:27,-127.227,113.251,,0.000,none
2026-03-18T06:34:28,-127.434,113.439,,0.000,none
2026-03-18T06:34:29,-127.659,113.606,,0.000,none
2026-03-18T06:34:30,-127.899,113.749,,0.000,none
2026-03-18T06:34:31,-128.153,113.868,,0.000,none
2026-03-18T06:34:32,-128.417,113.961,,0.000,none
2026-03-18T06:34:33,-128.689,114.026,,0.000,none
2026-03-18T06:34:34,-128.829,114.052,,0.000,none
2026-03-18T06:34:35,-128.840,114.060,,0.000,none
2026-03-18T06:34:36,-128.843,114.062,,0.000,none
2026-03-18T06:34:37,-128.904,114.156,,0.000,none
2026-03-18T06:34:38,-129.072,114.380,,0.000,none
2026-03-18T06:34:39,-129.262,114.586,,0.000,none
2026-03-18T06:34:40,-129.471,114.772,,0.000,none
2026-03-18T06:34:41,-129.697,114.936,,0.000,none
2026-03-18T06:34:42,-129.940,115.076,,0.000,none
2026-03-18T06:34:43,-130.194,115.192,,0.000,none
2026-03-18T06:34:44,-130.454,115.297,,0.000,none
2026-03-18T06:34:45,-130.556,115.345,,0.000,none
2026-03-18T06:34:46,-130.575,115.365,,0.000,none
2026-03-18T06:34:47,-130.604,115.407,,0.000,none
2026-03-18T06:34:48,-130.620,115.439,,0.000,none
2026-03-18T06:34:49,-130.620,115.439,,0.000,none
2026-03-18T06:34:50,-130.673,115.550,,0.000,none
2026-03-18T06:34:51,-130.714,115.665,,0.000,none
2026-03-18T06:34:52,-130.758,115.869,,0.000,none
2026-03-18T06:34:53,-130.837,116.138,,0.000,none
2026-03-18T06:34:54,-130.942,116.397,,0.000,none
2026-03-18T06:34:55,-131.073,116.645,,0.000,none
2026-03-18T06:34:56,-131.228,116.878,,0.000,none
2026-03-18T06:34:57,-131.405,117.094,,0.000,none
2026-03-18T06:34:58,-131.603,117.292,,0.000,none
2026-03-18T06:34:59,-131.820,117.469,,0.000,none
2026-03-18T06:35:00,-132.053,117.624,,0.000,none
2026-03-18T06:35:01,-132.301,117.754,,0.000,none
2026-03-18T06:35:02,-132.561,117.859,,0.000,none
2026-03-18T06:35:03,-132.788,117.930,,0.000,none
2026-03-18T06:35:04,-132.788,117.930,,0.000,none
2026-03-18T06:35:05,-132.918,118.037,,0.000,none
2026-03-18T06:35:06,-133.148,118.196,,0.000,none
2026-03-18T06:35:07,-133.393,118.331,,0.000,none
2026-03-18T06:35:08,-133.494,118.383,,0.000,none
2026-03-18T06:35:09,-133.503,118.394,,0.000,none
2026-03-18T06:35:10,-133.527,118.433,,0.000,none
2026-03-18T06:35:11,-133.529,118.437,,0.000,none
2026-03-18T06:35:12,-133.538,118.549,,0.000,none
2026-03-18T06:35:13,-133.580,118.826,,0.000,none
2026-03-18T06:35:14,-133.650,119.097,,0.000,none
2026-03-18T06:35:15,-133.746,119.359,,0.000,none
2026-03-18T06:35:16,-133.868,119.611,,0.000,none
2026-03-18T06:35:17,-134.015,119.850,,0.000,none
2026-03-18T06:35:18,-134.185,120.072,,0.000,none
2026-03-18T06:35:19,-134.376,120.277,,0.000,none
2026-03-18T06:35:20,-134.586,120.461,,0.000,none
2026-03-18T06:35:21,-134.814,120.624,,0.000,none
2026-03-18T06:35:22,-134.893,120.678,,0.000,none
2026-03-18T06:35:23,-134.893,120.678,,0.000,none
2026-03-18T06:35:24,-134.977,120.855,,0.000,none
2026-03-18T06:35:25,-135.118,121.097,,0.000,none
2026-03-18T06:35:26,-135.162,121.176,,0.000,none
2026-03-18T06:35:27,-135.167,121.188,,0.000,none
2026-03-18T06:35:28,-135.167,121.188,,0.000,none
2026-03-18T06:35:29,-135.274,121.446,,0.000,none
2026-03-18T06:35:30,-135.315,121.573,,0.000,none
2026-03-18T06:35:31,-135.347,121.772,,0.000,none
2026-03-18T06:35:32,-135.410,122.045,,0.000,none
2026-03-18T06:35:33,-135.501,122.310,,0.000,none
2026-03-18T06:35:34,-135.617,122.564,,0.000,none
2026-03-18T06:35:35,-135.758,122.806,,0.000,none
2026-03-18T06:35:36,-135.923,123.032,,0.000,none
2026-03-18T06:35:37,-136.109,123.241,,0.000,none
2026-03-18T06:35:38,-136.316,123.430,,0.000,none
2026-03-18T06:35:39,-136.540,123.597,,0.000,none
2026-03-18T06:35:40,-136.780,123.742,,0.000,none
2026-03-18T06:35:41,-137.033,123.861,,0.000,none
2026-03-18T06:35:42,-137.296,123.955,,0.000,none
2026-03-18T06:35:43,-137.568,124.022,,0.000,none
2026-03-18T06:35:44,-137.845,124.062,,0.000,none
2026-03-18T06:35:45,-138.125,124.074,,0.000,none
2026-03-18T06:35:46,-138.404,124.057,,0.000,none
2026-03-18T06:35:47,-138.681,124.013,,0.000,none
2026-03-18T06:35:48,-138.951,123.942,,0.000,none
2026-03-18T06:35:49,-139.213,123.844,,0.000,none
2026-03-18T06:35:50,-139.464,123.720,,0.000,none
2026-03-18T06:35:51,-139.702,123.572,,0.000,none
2026-03-18T06:35:52,-139.923,123.400,,0.000,none
2026-03-18T06:35:53,-140.126,123.208,,0.000,none
2026-03-18T06:35:54,-140.309,122.996,,0.000,none
2026-03-18T06:35:55,-140.470,122.767,,0.000,none
2026-03-18T06:35:56,-140.608,122.523,,0.000,none
2026-03-18T06:35:57,-140.720,122.267,,0.000,none
2026-03-18T06:35:58,-140.806,122.001,,0.000,none
2026-03-18T06:35:59,-140.865,121.727,,0.000,none
2026-03-18T06:36:00,-140.896,121.449,,0.000,none
2026-03-18T06:36:01,-140.900,121.169,,0.000,none
2026-03-18T06:36:02,-140.875,120.890,,0.000,none
2026-03-18T06:36:03,-140.823,120.615,,0.000,none
2026-03-18T06:36:04,-140.744,120.347,,0.000,none
2026-03-18T06:36:05,-140.638,120.088,,0.000,none
2026-03-18T06:36:06,-140.507,119.840,,0.000,none
2026-03-18T06:36:07,-140.352,119.607,,0.000,none
2026-03-18T06:36:08,-140.175,119.391,,0.000,none
2026-03-18T06:36:09,-139.976,119.194,,0.000,none
2026-03-18T06:36:10,-139.759,119.017,,0.000,none
2026-03-18T06:36:11,-139.526,118.863,,0.000,none
2026-03-18T06:36:12,-139.278,118.732,,0.000,none
2026-03-18T06:36:13,-139.018,118.628,,0.000,none
2026-03-18T06:36:14,-138.749,118.550,,0.000,none
2026-03-18T06:54:08,-38.474,1.038,,0.027,none
2026-03-18T06:54:09,-38.474,1.038,,0.027,none
2026-03-18T06:54:10,-38.524,1.021,,0.000,none
2026-03-18T06:54:11,-38.857,0.916,,0.000,none
2026-03-18T06:54:12,-39.197,0.830,,0.000,none
2026-03-18T06:54:13,-39.542,0.770,,0.000,none
2026-03-18T06:54:14,-39.890,0.735,,0.000,none
2026-03-18T06:54:15,-40.239,0.721,,0.000,none
2026-03-18T06:54:16,-40.589,0.726,,0.000,none
2026-03-18T06:54:17,-40.939,0.749,,0.000,none
2026-03-18T06:54:18,-41.287,0.786,,0.000,none
2026-03-18T06:54:19,-41.633,0.836,,0.000,none
2026-03-18T06:54:20,-41.978,0.893,,0.000,none
2026-03-18T06:54:21,-42.323,0.955,,0.000,none
2026-03-18T06:54:22,-42.666,1.020,,0.000,none
2026-03-18T06:54:23,-43.009,1.090,,0.000,none
2026-03-18T06:54:24,-43.351,1.165,,0.000,none
2026-03-18T06:54:25,-43.691,1.248,,0.000,none
2026-03-18T06:54:26,-44.029,1.339,,0.000,none
2026-03-18T06:54:27,-44.366,1.435,,0.000,none
2026-03-18T06:54:28,-44.701,1.537,,0.000,none
2026-03-18T06:54:29,-45.035,1.642,,0.000,none
2026-03-18T06:54:30,-45.367,1.752,,0.000,none
2026-03-18T06:54:31,-45.697,1.867,,0.000,none
2026-03-18T06:54:32,-46.026,1.988,,0.000,none
2026-03-18T06:54:33,-46.352,2.116,,0.000,none
2026-03-18T06:54:34,-46.675,2.251,,0.000,none
2026-03-18T06:54:35,-46.995,2.393,,0.000,none
2026-03-18T06:54:36,-47.312,2.541,,0.000,none
2026-03-18T06:54:37,-47.626,2.695,,0.000,none
2026-03-18T06:54:38,-47.936,2.857,,0.000,none
2026-03-18T06:54:39,-48.242,3.026,,0.000,none
2026-03-18T06:54:40,-48.544,3.203,,0.000,none
2026-03-18T06:54:41,-48.842,3.388,,0.000,none
2026-03-18T06:54:42,-49.134,3.581,,0.000,none
2026-03-18T06:54:43,-49.421,3.781,,0.000,none
2026-03-18T06:54:44,-49.703,3.988,,0.000,none
2026-03-18T06:54:45,-49.981,4.201,,0.000,none
2026-03-18T06:54:46,-50.254,4.419,,0.000,none
2026-03-18T06:54:47,-50.523,4.643,,0.000,none
2026-03-18T06:54:48,-50.788,4.873,,0.000,none
2026-03-18T06:54:49,-51.047,5.107,,0.000,none
2026-03-18T06:54:50,-51.302,5.347,,0.000,none
2026-03-18T06:54:51,-51.551,5.594,,0.000,none
2026-03-18T06:54:52,-51.791,5.848,,0.000,none
2026-03-18T06:54:53,-52.023,6.110,,0.000,none
2026-03-18T06:54:54,-52.249,6.378,,0.000,none
2026-03-18T06:54:55,-52.468,6.650,,0.000,none
2026-03-18T06:54:56,-52.682,6.927,,0.000,none
2026-03-18T06:54:57,-52.891,7.208,,0.000,none
2026-03-18T06:54:58,-53.092,7.494,,0.000,none
2026-03-18T06:54:59,-53.285,7.787,,0.000,none
2026-03-18T06:55:00,-53.469,8.084,,0.000,none
2026-03-18T06:55:01,-53.646,8.386,,0.000,none
2026-03-18T06:55:02,-53.817,8.692,,0.000,none
2026-03-18T06:55:03,-53.982,9.000,,0.000,none
2026-03-18T06:55:04,-54.142,9.312,,0.000,none
2026-03-18T06:55:05,-54.298,9.625,,0.000,none
2026-03-18T06:55:06,-54.451,9.940,,0.000,none
2026-03-18T06:55:07,-54.601,10.256,,0.000,none
2026-03-18T06:55:08,-54.747,10.574,,0.000,none
2026-03-18T06:55:09,-54.889,10.894,,0.000,none
2026-03-18T06:55:10,-55.026,11.216,,0.000,none
2026-03-18T06:55:11,-55.158,11.540,,0.000,none
2026-03-18T06:55:12,-55.285,11.866,,0.000,none
2026-03-18T06:55:13,-55.407,12.194,,0.000,none
2026-03-18T06:55:14,-55.524,12.524,,0.000,none
2026-03-18T06:55:15,-55.636,12.856,,0.000,none
2026-03-18T06:55:16,-55.743,13.189,,0.000,none
2026-03-18T06:55:17,-55.846,13.523,,0.000,none
2026-03-18T06:55:18,-55.943,13.860,,0.000,none
2026-03-18T06:55:19,-56.008,14.110,,0.000,none
2026-03-18T06:55:20,-56.018,14.232,,0.000,none
2026-03-18T06:55:21,-56.025,14.496,,0.000,none
2026-03-18T06:55:22,-56.060,14.774,,0.000,none
2026-03-18T06:55:23,-56.122,15.047,,0.000,none
2026-03-18T06:55:24,-56.212,15.312,,0.000,none
2026-03-18T06:55:25,-56.327,15.567,,0.000,none
2026-03-18T06:55:26,-56.467,15.810,,0.000,none
2026-03-18T06:55:27,-56.630,16.037,,0.000,none
2026-03-18T06:55:28,-56.815,16.247,,0.000,none
2026-03-18T06:55:29,-56.852,16.298,,0.000,none
2026-03-18T06:55:30,-56.873,16.347,,0.000,none
2026-03-18T06:55:31,-56.873,16.347,,0.000,none
2026-03-18T06:55:32,-56.873,16.347,,0.000,none
2026-03-18T06:55:33,-56.981,16.680,,0.000,none
2026-03-18T06:55:34,-57.062,17.009,,0.000,none
2026-03-18T06:55:35,-57.075,17.130,,0.000,none
2026-03-18T06:55:36,-57.070,17.347,,0.000,none
2026-03-18T06:55:37,-57.087,17.627,,0.000,none
2026-03-18T06:55:38,-57.131,17.903,,0.000,none
2026-03-18T06:55:39,-57.203,18.174,,0.000,none
2026-03-18T06:55:40,-57.301,18.436,,0.000,none
2026-03-18T06:55:41,-57.425,18.686,,0.000,none
2026-03-18T06:55:42,-57.574,18.924,,0.000,none
2026-03-18T06:55:43,-57.745,19.145,,0.000,none
2026-03-18T06:55:44,-57.938,19.348,,0.000,none
2026-03-18T06:55:45,-58.150,19.531,,0.000,none
2026-03-18T06:55:46,-58.379,19.691,,0.000,none
2026-03-18T06:55:47,-58.623,19.828,,0.000,none
2026-03-18T06:55:48,-58.880,19.940,,0.000,none
2026-03-18T06:55:49,-59.104,20.040,,0.000,none
2026-03-18T06:55:50,-59.308,20.168,,0.000,none
2026-03-18T06:55:51,-59.490,20.325,,0.000,none
2026-03-18T06:55:52,-59.671,20.491,,0.000,none
2026-03-18T06:55:53,-59.822,20.672,,0.000,none
2026-03-18T06:55:54,-59.967,20.876,,0.000,none
2026-03-18T06:55:55,-60.098,21.084,,0.000,none
2026-03-18T06:55:56,-60.199,21.292,,0.000,none
2026-03-18T06:55:57,-60.282,21.502,,0.000,none
2026-03-18T06:55:58,-60.364,21.744,,0.000,none
2026-03-18T06:55:59,-60.433,21.975,,0.000,none
2026-03-18T06:56:00,-60.492,22.208,,0.000,none
2026-03-18T06:56:01,-60.532,22.440,,0.000,none
2026-03-18T06:56:02,-60.566,22.679,,0.000,none
2026-03-18T06:56:03,-60.588,22.853,,0.000,none
2026-03-18T06:56:04,-60.588,22.853,,0.000,none
2026-03-18T06:56:05,-60.536,22.983,,0.000,none
2026-03-18T06:56:06,-60.450,23.249,,0.000,none
2026-03-18T06:56:07,-60.392,23.523,,0.000,none
2026-03-18T06:56:08,-60.361,23.801,,0.000,none
2026-03-18T06:56:09,-60.359,24.081,,0.000,none
2026-03-18T06:56:10,-60.384,24.360,,0.000,none
2026-03-18T06:56:11,-60.437,24.635,,0.000,none
2026-03-18T06:56:12,-60.517,24.903,,0.000,none
2026-03-18T06:56:13,-60.600,25.144,,0.000,none
2026-03-18T06:56:14,-60.674,25.373,,0.000,none
2026-03-18T06:56:15,-60.679,25.391,,0.000,none
2026-03-18T06:56:16,-60.667,25.474,,0.000,none
2026-03-18T06:56:17,-60.645,25.753,,0.000,none
2026-03-18T06:56:18,-60.651,26.033,,0.000,none
2026-03-18T06:56:19,-60.661,26.269,,0.000,none
2026-03-18T06:56:20,-60.669,26.514,,0.000,none
2026-03-18T06:56:21,-60.681,26.774,,0.000,none
2026-03-18T06:56:22,-60.689,27.025,,0.000,none
2026-03-18T06:56:23,-60.700,27.270,,0.000,none
2026-03-18T06:56:24,-60.711,27.520,,0.000,none
2026-03-18T06:56:25,-60.722,27.766,,0.000,none
2026-03-18T06:56:26,-60.730,28.016,,0.000,none
2026-03-18T06:56:27,-60.740,28.276,,0.000,none
2026-03-18T06:56:28,-60.750,28.541,,0.000,none
2026-03-18T06:56:29,-60.762,28.821,,0.000,none
2026-03-18T06:56:30,-60.776,29.101,,0.000,none
2026-03-18T06:56:31,-60.790,29.371,,0.000,none
2026-03-18T06:56:32,-60.807,29.630,,0.000,none
2026-03-18T06:56:33,-60.829,29.910,,0.000,none
2026-03-18T06:56:34,-60.854,30.188,,0.000,none
2026-03-18T06:56:35,-60.879,30.467,,0.000,none
2026-03-18T06:56:36,-60.907,30.746,,0.000,none
2026-03-18T06:56:37,-60.934,31.025,,0.000,none
2026-03-18T06:56:38,-60.963,31.303,,0.000,none
2026-03-18T06:56:39,-60.996,31.581,,0.000,none
2026-03-18T06:56:40,-61.033,31.814,,0.000,none
2026-03-18T06:56:41,-61.076,32.076,,0.000,none
2026-03-18T06:56:42,-61.115,32.313,,0.000,none
2026-03-18T06:56:43,-61.157,32.565,,0.000,none
2026-03-18T06:56:44,-61.203,32.831,,0.000,none
2026-03-18T06:56:45,-61.252,33.082,,0.000,none
2026-03-18T06:56:46,-61.305,33.327,,0.000,none
2026-03-18T06:56:47,-61.354,33.573,,0.000,none
2026-03-18T06:56:48,-61.403,33.814,,0.000,none
2026-03-18T06:56:49,-61.454,34.069,,0.000,none
2026-03-18T06:56:50,-61.504,34.345,,0.000,none
2026-03-18T06:56:51,-61.550,34.621,,0.000,none
2026-03-18T06:56:52,-61.593,34.897,,0.000,none
2026-03-18T06:56:53,-61.633,35.175,,0.000,none
2026-03-18T06:56:54,-61.658,35.341,,0.000,none
2026-03-18T06:56:55,-61.657,35.344,,0.000,none
2026-03-18T06:56:56,-61.627,35.391,,0.000,none
2026-03-18T06:56:57,-61.491,35.636,,0.000,none
2026-03-18T06:56:58,-61.455,35.692,,0.000,none
2026-03-18T06:56:59,-61.449,35.699,,0.000,none
2026-03-18T06:57:00,-61.449,35.699,,0.000,none
2026-03-18T06:57:01,-61.274,35.917,,0.000,none
2026-03-18T06:57:02,-61.048,36.185,,0.000,none
2026-03-18T06:57:03,-60.823,36.453,,0.000,none
2026-03-18T06:57:04,-60.660,36.654,,0.000,none
2026-03-18T06:57:05,-60.569,36.736,,0.000,none
2026-03-18T06:57:06,-60.363,36.901,,0.000,none
2026-03-18T06:57:07,-60.162,37.096,,0.000,none
2026-03-18T06:57:08,-59.982,37.310,,0.000,none
2026-03-18T06:57:09,-59.824,37.541,,0.000,none
2026-03-18T06:57:10,-59.793,37.599,,0.000,none
2026-03-18T06:57:11,-59.778,37.639,,0.000,none
2026-03-18T06:57:12,-59.778,37.639,,0.000,none
2026-03-18T06:57:13,-59.750,37.722,,0.000,none
2026-03-18T06:57:14,-59.648,38.057,,0.000,none
2026-03-18T06:57:15,-59.564,38.397,,0.000,none
2026-03-18T06:57:16,-59.497,38.740,,0.000,none
2026-03-18T06:57:17,-59.446,39.086,,0.000,none
2026-03-18T06:57:18,-59.410,39.435,,0.000,none
2026-03-18T06:57:19,-59.392,39.784,,0.000,none
2026-03-18T06:57:20,-59.392,40.134,,0.000,none
2026-03-18T06:57:21,-59.412,40.483,,0.000,none
2026-03-18T06:57:22,-59.452,40.831,,0.000,none
2026-03-18T06:57:23,-59.509,41.176,,0.000,none
2026-03-18T06:57:24,-59.584,41.518,,0.000,none
2026-03-18T06:57:25,-59.677,41.856,,0.000,none
2026-03-18T06:57:26,-59.785,42.188,,0.000,none
2026-03-18T06:57:27,-59.905,42.517,,0.000,none
2026-03-18T06:57:28,-60.036,42.842,,0.000,none
2026-03-18T06:57:29,-60.175,43.163,,0.000,none
2026-03-18T06:57:30,-60.323,43.480,,0.000,none
2026-03-18T06:57:31,-60.421,43.670,,0.000,none
2026-03-18T06:57:32,-60.506,43.778,,0.000,none
2026-03-18T06:57:33,-60.705,43.975,,0.000,none
2026-03-18T06:57:34,-60.923,44.151,,0.000,none
2026-03-18T06:57:35,-61.157,44.304,,0.000,none
2026-03-18T06:57:36,-61.406,44.433,,0.000,none
2026-03-18T06:57:37,-61.666,44.537,,0.000,none
2026-03-18T06:57:38,-61.935,44.614,,0.000,none
2026-03-18T06:57:39,-62.210,44.664,,0.000,none
2026-03-18T06:57:40,-62.489,44.686,,0.000,none
2026-03-18T06:57:41,-62.769,44.680,,0.000,none
2026-03-18T06:57:42,-62.898,44.670,,0.000,none
2026-03-18T06:57:43,-62.913,44.678,,0.000,none
2026-03-18T06:57:44,-62.947,44.705,,0.000,none
2026-03-18T06:57:45,-62.984,44.746,,0.000,none
2026-03-18T06:57:46,-62.984,44.746,,0.000,none
2026-03-18T06:57:47,-62.984,44.746,,0.000,none
2026-03-18T06:57:48,-63.200,45.022,,0.000,none
2026-03-18T06:57:49,-63.409,45.303,,0.000,none
2026-03-18T06:57:50,-63.617,45.584,,0.000,none
2026-03-18T06:57:51,-63.831,45.862,,0.000,none
2026-03-18T06:57:52,-64.053,46.132,,0.000,none
2026-03-18T06:57:53,-64.286,46.393,,0.000,none
2026-03-18T06:57:54,-64.530,46.644,,0.000,none
2026-03-18T06:57:55,-64.785,46.884,,0.000,none
2026-03-18T06:57:56,-65.050,47.112,,0.000,none
2026-03-18T06:57:57,-65.327,47.326,,0.000,none
2026-03-18T06:57:58,-65.615,47.525,,0.000,none
2026-03-18T06:57:59,-65.913,47.708,,0.000,none
2026-03-18T06:58:00,-66.222,47.873,,0.000,none
2026-03-18T06:58:01,-66.539,48.021,,0.000,none
2026-03-18T06:58:02,-66.864,48.152,,0.000,none
2026-03-18T06:58:03,-67.193,48.270,,0.000,none
2026-03-18T06:58:04,-67.527,48.376,,0.000,none
2026-03-18T06:58:05,-67.864,48.470,,0.000,none
2026-03-18T06:58:06,-68.203,48.554,,0.000,none
2026-03-18T06:58:07,-68.546,48.627,,0.000,none
2026-03-18T06:58:08,-68.890,48.689,,0.000,none
2026-03-18T06:58:09,-69.236,48.741,,0.000,none
2026-03-18T06:58:10,-69.583,48.786,,0.000,none
2026-03-18T06:58:11,-69.931,48.823,,0.000,none
2026-03-18T06:58:12,-70.280,48.857,,0.000,none
2026-03-18T06:58:13,-70.629,48.886,,0.000,none
2026-03-18T06:58:14,-70.978,48.912,,0.000,none
2026-03-18T06:58:15,-71.327,48.935,,0.000,none
2026-03-18T06:58:16,-71.676,48.954,,0.000,none
2026-03-18T06:58:17,-72.026,48.971,,0.000,none
2026-03-18T06:58:18,-72.376,48.986,,0.000,none
2026-03-18T06:58:19,-72.725,49.000,,0.000,none
2026-03-18T06:58:20,-73.075,49.013,,0.000,none
2026-03-18T06:58:21,-73.425,49.027,,0.000,none
2026-03-18T06:58:22,-73.775,49.041,,0.000,none
2026-03-18T06:58:23,-74.124,49.056,,0.000,none
2026-03-18T06:58:24,-74.474,49.070,,0.000,none
2026-03-18T06:58:25,-74.824,49.085,,0.000,none
2026-03-18T06:58:26,-75.173,49.100,,0.000,none
2026-03-18T06:58:27,-75.523,49.115,,0.000,none
2026-03-18T06:58:28,-75.873,49.130,,0.000,none
2026-03-18T06:58:29,-76.222,49.145,,0.000,none
2026-03-18T06:58:30,-76.572,49.160,,0.000,none
2026-03-18T06:58:31,-76.922,49.175,,0.000,none
2026-03-18T06:58:32,-77.271,49.190,,0.000,none
2026-03-18T06:58:33,-77.621,49.205,,0.000,none
2026-03-18T06:58:34,-77.971,49.220,,0.000,none
2026-03-18T06:58:35,-78.320,49.235,,0.000,none
2026-03-18T06:58:36,-78.670,49.250,,0.000,none
2026-03-18T06:58:37,-79.020,49.263,,0.000,none
2026-03-18T06:58:38,-79.370,49.276,,0.000,none
2026-03-18T06:58:39,-79.719,49.287,,0.000,none
2026-03-18T06:58:40,-80.069,49.297,,0.000,none
2026-03-18T06:58:41,-80.419,49.305,,0.000,none
2026-03-18T06:58:42,-80.769,49.311,,0.000,none
2026-03-18T06:58:43,-81.119,49.316,,0.000,none
2026-03-18T06:58:44,-81.469,49.318,,0.000,none
2026-03-18T06:58:45,-81.819,49.319,,0.000,none
2026-03-18T06:58:46,-82.169,49.318,,0.000,none
2026-03-18T06:58:47,-82.519,49.315,,0.000,none
2026-03-18T06:58:48,-82.869,49.310,,0.000,none
2026-03-18T06:58:49,-83.219,49.303,,0.000,none
2026-03-18T06:58:50,-83.569,49.294,,0.000,none
2026-03-18T06:58:51,-83.919,49.283,,0.000,none
2026-03-18T06:58:52,-84.268,49.270,,0.000,none
2026-03-18T06:58:53,-84.618,49.254,,0.000,none
2026-03-18T06:58:54,-84.968,49.237,,0.000,none
2026-03-18T06:58:55,-85.317,49.219,,0.000,none
2026-03-18T06:58:56,-85.667,49.200,,0.000,none
2026-03-18T06:58:57,-86.016,49.179,,0.000,none
2026-03-18T06:58:58,-86.365,49.158,,0.000,none
2026-03-18T06:58:59,-86.715,49.135,,0.000,none
2026-03-18T06:59:00,-87.064,49.113,,0.000,none
2026-03-18T06:59:01,-87.413,49.090,,0.000,none
2026-03-18T06:59:02,-87.763,49.066,,0.000,none
2026-03-18T06:59:03,-88.112,49.042,,0.000,none
2026-03-18T06:59:04,-88.461,49.018,,0.000,none
2026-03-18T06:59:05,-88.810,48.994,,0.000,none
2026-03-18T06:59:06,-89.159,48.970,,0.000,none
2026-03-18T06:59:07,-89.508,48.947,,0.000,none
2026-03-18T06:59:08,-89.858,48.923,,0.000,none
2026-03-18T06:59:09,-90.207,48.900,,0.000,none
2026-03-18T06:59:10,-90.556,48.876,,0.000,none
2026-03-18T06:59:11,-90.905,48.853,,0.000,none
2026-03-18T06:59:12,-91.255,48.832,,0.000,none
2026-03-18T06:59:13,-91.604,48.817,,0.000,none
2026-03-18T06:59:14,-91.954,48.801,,0.000,none
2026-03-18T06:59:15,-92.303,48.782,,0.000,none
2026-03-18T06:59:16,-92.653,48.767,,0.000,none
2026-03-18T06:59:17,-93.003,48.754,,0.000,none
2026-03-18T06:59:18,-93.352,48.737,,0.000,none
2026-03-18T06:59:19,-93.702,48.717,,0.000,none
2026-03-18T06:59:20,-94.051,48.695,,0.000,none
2026-03-18T06:59:21,-94.400,48.671,,0.000,none
2026-03-18T06:59:22,-94.749,48.643,,0.000,none
2026-03-18T06:59:23,-95.098,48.614,,0.000,none
2026-03-18T06:59:24,-95.446,48.583,,0.000,none
2026-03-18T06:59:25,-95.795,48.550,,0.000,none
2026-03-18T06:59:26,-96.143,48.517,,0.000,none
2026-03-18T06:59:27,-96.492,48.482,,0.000,none
2026-03-18T06:59:28,-96.840,48.447,,0.000,none
2026-03-18T06:59:29,-97.188,48.411,,0.000,none
2026-03-18T06:59:30,-97.536,48.374,,0.000,none
2026-03-18T06:59:31,-97.884,48.338,,0.000,none
2026-03-18T06:59:32,-98.232,48.301,,0.000,none
2026-03-18T06:59:33,-98.580,48.264,,0.000,none
2026-03-18T06:59:34,-98.928,48.227,,0.000,none
2026-03-18T06:59:35,-99.276,48.190,,0.000,none
2026-03-18T06:59:36,-99.624,48.152,,0.000,none
2026-03-18T06:59:37,-99.972,48.115,,0.000,none
2026-03-18T06:59:38,-100.320,48.078,,0.000,none
2026-03-18T06:59:39,-100.669,48.043,,0.000,none
2026-03-18T06:59:40,-101.017,48.009,,0.000,none
2026-03-18T06:59:41,-101.365,47.977,,0.000,none
2026-03-18T06:59:42,-101.714,47.946,,0.000,none
2026-03-18T06:59:43,-102.063,47.916,,0.000,none
2026-03-18T06:59:44,-102.412,47.888,,0.000,none
2026-03-18T06:59:45,-102.761,47.862,,0.000,none
2026-03-18T06:59:46,-103.110,47.838,,0.000,none
2026-03-18T06:59:47,-103.459,47.816,,0.000,none
2026-03-18T06:59:48,-103.809,47.799,,0.000,none
2026-03-18T06:59:49,-104.159,47.791,,0.000,none
2026-03-18T06:59:50,-104.509,47.794,,0.000,none
2026-03-18T06:59:51,-104.859,47.795,,0.000,none
2026-03-18T06:59:52,-105.209,47.800,,0.000,none
2026-03-18T06:59:53,-105.558,47.813,,0.000,none
2026-03-18T06:59:54,-105.908,47.827,,0.000,none
2026-03-18T06:59:55,-106.258,47.842,,0.000,none
2026-03-18T06:59:56,-106.607,47.859,,0.000,none
2026-03-18T06:59:57,-106.957,47.879,,0.000,none
2026-03-18T06:59:58,-107.306,47.902,,0.000,none
2026-03-18T06:59:59,-107.655,47.927,,0.000,none
2026-03-18T07:00:00,-108.004,47.956,,0.000,none
2026-03-18T07:00:01,-108.352,47.989,,0.000,none
2026-03-18T07:00:02,-108.700,48.027,,0.000,none
2026-03-18T07:00:03,-109.048,48.070,,0.000,none
2026-03-18T07:00:04,-109.394,48.118,,0.000,none
2026-03-18T07:00:05,-109.740,48.173,,0.000,none
2026-03-18T07:00:06,-110.085,48.234,,0.000,none
2026-03-18T07:00:07,-110.429,48.299,,0.000,none
2026-03-18T07:00:08,-110.772,48.366,,0.000,none
2026-03-18T07:00:09,-111.115,48.435,,0.000,none
2026-03-18T07:00:10,-111.457,48.508,,0.000,none
2026-03-18T07:00:11,-111.799,48.586,,0.000,none
2026-03-18T07:00:12,-112.139,48.669,,0.000,none
2026-03-18T07:00:13,-112.478,48.756,,0.000,none
2026-03-18T07:00:14,-112.816,48.846,,0.000,none
2026-03-18T07:00:15,-113.153,48.940,,0.000,none
2026-03-18T07:00:16,-113.489,49.039,,0.000,none
2026-03-18T07:00:17,-113.824,49.140,,0.000,none
2026-03-18T07:00:18,-114.158,49.246,,0.000,none
2026-03-18T07:00:19,-114.489,49.358,,0.000,none
2026-03-18T07:00:20,-114.817,49.481,,0.000,none
2026-03-18T07:00:21,-115.141,49.613,,0.000,none
2026-03-18T07:00:22,-115.459,49.759,,0.000,none
2026-03-18T07:00:23,-115.776,49.906,,0.000,none
2026-03-18T07:00:24,-115.952,49.980,,0.000,none
2026-03-18T07:00:25,-116.111,50.012,,0.000,none
2026-03-18T07:00:26,-116.366,50.038,,0.000,none
2026-03-18T07:00:27,-116.374,50.041,,0.000,none
2026-03-18T07:00:28,-116.374,50.041,,0.000,none
2026-03-18T07:00:29,-116.531,50.158,,0.000,none
2026-03-18T07:00:30,-116.768,50.307,,0.000,none
2026-03-18T07:00:31,-117.019,50.431,,0.000,none
2026-03-18T07:00:32,-117.281,50.530,,0.000,none
2026-03-18T07:00:33,-117.552,50.601,,0.000,none
2026-03-18T07:00:34,-117.828,50.646,,0.000,none
2026-03-18T07:00:35,-118.107,50.663,,0.000,none
2026-03-18T07:00:36,-118.387,50.651,,0.000,none
2026-03-18T07:00:37,-118.664,50.612,,0.000,none
2026-03-18T07:00:38,-118.936,50.545,,0.000,none
2026-03-18T07:00:39,-119.200,50.452,,0.000,none
2026-03-18T07:00:40,-119.453,50.333,,0.000,none
2026-03-18T07:00:41,-119.693,50.189,,0.000,none
2026-03-18T07:00:42,-119.890,50.045,,0.000,none
2026-03-18T07:00:43,-120.064,49.952,,0.000,none
2026-03-18T07:00:44,-120.261,49.888,,0.000,none
2026-03-18T07:00:45,-120.445,49.845,,0.000,none
2026-03-18T07:00:46,-120.638,49.837,,0.000,none
2026-03-18T07:00:47,-120.700,49.851,,0.000,none
2026-03-18T07:00:48,-120.700,49.851,,0.000,none
2026-03-18T07:00:49,-120.876,50.012,,0.000,none
2026-03-18T07:00:50,-120.954,50.081,,0.000,none
2026-03-18T07:00:51,-120.954,50.081,,0.000,none
2026-03-18T07:00:52,-121.005,50.256,,0.000,none
2026-03-18T07:00:53,-121.086,50.524,,0.000,none
2026-03-18T07:00:54,-121.172,50.790,,0.000,none
2026-03-18T07:00:55,-121.232,50.953,,0.000,none
2026-03-18T07:00:56,-121.232,50.953,,0.000,none
2026-03-18T07:00:57,-121.236,51.190,,0.000,none
2026-03-18T07:00:58,-121.265,51.469,,0.000,none
2026-03-18T07:00:59,-121.289,51.610,,0.000,none
2026-03-18T07:01:00,-121.289,51.610,,0.000,none
2026-03-18T07:01:01,-121.318,51.765,,0.000,none
2026-03-18T07:01:02,-121.393,52.107,,0.000,none
2026-03-18T07:01:03,-121.482,52.445,,0.000,none
2026-03-18T07:01:04,-121.584,52.780,,0.000,none
2026-03-18T07:01:05,-121.694,53.112,,0.000,none
2026-03-18T07:01:06,-121.816,53.441,,0.000,none
2026-03-18T07:01:07,-121.951,53.763,,0.000,none
2026-03-18T07:01:08,-122.101,54.080,,0.000,none
2026-03-18T07:01:09,-122.265,54.389,,0.000,none
2026-03-18T07:01:10,-122.432,54.697,,0.000,none
2026-03-18T07:01:11,-122.596,55.005,,0.000,none
2026-03-18T07:01:12,-122.758,55.316,,0.000,none
2026-03-18T07:01:13,-122.920,55.626,,0.000,none
2026-03-18T07:01:14,-123.084,55.935,,0.000,none
2026-03-18T07:01:15,-123.247,56.245,,0.000,none
2026-03-18T07:01:16,-123.410,56.555,,0.000,none
2026-03-18T07:01:17,-123.571,56.866,,0.000,none
2026-03-18T07:01:18,-123.730,57.177,,0.000,none
2026-03-18T07:01:19,-123.886,57.491,,0.000,none
2026-03-18T07:01:20,-124.040,57.805,,0.000,none
2026-03-18T07:01:21,-124.193,58.119,,0.000,none
2026-03-18T07:01:22,-124.345,58.435,,0.000,none
2026-03-18T07:01:23,-124.494,58.752,,0.000,none
2026-03-18T07:01:24,-124.641,59.069,,0.000,none
2026-03-18T07:01:25,-124.785,59.388,,0.000,none
2026-03-18T07:01:26,-124.927,59.708,,0.000,none
2026-03-18T07:01:27,-125.067,60.029,,0.000,none
2026-03-18T07:01:28,-125.204,60.351,,0.000,none
2026-03-18T07:01:29,-125.340,60.673,,0.000,none
2026-03-18T07:01:30,-125.476,60.996,,0.000,none
2026-03-18T07:01:31,-125.610,61.319,,0.000,none
2026-03-18T07:01:32,-125.743,61.643,,0.000,none
2026-03-18T07:01:33,-125.874,61.967,,0.000,none
2026-03-18T07:01:34,-126.005,62.292,,0.000,none
2026-03-18T07:01:35,-126.135,62.617,,0.000,none
2026-03-18T07:01:36,-126.265,62.942,,0.000,none
2026-03-18T07:01:37,-126.395,63.267,,0.000,none
2026-03-18T07:01:38,-126.526,63.592,,0.000,none
2026-03-18T07:01:39,-126.657,63.916,,0.000,none
2026-03-18T07:01:40,-126.789,64.240,,0.000,none
2026-03-18T07:01:41,-126.922,64.564,,0.000,none
2026-03-18T07:01:42,-127.056,64.887,,0.000,none
2026-03-18T07:01:43,-127.192,65.210,,0.000,none
2026-03-18T07:01:44,-127.328,65.532,,0.000,none
2026-03-18T07:01:45,-127.466,65.854,,0.000,none
2026-03-18T07:01:46,-127.604,66.176,,0.000,none
2026-03-18T07:01:47,-127.745,66.496,,0.000,none
2026-03-18T07:01:48,-127.886,66.816,,0.000,none
2026-03-18T07:01:49,-128.029,67.136,,0.000,none
2026-03-18T07:01:50,-128.173,67.455,,0.000,none
2026-03-18T07:01:51,-128.318,67.773,,0.000,none
2026-03-18T07:01:52,-128.463,68.092,,0.000,none
2026-03-18T07:01:53,-128.610,68.410,,0.000,none
2026-03-18T07:01:54,-128.757,68.727,,0.000,none
2026-03-18T07:01:55,-128.904,69.045,,0.000,none
2026-03-18T07:01:56,-129.051,69.362,,0.000,none
2026-03-18T07:01:57,-129.199,69.680,,0.000,none
2026-03-18T07:01:58,-129.346,69.997,,0.000,none
2026-03-18T07:01:59,-129.492,70.315,,0.000,none
2026-03-18T07:02:00,-129.639,70.633,,0.000,none
2026-03-18T07:02:01,-129.785,70.951,,0.000,none
2026-03-18T07:02:02,-129.930,71.270,,0.000,none
2026-03-18T07:02:03,-130.076,71.588,,0.000,none
2026-03-18T07:02:04,-130.221,71.906,,0.000,none
2026-03-18T07:02:05,-130.365,72.225,,0.000,none
2026-03-18T07:02:06,-130.510,72.544,,0.000,none
2026-03-18T07:02:07,-130.654,72.863,,0.000,none
2026-03-18T07:02:08,-130.797,73.182,,0.000,none
2026-03-18T07:02:09,-130.940,73.502,,0.000,none
2026-03-18T07:02:10,-131.082,73.822,,0.000,none
2026-03-18T07:02:11,-131.224,74.142,,0.000,none
2026-03-18T07:02:12,-131.366,74.462,,0.000,none
2026-03-18T07:02:13,-131.508,74.782,,0.000,none
2026-03-18T07:02:14,-131.650,75.101,,0.000,none
2026-03-18T07:02:15,-131.793,75.421,,0.000,none
2026-03-18T07:02:16,-131.936,75.740,,0.000,none
2026-03-18T07:02:17,-132.080,76.059,,0.000,none
2026-03-18T07:02:18,-132.224,76.378,,0.000,none
2026-03-18T07:02:19,-132.369,76.697,,0.000,none
2026-03-18T07:02:20,-132.515,77.015,,0.000,none
2026-03-18T07:02:21,-132.662,77.333,,0.000,none
2026-03-18T07:02:22,-132.810,77.650,,0.000,none
2026-03-18T07:02:23,-132.958,77.967,,0.000,none
2026-03-18T07:02:24,-133.108,78.283,,0.000,none
2026-03-18T07:02:25,-133.259,78.599,,0.000,none
2026-03-18T07:02:26,-133.410,78.914,,0.000,none
2026-03-18T07:02:27,-133.563,79.230,,0.000,none
2026-03-18T07:02:28,-133.716,79.544,,0.000,none
2026-03-18T07:02:29,-133.870,79.858,,0.000,none
2026-03-18T07:02:30,-134.026,80.172,,0.000,none
2026-03-18T07:02:31,-134.182,80.485,,0.000,none
2026-03-18T07:02:32,-134.338,80.799,,0.000,none
2026-03-18T07:02:33,-134.493,81.112,,0.000,none
2026-03-18T07:02:34,-134.649,81.426,,0.000,none
2026-03-18T07:02:35,-134.804,81.739,,0.000,none
2026-03-18T07:02:36,-134.959,82.053,,0.000,none
2026-03-18T07:02:37,-135.114,82.367,,0.000,none
2026-03-18T07:02:38,-135.268,82.681,,0.000,none
2026-03-18T07:02:39,-135.422,82.996,,0.000,none
2026-03-18T07:02:40,-135.575,83.310,,0.000,none
2026-03-18T07:02:41,-135.729,83.625,,0.000,none
2026-03-18T07:02:42,-135.881,83.940,,0.000,none
2026-03-18T07:02:43,-136.033,84.255,,0.000,none
2026-03-18T07:02:44,-136.184,84.571,,0.000,none
2026-03-18T07:02:45,-136.334,84.887,,0.000,none
2026-03-18T07:02:46,-136.482,85.204,,0.000,none
2026-03-18T07:02:47,-136.631,85.521,,0.000,none
2026-03-18T07:02:48,-136.780,85.838,,0.000,none
2026-03-18T07:02:49,-136.931,86.154,,0.000,none
2026-03-18T07:02:50,-137.084,86.468,,0.000,none
2026-03-18T07:02:51,-137.239,86.782,,0.000,none
2026-03-18T07:02:52,-137.394,87.096,,0.000,none
2026-03-18T07:02:53,-137.549,87.410,,0.000,none
2026-03-18T07:02:54,-137.705,87.723,,0.000,none
2026-03-18T07:02:55,-137.864,88.035,,0.000,none
2026-03-18T07:02:56,-138.026,88.345,,0.000,none
2026-03-18T07:02:57,-138.194,88.652,,0.000,none
2026-03-18T07:02:58,-138.366,88.957,,0.000,none
2026-03-18T07:02:59,-138.541,89.260,,0.000,none
2026-03-18T07:03:00,-138.719,89.561,,0.000,none
2026-03-18T07:03:01,-138.901,89.860,,0.000,none
2026-03-18T07:03:02,-139.086,90.157,,0.000,none
2026-03-18T07:03:03,-139.276,90.451,,0.000,none
2026-03-18T07:03:04,-139.472,90.742,,0.000,none
2026-03-18T07:03:05,-139.674,91.027,,0.000,none
2026-03-18T07:03:06,-139.885,91.306,,0.000,none
2026-03-18T07:03:07,-140.106,91.578,,0.000,none
2026-03-18T07:03:08,-140.336,91.842,,0.000,none
2026-03-18T07:03:09,-140.574,92.099,,0.000,none
2026-03-18T07:03:10,-140.820,92.348,,0.000,none
2026-03-18T07:03:11,-141.073,92.589,,0.000,none
2026-03-18T07:03:12,-141.334,92.822,,0.000,none
2026-03-18T07:03:13,-141.603,93.046,,0.000,none
2026-03-18T07:03:14,-141.880,93.260,,0.000,none
2026-03-18T07:03:15,-142.166,93.462,,0.000,none
2026-03-18T07:03:16,-142.459,93.653,,0.000,none
2026-03-18T07:03:17,-142.760,93.832,,0.000,none
2026-03-18T07:03:18,-143.066,94.001,,0.000,none
2026-03-18T07:03:19,-143.378,94.159,,0.000,none
2026-03-18T07:03:20,-143.696,94.307,,0.000,none
2026-03-18T07:03:21,-144.017,94.445,,0.000,none
2026-03-18T07:03:22,-144.343,94.572,,0.000,none
2026-03-18T07:03:23,-144.677,94.677,,0.000,none
2026-03-18T07:03:24,-145.017,94.762,,0.000,none
2026-03-18T07:03:25,-145.360,94.830,,0.000,none
2026-03-18T07:03:26,-145.706,94.883,,0.000,none
2026-03-18T07:03:27,-146.053,94.929,,0.000,none
2026-03-18T07:03:28,-146.401,94.967,,0.000,none
2026-03-18T07:03:29,-146.749,94.999,,0.000,none
2026-03-18T07:03:30,-147.098,95.026,,0.000,none
2026-03-18T07:03:31,-147.448,95.046,,0.000,none
2026-03-18T07:03:32,-147.797,95.060,,0.000,none
2026-03-18T07:03:33,-148.147,95.069,,0.000,none
2026-03-18T07:03:34,-148.497,95.073,,0.000,none
2026-03-18T07:03:35,-148.847,95.074,,0.000,none
2026-03-18T07:03:36,-149.197,95.073,,0.000,none
2026-03-18T07:03:37,-149.547,95.070,,0.000,none
2026-03-18T07:03:38,-149.897,95.066,,0.000,none
2026-03-18T07:03:39,-150.247,95.060,,0.000,none
2026-03-18T07:03:40,-150.597,95.052,,0.000,none
2026-03-18T07:03:41,-150.947,95.042,,0.000,none
2026-03-18T07:03:42,-151.297,95.031,,0.000,none
2026-03-18T07:03:43,-151.647,95.019,,0.000,none
2026-03-18T07:03:44,-151.996,95.007,,0.000,none
2026-03-18T07:03:45,-152.346,94.995,,0.000,none
2026-03-18T07:03:46,-152.696,94.982,,0.000,none
2026-03-18T07:03:47,-153.046,94.968,,0.000,none
2026-03-18T07:03:48,-153.395,94.952,,0.000,none
2026-03-18T07:03:49,-153.745,94.936,,0.000,none
2026-03-18T07:03:50,-154.094,94.920,,0.000,none
2026-03-18T07:03:51,-154.444,94.903,,0.000,none
2026-03-18T07:03:52,-154.794,94.885,,0.000,none
2026-03-18T07:03:53,-155.143,94.868,,0.000,none
2026-03-18T07:03:54,-155.493,94.851,,0.000,none
2026-03-18T07:03:55,-155.842,94.836,,0.000,none
2026-03-18T07:03:56,-156.192,94.821,,0.000,none
2026-03-18T07:03:57,-156.542,94.807,,0.000,none
2026-03-18T07:03:58,-156.892,94.794,,0.000,none
2026-03-18T07:03:59,-157.241,94.781,,0.000,none
2026-03-18T07:04:00,-157.591,94.767,,0.000,none
2026-03-18T07:04:01,-157.941,94.753,,0.000,none
2026-03-18T07:04:02,-158.291,94.738,,0.000,none
2026-03-18T07:04:03,-158.640,94.722,,0.000,none
2026-03-18T07:04:04,-158.990,94.704,,0.000,none
2026-03-18T07:04:05,-159.339,94.683,,0.000,none
2026-03-18T07:04:06,-159.688,94.660,,0.000,none
2026-03-18T07:04:07,-160.037,94.632,,0.000,none
2026-03-18T07:04:08,-160.386,94.600,,0.000,none
2026-03-18T07:04:09,-160.734,94.565,,0.000,none
2026-03-18T07:04:10,-160.946,94.546,,0.000,none
2026-03-18T07:04:11,-161.084,94.559,,0.000,none
2026-03-18T07:04:12,-161.363,94.585,,0.000,none
2026-03-18T07:04:13,-161.642,94.584,,0.000,none
2026-03-18T07:04:14,-161.921,94.554,,0.000,none
2026-03-18T07:04:15,-162.195,94.497,,0.000,none
2026-03-18T07:04:16,-162.462,94.413,,0.000,none
2026-03-18T07:04:17,-162.719,94.302,,0.000,none
2026-03-18T07:04:18,-162.964,94.167,,0.000,none
2026-03-18T07:04:19,-163.194,94.007,,0.000,none
2026-03-18T07:04:20,-163.407,93.826,,0.000,none
2026-03-18T07:04:21,-163.520,93.717,,0.000,none
2026-03-18T07:04:22,-163.535,93.711,,0.000,none
2026-03-18T07:04:23,-163.582,93.700,,0.000,none
2026-03-18T07:04:24,-163.634,93.696,,0.000,none
2026-03-18T07:04:25,-163.634,93.696,,0.000,none
2026-03-18T07:04:26,-163.669,93.695,,0.000,none
2026-03-18T07:04:27,-163.928,93.693,,0.000,none
2026-03-18T07:04:28,-164.049,93.711,,0.000,none
2026-03-18T07:04:29,-164.307,93.767,,0.000,none
2026-03-18T07:04:30,-164.585,93.798,,0.000,none
2026-03-18T07:04:31,-164.865,93.802,,0.000,none
2026-03-18T07:04:32,-165.144,93.778,,0.000,none
2026-03-18T07:04:33,-165.419,93.726,,0.000,none
2026-03-18T07:04:34,-165.687,93.646,,0.000,none
2026-03-18T07:04:35,-165.946,93.541,,0.000,none
2026-03-18T07:04:36,-166.194,93.410,,0.000,none
2026-03-18T07:04:37,-166.427,93.255,,0.000,none
2026-03-18T07:04:38,-166.465,93.230,,0.000,none
2026-03-18T07:04:39,-166.499,93.224,,0.000,none
2026-03-18T07:04:40,-166.553,93.223,,0.000,none
2026-03-18T07:04:41,-166.578,93.225,,0.000,none
2026-03-18T07:04:42,-166.578,93.225,,0.000,none
2026-03-18T07:04:43,-166.752,93.243,,0.000,none
2026-03-18T07:04:44,-166.918,93.269,,0.000,none
2026-03-18T07:04:45,-167.078,93.326,,0.000,none
2026-03-18T07:04:46,-167.345,93.408,,0.000,none
2026-03-18T07:04:47,-167.619,93.464,,0.000,none
2026-03-18T07:04:48,-167.898,93.491,,0.000,none
2026-03-18T07:04:49,-168.178,93.491,,0.000,none
2026-03-18T07:04:50,-168.456,93.462,,0.000,none
2026-03-18T07:04:51,-168.730,93.406,,0.000,none
2026-03-18T07:04:52,-168.998,93.323,,0.000,none
2026-03-18T07:04:53,-169.255,93.214,,0.000,none
2026-03-18T07:04:54,-169.501,93.079,,0.000,none
2026-03-18T07:04:55,-169.732,92.921,,0.000,none
2026-03-18T07:04:56,-169.768,92.896,,0.000,none
2026-03-18T07:04:57,-169.794,92.892,,0.000,none
2026-03-18T07:04:58,-169.805,92.891,,0.000,none
2026-03-18T07:04:59,-169.831,92.900,,0.000,none
2026-03-18T07:05:00,-170.099,92.981,,0.000,none
2026-03-18T07:05:01,-170.374,93.034,,0.000,none
2026-03-18T07:05:02,-170.652,93.060,,0.000,none
2026-03-18T07:05:03,-170.932,93.057,,0.000,none
2026-03-18T07:05:04,-171.211,93.027,,0.000,none
2026-03-18T07:05:05,-171.484,92.969,,0.000,none
2026-03-18T07:05:06,-171.751,92.884,,0.000,none
2026-03-18T07:05:07,-172.008,92.773,,0.000,none
2026-03-18T07:05:08,-172.255,92.642,,0.000,none
2026-03-18T07:05:09,-172.334,92.605,,0.000,none
2026-03-18T07:05:10,-172.362,92.604,,0.000,none
2026-03-18T07:05:11,-172.414,92.610,,0.000,none
2026-03-18T07:05:12,-172.434,92.615,,0.000,none
2026-03-18T07:05:13,-172.481,92.647,,0.000,none
2026-03-18T07:05:14,-172.721,92.790,,0.000,none
2026-03-18T07:05:15,-172.975,92.908,,0.000,none
2026-03-18T07:05:16,-173.239,93.000,,0.000,none
2026-03-18T07:05:17,-173.511,93.066,,0.000,none
2026-03-18T07:05:18,-173.789,93.104,,0.000,none
2026-03-18T07:05:19,-174.068,93.114,,0.000,none
2026-03-18T07:05:20,-174.348,93.096,,0.000,none
2026-03-18T07:05:21,-174.624,93.050,,0.000,none
2026-03-18T07:05:22,-174.894,92.977,,0.000,none
2026-03-18T07:05:23,-175.156,92.878,,0.000,none
2026-03-18T07:05:24,-175.347,92.788,,0.000,none
2026-03-18T07:05:25,-175.347,92.788,,0.000,none
2026-03-18T07:05:26,-175.529,92.784,,0.000,none
2026-03-18T07:05:27,-175.807,92.754,,0.000,none
2026-03-18T07:05:28,-176.081,92.696,,0.000,none
2026-03-18T07:05:29,-176.300,92.642,,0.000,none
2026-03-18T07:05:30,-176.300,92.642,,0.000,none
2026-03-18T07:05:31,-176.308,92.644,,0.000,none
2026-03-18T07:05:32,-176.356,92.673,,0.000,none
2026-03-18T07:05:33,-176.604,92.802,,0.000,none
2026-03-18T07:05:34,-176.864,92.907,,0.000,none
2026-03-18T07:05:35,-177.133,92.984,,0.000,none
2026-03-18T07:05:36,-177.408,93.035,,0.000,none
2026-03-18T07:05:37,-177.687,93.058,,0.000,none
2026-03-18T07:05:38,-177.967,93.053,,0.000,none
2026-03-18T07:05:39,-178.245,93.020,,0.000,none
2026-03-18T07:05:40,-178.518,92.960,,0.000,none
2026-03-18T07:05:41,-178.560,92.950,,0.000,none
2026-03-18T07:05:42,-178.583,92.955,,0.000,none
2026-03-18T07:05:43,-178.610,92.964,,0.000,none
2026-03-18T07:05:44,-178.610,92.964,,0.000,none
2026-03-18T07:05:45,-178.803,93.127,,0.000,none
2026-03-18T07:05:46,-179.033,93.286,,0.000,none
2026-03-18T07:05:47,-179.277,93.422,,0.000,none
2026-03-18T07:05:48,-179.535,93.533,,0.000,none
2026-03-18T07:05:49,-179.801,93.617,,0.000,none
2026-03-18T07:05:50,-180.075,93.675,,0.000,none
2026-03-18T07:05:51,-180.354,93.704,,0.000,none
2026-03-18T07:05:52,-180.633,93.706,,0.000,none
2026-03-18T07:05:53,-180.912,93.680,,0.000,none
2026-03-18T07:05:54,-181.187,93.626,,0.000,none
2026-03-18T07:05:55,-181.456,93.548,,0.000,none
2026-03-18T07:05:56,-181.698,93.481,,0.000,none
2026-03-18T07:05:57,-181.714,93.482,,0.000,none
2026-03-18T07:05:58,-181.751,93.496,,0.000,none
2026-03-18T07:05:59,-181.794,93.520,,0.000,none
2026-03-18T07:06:00,-181.794,93.520,,0.000,none
2026-03-18T07:06:01,-181.853,93.557,,0.000,none
2026-03-18T07:06:02,-182.147,93.747,,0.000,none
2026-03-18T07:06:03,-182.393,93.907,,0.000,none
2026-03-18T07:06:04,-182.485,93.987,,0.000,none
2026-03-18T07:06:05,-182.658,94.165,,0.000,none
2026-03-18T07:06:06,-182.871,94.346,,0.000,none
2026-03-18T07:06:07,-183.102,94.506,,0.000,none
2026-03-18T07:06:08,-183.347,94.641,,0.000,none
2026-03-18T07:06:09,-183.604,94.751,,0.000,none
2026-03-18T07:06:10,-183.871,94.835,,0.000,none
2026-03-18T07:06:11,-184.145,94.892,,0.000,none
2026-03-18T07:06:12,-184.423,94.922,,0.000,none
2026-03-18T07:06:13,-184.703,94.923,,0.000,none
2026-03-18T07:06:14,-184.982,94.896,,0.000,none
2026-03-18T07:06:15,-185.256,94.842,,0.000,none
2026-03-18T07:06:16,-185.490,94.785,,0.000,none
2026-03-18T07:06:17,-185.705,94.766,,0.000,none
2026-03-18T07:06:18,-185.760,94.766,,0.000,none
2026-03-18T07:06:19,-185.760,94.766,,0.000,none
2026-03-18T07:06:20,-185.910,94.868,,0.000,none
2026-03-18T07:06:21,-186.154,95.006,,0.000,none
2026-03-18T07:06:22,-186.410,95.118,,0.000,none
2026-03-18T07:06:23,-186.657,95.202,,0.000,none
2026-03-18T07:06:24,-186.899,95.285,,0.000,none
2026-03-18T07:06:25,-187.140,95.383,,0.000,none
2026-03-18T07:06:26,-187.246,95.427,,0.000,none
2026-03-18T07:06:27,-187.258,95.440,,0.000,none
2026-03-18T07:06:28,-187.265,95.451,,0.000,none
2026-03-18T07:06:29,-187.265,95.451,,0.000,none
2026-03-18T07:06:30,-187.314,95.727,,0.000,none
2026-03-18T07:06:31,-187.390,95.996,,0.000,none
2026-03-18T07:06:32,-187.493,96.257,,0.000,none
2026-03-18T07:06:33,-187.621,96.506,,0.000,none
2026-03-18T07:06:34,-187.773,96.740,,0.000,none
2026-03-18T07:06:35,-187.948,96.959,,0.000,none
2026-03-18T07:06:36,-188.144,97.159,,0.000,none
2026-03-18T07:06:37,-188.359,97.338,,0.000,none
2026-03-18T07:06:38,-188.591,97.495,,0.000,none
2026-03-18T07:06:39,-188.837,97.628,,0.000,none
2026-03-18T07:06:40,-189.095,97.736,,0.000,none
2026-03-18T07:06:41,-189.310,97.814,,0.000,none
2026-03-18T07:06:42,-189.518,97.925,,0.000,none
2026-03-18T07:06:43,-189.706,98.068,,0.000,none
2026-03-18T07:06:44,-189.867,98.233,,0.000,none
2026-03-18T07:06:45,-189.991,98.385,,0.000,none
2026-03-18T07:06:46,-189.991,98.385,,0.000,none
2026-03-18T07:06:47,-190.044,98.574,,0.000,none
2026-03-18T07:06:48,-190.143,98.836,,0.000,none
2026-03-18T07:06:49,-190.219,99.034,,0.000,none
2026-03-18T07:06:50,-190.219,99.034,,0.000,none
2026-03-18T07:06:51,-190.206,99.159,,0.000,none
2026-03-18T07:06:52,-190.196,99.439,,0.000,none
2026-03-18T07:06:53,-190.189,99.528,,0.000,none
2026-03-18T07:06:54,-190.177,99.568,,0.000,none
2026-03-18T07:06:55,-190.177,99.568,,0.000,none
2026-03-18T07:06:56,-190.144,99.667,,0.000,none
2026-03-18T07:06:57,-190.041,99.978,,0.000,none
2026-03-18T07:06:58,-190.019,100.077,,0.000,none
2026-03-18T07:06:59,-190.018,100.084,,0.000,none
2026-03-18T07:07:00,-190.020,100.089,,0.000,none
2026-03-18T07:07:01,-190.019,100.093,,0.000,none
2026-03-18T07:07:02,-190.017,100.114,,0.000,none
2026-03-18T07:07:03,-190.018,100.115,,0.000,none
2026-03-18T07:07:04,-190.018,100.115,,0.000,none
2026-03-18T07:07:05,-190.018,100.156,,0.000,none
2026-03-18T07:07:06,-190.018,100.156,,0.000,none
2026-03-18T07:07:07,-190.020,100.162,,0.000,none
2026-03-18T07:07:08,-190.020,100.176,,0.000,none
2026-03-18T07:07:09,-190.023,100.206,,0.000,none
2026-03-18T07:07:10,-190.023,100.206,,0.000,none
2026-03-18T07:07:11,-190.041,100.362,,0.000,none
2026-03-18T07:07:12,-190.090,100.709,,0.000,none
2026-03-18T07:07:13,-190.154,101.053,,0.000,none
2026-03-18T07:07:14,-190.236,101.393,,0.000,none
2026-03-18T07:07:15,-190.334,101.729,,0.000,none
2026-03-18T07:07:16,-190.450,102.059,,0.000,none
2026-03-18T07:07:17,-190.577,102.386,,0.000,none
2026-03-18T07:07:18,-190.698,102.677,,0.000,none
2026-03-18T07:07:19,-190.820,102.969,,0.000,none
2026-03-18T07:07:20,-190.922,103.210,,0.000,none
2026-03-18T07:07:21,-190.925,103.221,,0.000,none
2026-03-18T07:07:22,-190.925,103.221,,0.000,none
2026-03-18T07:07:23,-191.005,103.489,,0.000,none
2026-03-18T07:07:24,-191.100,103.802,,0.000,none
2026-03-18T07:07:25,-191.161,103.992,,0.000,none
2026-03-18T07:07:26,-191.161,103.992,,0.000,none
2026-03-18T07:07:27,-191.163,103.998,,0.000,none
2026-03-18T07:07:28,-191.233,104.241,,0.000,none
2026-03-18T07:07:29,-191.236,104.252,,0.000,none
2026-03-18T07:07:30,-191.236,104.252,,0.000,none
2026-03-18T07:07:31,-191.281,104.390,,0.000,none
2026-03-18T07:07:32,-191.281,104.390,,0.000,none
2026-03-18T07:07:33,-191.283,104.396,,0.000,none
2026-03-18T07:07:34,-191.303,104.457,,0.000,none
2026-03-18T07:07:35,-191.303,104.457,,0.000,none
2026-03-18T07:07:36,-191.347,104.608,,0.000,none
2026-03-18T07:07:37,-191.443,104.921,,0.000,none
2026-03-18T07:07:38,-191.508,105.076,,0.000,none
2026-03-18T07:07:39,-191.653,105.369,,0.000,none
2026-03-18T07:07:40,-191.811,105.681,,0.000,none
2026-03-18T07:07:41,-191.969,105.993,,0.000,none
2026-03-18T07:07:42,-192.128,106.306,,0.000,none
2026-03-18T07:07:43,-192.286,106.618,,0.000,none
2026-03-18T07:07:44,-192.444,106.930,,0.000,none
2026-03-18T07:07:45,-192.601,107.243,,0.000,none
2026-03-18T07:07:46,-192.757,107.556,,0.000,none
2026-03-18T07:07:47,-192.913,107.870,,0.000,none
2026-03-18T07:07:48,-193.067,108.184,,0.000,none
2026-03-18T07:07:49,-193.219,108.499,,0.000,none
2026-03-18T07:07:50,-193.370,108.815,,0.000,none
2026-03-18T07:07:51,-193.521,109.131,,0.000,none
2026-03-18T07:07:52,-193.670,109.447,,0.000,none
2026-03-18T07:07:53,-193.817,109.765,,0.000,none
2026-03-18T07:07:54,-193.964,110.082,,0.000,none
2026-03-18T07:07:55,-194.110,110.401,,0.000,none
2026-03-18T07:07:56,-194.254,110.719,,0.000,none
2026-03-18T07:07:57,-194.398,111.039,,0.000,none
2026-03-18T07:07:58,-194.540,111.359,,0.000,none
2026-03-18T07:07:59,-194.680,111.679,,0.000,none
2026-03-18T07:08:00,-194.820,112.000,,0.000,none
2026-03-18T07:08:01,-194.959,112.321,,0.000,none
2026-03-18T07:08:02,-195.096,112.643,,0.000,none
2026-03-18T07:08:03,-195.232,112.966,,0.000,none
2026-03-18T07:08:04,-195.367,113.289,,0.000,none
2026-03-18T07:08:05,-195.502,113.612,,0.000,none
2026-03-18T07:08:06,-195.634,113.936,,0.000,none
2026-03-18T07:08:07,-195.766,114.260,,0.000,none
2026-03-18T07:08:08,-195.897,114.585,,0.000,none
2026-03-18T07:08:09,-196.026,114.910,,0.000,none
2026-03-18T07:08:10,-196.155,115.235,,0.000,none
2026-03-18T07:08:11,-196.282,115.561,,0.000,none
2026-03-18T07:08:12,-196.408,115.888,,0.000,none
2026-03-18T07:08:13,-196.533,116.215,,0.000,none
2026-03-18T07:08:14,-196.657,116.542,,0.000,none
2026-03-18T07:08:15,-196.779,116.870,,0.000,none
2026-03-18T07:08:16,-196.901,117.198,,0.000,none
2026-03-18T07:08:17,-197.021,117.527,,0.000,none
2026-03-18T07:08:18,-197.141,117.856,,0.000,none
2026-03-18T07:08:19,-197.259,118.185,,0.000,none
2026-03-18T07:08:20,-197.375,118.515,,0.000,none
2026-03-18T07:08:21,-197.491,118.846,,0.000,none
2026-03-18T07:08:22,-197.606,119.176,,0.000,none
2026-03-18T07:08:23,-197.719,119.508,,0.000,none
2026-03-18T07:08:24,-197.832,119.839,,0.000,none
2026-03-18T07:08:25,-197.943,120.171,,0.000,none
2026-03-18T07:08:26,-198.053,120.503,,0.000,none
2026-03-18T07:08:27,-198.161,120.836,,0.000,none
2026-03-18T07:08:28,-198.269,121.169,,0.000,none
2026-03-18T07:08:29,-198.376,121.502,,0.000,none
2026-03-18T07:08:30,-198.481,121.836,,0.000,none
2026-03-18T07:08:31,-198.585,122.170,,0.000,none
2026-03-18T07:08:32,-198.688,122.505,,0.000,none
2026-03-18T07:08:33,-198.790,122.840,,0.000,none
2026-03-18T07:08:34,-198.890,123.175,,0.000,none
2026-03-18T07:08:35,-198.990,123.510,,0.000,none
2026-03-18T07:08:36,-199.088,123.846,,0.000,none
2026-03-18T07:08:37,-199.185,124.183,,0.000,none
2026-03-18T07:08:38,-199.281,124.519,,0.000,none
2026-03-18T07:08:39,-199.376,124.856,,0.000,none
2026-03-18T07:08:40,-199.469,125.193,,0.000,none
2026-03-18T07:08:41,-199.562,125.531,,0.000,none
2026-03-18T07:08:42,-199.653,125.869,,0.000,none
2026-03-18T07:08:43,-199.743,126.207,,0.000,none
2026-03-18T07:08:44,-199.832,126.546,,0.000,none
2026-03-18T07:08:45,-199.920,126.884,,0.000,none
2026-03-18T07:08:46,-200.007,127.223,,0.000,none
2026-03-18T07:08:47,-200.094,127.562,,0.000,none
2026-03-18T07:08:48,-200.179,127.902,,0.000,none
2026-03-18T07:08:49,-200.265,128.241,,0.000,none
2026-03-18T07:08:50,-200.350,128.581,,0.000,none
2026-03-18T07:08:51,-200.434,128.921,,0.000,none
2026-03-18T07:08:52,-200.517,129.260,,0.000,none
2026-03-18T07:08:53,-200.601,129.600,,0.000,none
2026-03-18T07:08:54,-200.683,129.940,,0.000,none
2026-03-18T07:08:55,-200.766,130.281,,0.000,none
2026-03-18T07:08:56,-200.847,130.621,,0.000,none
2026-03-18T07:08:57,-200.929,130.961,,0.000,none
2026-03-18T07:08:58,-201.010,131.302,,0.000,none
2026-03-18T07:08:59,-201.090,131.642,,0.000,none
2026-03-18T07:09:00,-201.170,131.983,,0.000,none
2026-03-18T07:09:01,-201.249,132.324,,0.000,none
2026-03-18T07:09:02,-201.327,132.666,,0.000,none
2026-03-18T07:09:03,-201.403,133.007,,0.000,none
2026-03-18T07:09:04,-201.479,133.349,,0.000,none
2026-03-18T07:09:05,-201.554,133.691,,0.000,none
2026-03-18T07:09:06,-201.628,134.033,,0.000,none
2026-03-18T07:09:07,-201.701,134.375,,0.000,none
2026-03-18T07:09:08,-201.772,134.718,,0.000,none
2026-03-18T07:09:09,-201.843,135.060,,0.000,none
2026-03-18T07:09:10,-201.913,135.404,,0.000,none
2026-03-18T07:09:11,-201.982,135.747,,0.000,none
2026-03-18T07:09:12,-202.050,136.090,,0.000,none
2026-03-18T07:09:13,-202.117,136.434,,0.000,none
2026-03-18T07:09:14,-202.183,136.777,,0.000,none
2026-03-18T07:09:15,-202.248,137.121,,0.000,none
2026-03-18T07:09:16,-202.312,137.465,,0.000,none
2026-03-18T07:09:17,-202.374,137.810,,0.000,none
2026-03-18T07:09:18,-202.436,138.154,,0.000,none
2026-03-18T07:09:19,-202.497,138.499,,0.000,none
2026-03-18T07:09:20,-202.557,138.843,,0.000,none
2026-03-18T07:09:21,-202.616,139.188,,0.000,none
2026-03-18T07:09:22,-202.674,139.534,,0.000,none
2026-03-18T07:09:23,-202.731,139.879,,0.000,none
2026-03-18T07:09:24,-202.787,140.225,,0.000,none
2026-03-18T07:09:25,-202.842,140.570,,0.000,none
2026-03-18T07:09:26,-202.896,140.916,,0.000,none
2026-03-18T07:09:27,-202.949,141.262,,0.000,none
2026-03-18T07:09:28,-203.001,141.608,,0.000,none
2026-03-18T07:09:29,-203.052,141.954,,0.000,none
2026-03-18T07:09:30,-203.102,142.301,,0.000,none
2026-03-18T07:09:31,-203.150,142.647,,0.000,none
2026-03-18T07:09:32,-203.198,142.994,,0.000,none
2026-03-18T07:09:33,-203.245,143.341,,0.000,none
2026-03-18T07:09:34,-203.291,143.688,,0.000,none
2026-03-18T07:09:35,-203.336,144.035,,0.000,none
2026-03-18T07:09:36,-203.380,144.382,,0.000,none
2026-03-18T07:09:37,-203.423,144.730,,0.000,none
2026-03-18T07:09:38,-203.465,145.077,,0.000,none
2026-03-18T07:09:39,-203.506,145.425,,0.000,none
2026-03-18T07:09:40,-203.546,145.772,,0.000,none
2026-03-18T07:09:41,-203.585,146.120,,0.000,none
2026-03-18T07:09:42,-203.623,146.468,,0.000,none
2026-03-18T07:09:43,-203.659,146.816,,0.000,none
2026-03-18T07:09:44,-203.695,147.164,,0.000,none
2026-03-18T07:09:45,-203.730,147.513,,0.000,none
2026-03-18T07:09:46,-203.764,147.861,,0.000,none
2026-03-18T07:09:47,-203.797,148.209,,0.000,none
2026-03-18T07:09:48,-203.829,148.558,,0.000,none
2026-03-18T07:09:49,-203.860,148.907,,0.000,none
2026-03-18T07:09:50,-203.890,149.255,,0.000,none
2026-03-18T07:09:51,-203.918,149.604,,0.000,none
2026-03-18T07:09:52,-203.946,149.953,,0.000,none
2026-03-18T07:09:53,-203.973,150.302,,0.000,none
2026-03-18T07:09:54,-203.999,150.651,,0.000,none
2026-03-18T07:09:55,-204.024,151.000,,0.000,none
2026-03-18T07:09:56,-204.047,151.349,,0.000,none
2026-03-18T07:09:57,-204.070,151.699,,0.000,none
2026-03-18T07:09:58,-204.092,152.048,,0.000,none
2026-03-18T07:09:59,-204.113,152.397,,0.000,none
2026-03-18T07:10:00,-204.133,152.747,,0.000,none
2026-03-18T07:10:01,-204.151,153.096,,0.000,none
2026-03-18T07:10:02,-204.169,153.446,,0.000,none
2026-03-18T07:10:03,-204.186,153.795,,0.000,none
2026-03-18T07:10:04,-204.201,154.145,,0.000,none
2026-03-18T07:10:05,-204.216,154.495,,0.000,none
2026-03-18T07:10:06,-204.230,154.845,,0.000,none
2026-03-18T07:10:07,-204.243,155.194,,0.000,none
2026-03-18T07:10:08,-204.254,155.544,,0.000,none
2026-03-18T07:10:09,-204.265,155.894,,0.000,none
2026-03-18T07:10:10,-204.275,156.244,,0.000,none
2026-03-18T07:10:11,-204.283,156.594,,0.000,none
2026-03-18T07:10:12,-204.291,156.944,,0.000,none
2026-03-18T07:10:13,-204.297,157.294,,0.000,none
2026-03-18T07:10:14,-204.303,157.644,,0.000,none
2026-03-18T07:10:15,-204.308,157.994,,0.000,none
2026-03-18T07:10:16,-204.311,158.343,,0.000,none
2026-03-18T07:10:17,-204.314,158.694,,0.000,none
2026-03-18T07:10:18,-204.315,159.043,,0.000,none
2026-03-18T07:10:19,-204.316,159.393,,0.000,none
2026-03-18T07:10:20,-204.316,159.744,,0.000,none
2026-03-18T07:10:21,-204.314,160.093,,0.000,none
2026-03-18T07:10:22,-204.312,160.443,,0.000,none
2026-03-18T07:10:23,-204.308,160.793,,0.000,none
2026-03-18T07:10:24,-204.304,161.143,,0.000,none
2026-03-18T07:10:25,-204.298,161.493,,0.000,none
2026-03-18T07:10:26,-204.292,161.843,,0.000,none
2026-03-18T07:10:27,-204.284,162.193,,0.000,none
2026-03-18T07:10:28,-204.275,162.543,,0.000,none
2026-03-18T07:10:29,-204.266,162.893,,0.000,none
2026-03-18T07:10:30,-204.255,163.243,,0.000,none
2026-03-18T07:10:31,-204.244,163.593,,0.000,none
2026-03-18T07:10:32,-204.231,163.942,,0.000,none
2026-03-18T07:10:33,-204.218,164.292,,0.000,none
2026-03-18T07:10:34,-204.203,164.642,,0.000,none
2026-03-18T07:10:35,-204.187,164.991,,0.000,none
2026-03-18T07:10:36,-204.171,165.341,,0.000,none
2026-03-18T07:10:37,-204.153,165.691,,0.000,none
2026-03-18T07:10:38,-204.134,166.040,,0.000,none
2026-03-18T07:10:39,-204.115,166.390,,0.000,none
2026-03-18T07:10:40,-204.094,166.739,,0.000,none
2026-03-18T07:10:41,-204.072,167.088,,0.000,none
2026-03-18T07:10:42,-204.050,167.438,,0.000,none
2026-03-18T07:10:43,-204.026,167.787,,0.000,none
2026-03-18T07:10:44,-204.001,168.136,,0.000,none
2026-03-18T07:10:45,-203.976,168.485,,0.000,none
2026-03-18T07:10:46,-203.949,168.834,,0.000,none
2026-03-18T07:10:47,-203.921,169.183,,0.000,none
2026-03-18T07:10:48,-203.892,169.532,,0.000,none
2026-03-18T07:10:49,-203.863,169.880,,0.000,none
2026-03-18T07:10:50,-203.832,170.229,,0.000,none
2026-03-18T07:10:51,-203.800,170.578,,0.000,none
2026-03-18T07:10:52,-203.767,170.926,,0.000,none
2026-03-18T07:10:53,-203.734,171.274,,0.000,none
2026-03-18T07:10:54,-203.699,171.623,,0.000,none
2026-03-18T07:10:55,-203.663,171.971,,0.000,none
2026-03-18T07:10:56,-203.626,172.319,,0.000,none
2026-03-18T07:10:57,-203.588,172.667,,0.000,none
2026-03-18T07:10:58,-203.550,173.015,,0.000,none
2026-03-18T07:10:59,-203.510,173.363,,0.000,none
2026-03-18T07:11:00,-203.469,173.710,,0.000,none
2026-03-18T07:11:01,-203.427,174.058,,0.000,none
2026-03-18T07:11:02,-203.384,174.405,,0.000,none
2026-03-18T07:11:03,-203.341,174.752,,0.000,none
2026-03-18T07:11:04,-203.296,175.099,,0.000,none
2026-03-18T07:11:05,-203.250,175.446,,0.000,none
2026-03-18T07:11:06,-203.203,175.793,,0.000,none
2026-03-18T07:11:07,-203.155,176.140,,0.000,none
2026-03-18T07:11:08,-203.106,176.486,,0.000,none
2026-03-18T07:11:09,-203.057,176.833,,0.000,none
2026-03-18T07:11:10,-203.006,177.179,,0.000,none
2026-03-18T07:11:11,-202.954,177.525,,0.000,none
2026-03-18T07:11:12,-202.901,177.871,,0.000,none
2026-03-18T07:11:13,-202.847,178.217,,0.000,none
2026-03-18T07:11:14,-202.792,178.563,,0.000,none
2026-03-18T07:11:15,-202.736,178.908,,0.000,none
2026-03-18T07:11:16,-202.680,179.254,,0.000,none
2026-03-18T07:11:17,-202.622,179.599,,0.000,none
2026-03-18T07:11:18,-202.563,179.944,,0.000,none
2026-03-18T07:11:19,-202.503,180.289,,0.000,none
2026-03-18T07:11:20,-202.442,180.633,,0.000,none
2026-03-18T07:11:21,-202.381,180.978,,0.000,none
2026-03-18T07:11:22,-202.318,181.322,,0.000,none
2026-03-18T07:11:23,-202.254,181.666,,0.000,none
2026-03-18T07:11:24,-202.189,182.010,,0.000,none
2026-03-18T07:11:25,-202.123,182.354,,0.000,none
2026-03-18T07:11:26,-202.057,182.697,,0.000,none
2026-03-18T07:11:27,-201.989,183.041,,0.000,none
2026-03-18T07:11:28,-201.920,183.384,,0.000,none
2026-03-18T07:11:29,-201.850,183.727,,0.000,none
2026-03-18T07:11:30,-201.779,184.070,,0.000,none
2026-03-18T07:11:31,-201.708,184.412,,0.000,none
2026-03-18T07:11:32,-201.635,184.755,,0.000,none
2026-03-18T07:11:33,-201.561,185.097,,0.000,none
2026-03-18T07:11:34,-201.486,185.439,,0.000,none
2026-03-18T07:11:35,-201.411,185.781,,0.000,none
2026-03-18T07:11:36,-201.334,186.122,,0.000,none
2026-03-18T07:11:37,-201.256,186.463,,0.000,none
2026-03-18T07:11:38,-201.178,186.804,,0.000,none
2026-03-18T07:11:39,-201.098,187.145,,0.000,none
2026-03-18T07:11:40,-201.018,187.486,,0.000,none
2026-03-18T07:11:41,-200.936,187.826,,0.000,none
2026-03-18T07:11:42,-200.853,188.166,,0.000,none
2026-03-18T07:11:43,-200.770,188.506,,0.000,none
2026-03-18T07:11:44,-200.685,188.846,,0.000,none
2026-03-18T07:11:45,-200.600,189.185,,0.000,none
2026-03-18T07:11:46,-200.513,189.524,,0.000,none
2026-03-18T07:11:47,-200.426,189.863,,0.000,none
2026-03-18T07:11:48,-200.337,190.202,,0.000,none
2026-03-18T07:11:49,-200.248,190.540,,0.000,none
2026-03-18T07:11:50,-200.157,190.878,,0.000,none
2026-03-18T07:11:51,-200.066,191.216,,0.000,none
2026-03-18T07:11:52,-199.973,191.554,,0.000,none
2026-03-18T07:11:53,-199.880,191.891,,0.000,none
2026-03-18T07:11:54,-199.786,192.228,,0.000,none
2026-03-18T07:11:55,-199.690,192.565,,0.000,none
2026-03-18T07:11:56,-199.594,192.901,,0.000,none
2026-03-18T07:11:57,-199.497,193.238,,0.000,none
2026-03-18T07:11:58,-199.399,193.573,,0.000,none
2026-03-18T07:11:59,-199.299,193.909,,0.000,none
2026-03-18T07:12:00,-199.199,194.245,,0.000,none
2026-03-18T07:12:01,-199.098,194.580,,0.000,none
2026-03-18T07:12:02,-198.996,194.914,,0.000,none
2026-03-18T07:12:03,-198.893,195.249,,0.000,none
2026-03-18T07:12:04,-198.789,195.583,,0.000,none
2026-03-18T07:12:05,-198.684,195.917,,0.000,none
2026-03-18T07:12:06,-198.578,196.250,,0.000,none
2026-03-18T07:12:07,-198.471,196.584,,0.000,none
2026-03-18T07:12:08,-198.363,196.917,,0.000,none
2026-03-18T07:12:09,-198.254,197.249,,0.000,none
2026-03-18T07:12:10,-198.145,197.582,,0.000,none
2026-03-18T07:12:11,-198.034,197.914,,0.000,none
2026-03-18T07:12:12,-197.922,198.245,,0.000,none
2026-03-18T07:12:13,-197.809,198.577,,0.000,none
2026-03-18T07:12:14,-197.696,198.908,,0.000,none
2026-03-18T07:12:15,-197.581,199.239,,0.000,none
2026-03-18T07:12:16,-197.466,199.569,,0.000,none
2026-03-18T07:12:17,-197.349,199.899,,0.000,none
2026-03-18T07:12:18,-197.232,200.229,,0.000,none
2026-03-18T07:12:19,-197.113,200.558,,0.000,none
2026-03-18T07:12:20,-196.994,200.887,,0.000,none
2026-03-18T07:12:21,-196.873,201.216,,0.000,none
2026-03-18T07:12:22,-196.752,201.544,,0.000,none
2026-03-18T07:12:23,-196.630,201.872,,0.000,none
2026-03-18T07:12:24,-196.507,202.200,,0.000,none
2026-03-18T07:12:25,-196.383,202.527,,0.000,none
2026-03-18T07:12:26,-196.258,202.854,,0.000,none
2026-03-18T07:12:27,-196.132,203.180,,0.000,none
2026-03-18T07:12:28,-196.005,203.506,,0.000,none
2026-03-18T07:12:29,-195.877,203.832,,0.000,none
2026-03-18T07:12:30,-195.748,204.158,,0.000,none
2026-03-18T07:12:31,-195.618,204.483,,0.000,none
2026-03-18T07:12:32,-195.488,204.807,,0.000,none
2026-03-18T07:12:33,-195.356,205.132,,0.000,none
2026-03-18T07:12:34,-195.223,205.456,,0.000,none
2026-03-18T07:12:35,-195.090,205.779,,0.000,none
2026-03-18T07:12:36,-194.955,206.102,,0.000,none
2026-03-18T07:12:37,-194.820,206.425,,0.000,none
2026-03-18T07:12:38,-194.684,206.747,,0.000,none
2026-03-18T07:12:39,-194.547,207.069,,0.000,none
2026-03-18T07:12:40,-194.408,207.391,,0.000,none
2026-03-18T07:12:41,-194.269,207.712,,0.000,none
2026-03-18T07:12:42,-194.129,208.033,,0.000,none
2026-03-18T07:12:43,-193.988,208.353,,0.000,none
2026-03-18T07:12:44,-193.846,208.673,,0.000,none
2026-03-18T07:12:45,-193.704,208.993,,0.000,none
2026-03-18T07:12:46,-193.560,209.312,,0.000,none
2026-03-18T07:12:47,-193.415,209.631,,0.000,none
2026-03-18T07:12:48,-193.270,209.949,,0.000,none
2026-03-18T07:12:49,-193.123,210.267,,0.000,none
2026-03-18T07:12:50,-192.976,210.584,,0.000,none
2026-03-18T07:12:51,-192.827,210.901,,0.000,none
2026-03-18T07:12:52,-192.678,211.218,,0.000,none
2026-03-18T07:12:53,-192.528,211.534,,0.000,none
2026-03-18T07:12:54,-192.377,211.850,,0.000,none
2026-03-18T07:12:55,-192.225,212.165,,0.000,none
2026-03-18T07:12:56,-192.072,212.480,,0.000,none
2026-03-18T07:12:57,-191.918,212.794,,0.000,none
2026-03-18T07:12:58,-191.764,213.108,,0.000,none
2026-03-18T07:12:59,-191.608,213.422,,0.000,none
2026-03-18T07:13:00,-191.452,213.735,,0.000,none
2026-03-18T07:13:01,-191.294,214.047,,0.000,none
2026-03-18T07:13:02,-191.136,214.360,,0.000,none
2026-03-18T07:13:03,-190.977,214.671,,0.000,none
2026-03-18T07:13:04,-190.816,214.982,,0.000,none
2026-03-18T07:13:05,-190.655,215.293,,0.000,none
2026-03-18T07:13:06,-190.494,215.603,,0.000,none
2026-03-18T07:13:07,-190.331,215.913,,0.000,none
2026-03-18T07:13:08,-190.167,216.223,,0.000,none
2026-03-18T07:13:09,-190.002,216.532,,0.000,none
2026-03-18T07:13:10,-189.837,216.840,,0.000,none
2026-03-18T07:13:11,-189.670,217.148,,0.000,none
2026-03-18T07:13:12,-189.503,217.455,,0.000,none
2026-03-18T07:13:13,-189.335,217.762,,0.000,none
2026-03-18T07:13:14,-189.166,218.069,,0.000,none
2026-03-18T07:13:15,-188.996,218.375,,0.000,none
2026-03-18T07:13:16,-188.825,218.680,,0.000,none
2026-03-18T07:13:17,-188.654,218.985,,0.000,none
2026-03-18T07:13:18,-188.481,219.290,,0.000,none
2026-03-18T07:13:19,-188.308,219.594,,0.000,none
2026-03-18T07:13:20,-188.133,219.897,,0.000,none
2026-03-18T07:13:21,-187.958,220.200,,0.000,none
2026-03-18T07:13:22,-187.782,220.503,,0.000,none
2026-03-18T07:13:23,-187.605,220.805,,0.000,none
2026-03-18T07:13:24,-187.427,221.106,,0.000,none
2026-03-18T07:13:25,-187.249,221.407,,0.000,none
2026-03-18T07:13:26,-187.069,221.708,,0.000,none
2026-03-18T07:13:27,-186.889,222.007,,0.000,none
2026-03-18T07:13:28,-186.707,222.307,,0.000,none
2026-03-18T07:13:29,-186.525,222.606,,0.000,none
2026-03-18T07:13:30,-186.342,222.904,,0.000,none
2026-03-18T07:13:31,-186.158,223.202,,0.000,none
2026-03-18T07:13:32,-185.973,223.499,,0.000,none
2026-03-18T07:13:33,-185.788,223.796,,0.000,none
2026-03-18T07:13:34,-185.601,224.092,,0.000,none
2026-03-18T07:13:35,-185.414,224.388,,0.000,none
2026-03-18T07:13:36,-185.226,224.683,,0.000,none
2026-03-18T07:13:37,-185.037,224.977,,0.000,none
2026-03-18T07:13:38,-184.847,225.271,,0.000,none
2026-03-18T07:13:39,-184.656,225.565,,0.000,none
2026-03-18T07:13:40,-184.465,225.858,,0.000,none
2026-03-18T07:13:41,-184.272,226.150,,0.000,none
2026-03-18T07:13:42,-184.079,226.442,,0.000,none
2026-03-18T07:13:43,-183.885,226.733,,0.000,none
2026-03-18T07:13:44,-183.690,227.024,,0.000,none
2026-03-18T07:13:45,-183.494,227.314,,0.000,none
2026-03-18T07:13:46,-183.298,227.603,,0.000,none
2026-03-18T07:13:47,-183.100,227.892,,0.000,none
2026-03-18T07:13:48,-182.902,228.181,,0.000,none
2026-03-18T07:13:49,-182.703,228.469,,0.000,none
2026-03-18T07:13:50,-182.503,228.756,,0.000,none
2026-03-18T07:13:51,-182.302,229.043,,0.000,none
2026-03-18T07:13:52,-182.100,229.329,,0.000,none
2026-03-18T07:13:53,-181.898,229.614,,0.000,none
2026-03-18T07:13:54,-181.695,229.899,,0.000,none
2026-03-18T07:13:55,-181.491,230.184,,0.000,none
2026-03-18T07:13:56,-181.286,230.467,,0.000,none
2026-03-18T07:13:57,-181.080,230.751,,0.000,none
2026-03-18T07:13:58,-180.873,231.033,,0.000,none
2026-03-18T07:13:59,-180.666,231.315,,0.000,none
2026-03-18T07:14:00,-180.458,231.596,,0.000,none
2026-03-18T07:14:01,-180.249,231.877,,0.000,none
2026-03-18T07:14:02,-180.039,232.157,,0.000,none
2026-03-18T07:14:03,-179.829,232.437,,0.000,none
2026-03-18T07:14:04,-179.617,232.716,,0.000,none
2026-03-18T07:14:05,-179.405,232.994,,0.000,none
2026-03-18T07:14:06,-179.192,233.272,,0.000,none
2026-03-18T07:14:07,-178.978,233.549,,0.000,none
2026-03-18T07:14:08,-178.763,233.825,,0.000,none
2026-03-18T07:14:09,-178.548,234.101,,0.000,none
2026-03-18T07:14:10,-178.332,234.377,,0.000,none
2026-03-18T07:14:11,-178.115,234.651,,0.000,none
2026-03-18T07:14:12,-177.897,234.925,,0.000,none
2026-03-18T07:14:13,-177.678,235.198,,0.000,none
2026-03-18T07:14:14,-177.459,235.471,,0.000,none
2026-03-18T07:14:15,-177.239,235.743,,0.000,none
2026-03-18T07:14:16,-177.018,236.015,,0.000,none
2026-03-18T07:14:17,-176.796,236.286,,0.000,none
2026-03-18T07:14:18,-176.574,236.556,,0.000,none
2026-03-18T07:14:19,-176.350,236.825,,0.000,none
2026-03-18T07:14:20,-176.126,237.094,,0.000,none
2026-03-18T07:14:21,-175.902,237.362,,0.000,none
2026-03-18T07:14:22,-175.676,237.630,,0.000,none
2026-03-18T07:14:23,-175.450,237.897,,0.000,none
2026-03-18T07:14:24,-175.222,238.163,,0.000,none
2026-03-18T07:14:25,-174.994,238.429,,0.000,none
2026-03-18T07:14:26,-174.766,238.694,,0.000,none
2026-03-18T07:14:27,-174.536,238.958,,0.000,none
2026-03-18T07:14:28,-174.306,239.221,,0.000,none
2026-03-18T07:14:29,-174.075,239.484,,0.000,none
2026-03-18T07:14:30,-173.843,239.747,,0.000,none
2026-03-18T07:14:31,-173.611,240.008,,0.000,none
2026-03-18T07:14:32,-173.378,240.269,,0.000,none
2026-03-18T07:14:33,-173.144,240.530,,0.000,none
2026-03-18T07:14:34,-172.909,240.789,,0.000,none
2026-03-18T07:14:35,-172.673,241.048,,0.000,none
2026-03-18T07:14:36,-172.437,241.306,,0.000,none
2026-03-18T07:14:37,-172.200,241.564,,0.000,none
2026-03-18T07:14:38,-171.962,241.821,,0.000,none
2026-03-18T07:14:39,-171.724,242.077,,0.000,none
2026-03-18T07:14:40,-171.485,242.332,,0.000,none
2026-03-18T07:14:41,-171.245,242.587,,0.000,none
2026-03-18T07:14:42,-171.004,242.841,,0.000,none
2026-03-18T07:14:43,-170.763,243.095,,0.000,none
2026-03-18T07:14:44,-170.520,243.347,,0.000,none
2026-03-18T07:14:45,-170.277,243.599,,0.000,none
2026-03-18T07:14:46,-170.034,243.851,,0.000,none
2026-03-18T07:14:47,-169.790,244.101,,0.000,none
2026-03-18T07:14:48,-169.544,244.351,,0.000,none
2026-03-18T07:14:49,-169.299,244.600,,0.000,none
2026-03-18T07:14:50,-169.052,244.849,,0.000,none
2026-03-18T07:14:51,-168.805,245.097,,0.000,none
2026-03-18T07:14:52,-168.557,245.344,,0.000,none
2026-03-18T07:14:53,-168.308,245.590,,0.000,none
2026-03-18T07:14:54,-168.059,245.836,,0.000,none
2026-03-18T07:14:55,-167.809,246.080,,0.000,none
2026-03-18T07:14:56,-167.558,246.325,,0.000,none
2026-03-18T07:14:57,-167.307,246.568,,0.000,none
2026-03-18T07:14:58,-167.054,246.811,,0.000,none
2026-03-18T07:14:59,-166.802,247.053,,0.000,none
2026-03-18T09:10:10,-166.624,247.222,,0.000,none
2026-03-18T09:10:10,-166.510,247.330,,0.000,none
2026-03-18T09:10:11,-166.255,247.571,,0.000,none
2026-03-18T09:10:12,-166.000,247.810,,0.000,none
2026-03-18T09:10:13,-165.745,248.049,,0.000,none
2026-03-18T09:10:14,-165.488,248.287,,0.000,none
2026-03-18T09:10:15,-165.231,248.525,,0.000,none
2026-03-18T09:10:16,-164.973,248.762,,0.000,none
2026-03-18T09:10:17,-164.715,248.998,,0.000,none
2026-03-18T09:10:18,-164.455,249.233,,0.000,none
2026-03-18T09:10:19,-164.195,249.467,,0.000,none
2026-03-18T09:10:20,-163.935,249.701,,0.000,none
2026-03-18T09:10:21,-163.674,249.934,,0.000,none
2026-03-18T09:10:22,-163.412,250.166,,0.000,none
2026-03-18T09:10:23,-163.149,250.397,,0.000,none
2026-03-18T09:10:24,-162.886,250.628,,0.000,none
2026-03-18T09:10:25,-162.622,250.858,,0.000,none
2026-03-18T09:10:26,-162.358,251.087,,0.000,none
2026-03-18T09:10:27,-162.092,251.316,,0.000,none
2026-03-18T09:10:28,-161.826,251.543,,0.000,none
2026-03-18T09:10:29,-161.560,251.770,,0.000,none
2026-03-18T09:10:30,-161.293,251.996,,0.000,none
2026-03-18T09:10:31,-161.025,252.221,,0.000,none
2026-03-18T09:10:32,-160.756,252.446,,0.000,none
2026-03-18T09:10:33,-160.487,252.670,,0.000,none
2026-03-18T09:10:34,-160.218,252.893,,0.000,none
2026-03-18T09:10:35,-159.947,253.115,,0.000,none
2026-03-18T09:10:36,-159.676,253.336,,0.000,none
2026-03-18T09:10:37,-159.404,253.557,,0.000,none
2026-03-18T09:10:38,-159.132,253.777,,0.000,none
2026-03-18T09:10:39,-158.859,253.996,,0.000,none
2026-03-18T09:10:40,-158.585,254.214,,0.000,none
2026-03-18T09:10:41,-158.311,254.432,,0.000,none
2026-03-18T09:10:42,-158.036,254.648,,0.000,none
2026-03-18T09:10:43,-157.761,254.864,,0.000,none
2026-03-18T09:10:44,-157.485,255.079,,0.000,none
2026-03-18T09:10:45,-157.208,255.293,,0.000,none
2026-03-18T09:10:46,-156.931,255.507,,0.000,none
2026-03-18T09:10:47,-156.653,255.720,,0.000,none
2026-03-18T09:10:48,-156.374,255.931,,0.000,none
2026-03-18T09:10:49,-156.095,256.143,,0.000,none
2026-03-18T09:10:50,-155.815,256.353,,0.000,none
2026-03-18T09:10:51,-155.535,256.562,,0.057,none
2026-03-18T09:10:52,-155.254,256.771,,0.399,none
2026-03-18T09:10:53,-154.972,256.979,,0.742,none
2026-03-18T09:10:54,-154.690,257.186,,1.085,none
2026-03-18T09:10:55,-154.407,257.392,,1.100,none
2026-03-18T09:10:56,-154.124,257.597,,1.100,none
2026-03-18T09:10:57,-153.840,257.802,,1.100,none
2026-03-18T09:10:58,-153.555,258.006,,1.100,none
2026-03-18T09:10:59,-153.270,258.209,,1.100,none
2026-03-18T09:11:00,-152.984,258.411,,1.100,none
2026-03-18T09:11:01,-152.698,258.612,,1.100,none
2026-03-18T09:11:02,-152.411,258.812,,1.100,none
2026-03-18T09:11:03,-152.123,259.012,,1.100,none
2026-03-18T09:11:04,-151.835,259.211,,1.100,none
2026-03-18T09:11:05,-151.547,259.409,,1.195,none
2026-03-18T09:11:06,-151.258,259.606,,1.539,none
2026-03-18T09:11:07,-150.968,259.802,,1.883,none
2026-03-18T09:11:08,-150.677,259.997,,2.200,none
2026-03-18T09:11:09,-150.386,260.192,,2.200,none
2026-03-18T09:11:10,-150.095,260.386,,2.200,none
2026-03-18T09:11:11,-149.803,260.579,,2.200,none
2026-03-18T09:11:12,-149.510,260.771,,2.200,none
2026-03-18T09:11:13,-149.217,260.962,,2.200,none
2026-03-18T09:11:14,-148.923,261.152,,2.200,none
2026-03-18T09:11:15,-148.629,261.342,,2.200,none
2026-03-18T09:11:16,-148.334,261.531,,2.200,none
2026-03-18T09:11:17,-148.039,261.718,,2.200,none
2026-03-18T09:11:18,-147.743,261.905,,2.200,none
2026-03-18T09:11:19,-147.447,262.092,,2.200,none
2026-03-18T09:11:20,-147.150,262.277,,2.200,none
2026-03-18T09:11:21,-146.852,262.461,,2.200,none
2026-03-18T09:11:22,-146.554,262.645,,2.200,none
2026-03-18T09:11:23,-146.256,262.827,,2.200,none
2026-03-18T09:11:24,-145.957,263.009,,2.200,none
2026-03-18T09:11:25,-145.657,263.190,,2.200,none
2026-03-18T09:11:26,-145.357,263.370,,2.200,none
2026-03-18T09:11:27,-145.056,263.549,,2.200,none
2026-03-18T09:11:28,-144.755,263.728,,2.200,none
2026-03-18T09:11:29,-144.454,263.905,,2.200,none
2026-03-18T09:11:30,-144.151,264.082,,2.200,none
2026-03-18T09:11:31,-143.849,264.258,,2.200,none
2026-03-18T09:11:32,-143.545,264.432,,2.200,none
2026-03-18T09:11:33,-143.242,264.606,,2.200,none
2026-03-18T09:11:34,-142.938,264.779,,2.200,none
2026-03-18T09:11:35,-142.633,264.952,,2.200,none
2026-03-18T09:11:36,-142.328,265.123,,2.200,none
2026-03-18T09:11:37,-142.022,265.294,,2.200,none
2026-03-18T09:11:38,-141.716,265.463,,2.200,none
2026-03-18T09:11:39,-141.409,265.632,,2.200,none
2026-03-18T09:11:40,-141.102,265.800,,2.200,none
2026-03-18T09:11:41,-140.794,265.966,,2.200,none
2026-03-18T09:11:42,-140.486,266.132,,2.200,none
2026-03-18T09:11:43,-140.178,266.298,,2.200,none
2026-03-18T09:11:44,-139.868,266.462,,2.200,none
2026-03-18T09:11:45,-139.559,266.625,,2.200,none
2026-03-18T09:11:46,-139.249,266.788,,2.200,none
2026-03-18T09:11:47,-138.938,266.949,,2.200,none
2026-03-18T09:11:48,-138.628,267.110,,2.200,none
2026-03-18T09:11:49,-138.316,267.270,,2.200,none
2026-03-18T09:11:50,-138.004,267.428,,2.200,none
2026-03-18T09:11:51,-137.692,267.586,,2.512,none
2026-03-18T09:11:52,-137.379,267.743,,2.860,none
2026-03-18T09:11:53,-137.066,267.900,,3.208,none
2026-03-18T09:11:54,-136.752,268.055,,3.299,none
2026-03-18T09:11:55,-136.438,268.209,,3.299,none
2026-03-18T09:11:56,-136.124,268.363,,3.299,none
2026-03-18T09:11:57,-135.808,268.515,,3.299,none
2026-03-18T09:11:58,-135.493,268.667,,3.299,none
2026-03-18T09:11:59,-135.177,268.817,,3.299,none
2026-03-18T09:12:00,-134.861,268.967,,3.299,none
2026-03-18T09:12:01,-134.544,269.116,,3.299,none
2026-03-18T09:12:02,-134.227,269.264,,3.299,none
2026-03-18T09:12:03,-133.909,269.411,,3.299,none
2026-03-18T09:12:04,-133.591,269.557,,3.299,none
2026-03-18T09:12:05,-133.273,269.702,,3.299,none
2026-03-18T09:12:06,-132.954,269.847,,3.299,none
2026-03-18T09:12:07,-132.634,269.990,,3.299,none
2026-03-18T09:12:08,-132.315,270.132,,3.299,none
2026-03-18T09:12:09,-131.995,270.274,,3.299,none
2026-03-18T09:12:10,-131.674,270.414,,3.299,none
2026-03-18T09:12:11,-131.353,270.554,,3.299,none
2026-03-18T09:12:12,-131.032,270.693,,3.299,none
2026-03-18T09:12:13,-130.710,270.831,,3.299,none
2026-03-18T09:12:14,-130.388,270.967,,3.299,none
2026-03-18T09:12:15,-130.065,271.103,,3.299,none
2026-03-18T09:12:16,-129.743,271.238,,3.299,none
2026-03-18T09:12:17,-129.419,271.372,,3.299,none
2026-03-18T09:12:18,-129.095,271.505,,3.299,none
2026-03-18T09:12:19,-128.771,271.638,,3.299,none
2026-03-18T09:12:20,-128.447,271.769,,3.299,none
2026-03-18T09:12:21,-128.122,271.899,,3.299,none
2026-03-18T09:12:22,-127.797,272.029,,3.299,none
2026-03-18T09:12:23,-127.471,272.157,,3.299,none
2026-03-18T09:12:24,-127.145,272.285,,3.299,none
2026-03-18T09:12:25,-126.819,272.411,,3.299,none
2026-03-18T09:12:26,-126.492,272.537,,3.299,none
2026-03-18T09:12:27,-126.165,272.661,,3.299,none
2026-03-18T09:12:28,-125.838,272.785,,3.299,none
2026-03-18T09:12:29,-125.510,272.908,,3.299,none
2026-03-18T09:12:30,-125.182,273.030,,3.299,none
2026-03-18T09:12:31,-124.854,273.151,,3.299,none
2026-03-18T09:12:32,-124.525,273.271,,3.299,none
2026-03-18T09:12:33,-124.196,273.390,,3.299,none
2026-03-18T09:12:34,-123.866,273.507,,3.299,none
2026-03-18T09:12:35,-123.536,273.625,,3.299,none
2026-03-18T09:12:36,-123.206,273.741,,3.299,none
2026-03-18T09:12:37,-122.876,273.856,,3.299,none
2026-03-18T09:12:38,-122.545,273.970,,3.299,none
2026-03-18T09:12:39,-122.214,274.083,,3.299,none
2026-03-18T09:12:40,-121.882,274.196,,3.299,none
2026-03-18T09:12:41,-121.550,274.307,,3.299,none
2026-03-18T09:12:42,-121.218,274.417,,3.299,none
2026-03-18T09:12:43,-120.886,274.527,,3.299,none
2026-03-18T09:12:44,-120.553,274.635,,3.299,none
2026-03-18T09:12:45,-120.220,274.743,,3.299,none
2026-03-18T09:12:46,-119.887,274.849,,3.299,none
2026-03-18T09:12:47,-119.553,274.955,,3.299,none
2026-03-18T09:12:48,-119.219,275.059,,3.299,none
2026-03-18T09:12:49,-118.884,275.163,,3.299,none
2026-03-18T09:12:50,-118.550,275.266,,3.299,none
2026-03-18T09:12:51,-118.215,275.367,,3.299,none
2026-03-18T09:12:52,-117.880,275.468,,3.299,none
2026-03-18T09:12:53,-117.544,275.568,,3.299,none
2026-03-18T09:12:54,-117.208,275.667,,3.299,none
2026-03-18T09:12:55,-116.872,275.765,,3.299,none
2026-03-18T09:12:56,-116.536,275.861,,3.299,none
2026-03-18T09:12:57,-116.199,275.957,,3.299,none
2026-03-18T09:12:58,-115.863,276.052,,3.299,none
2026-03-18T09:12:59,-115.525,276.146,,3.299,none
2026-03-18T09:13:00,-115.188,276.239,,3.299,none
2026-03-18T09:13:01,-114.850,276.331,,3.299,none
2026-03-18T09:13:02,-114.512,276.422,,3.299,none
2026-03-18T09:13:03,-114.174,276.512,,3.299,none
2026-03-18T09:13:04,-113.836,276.601,,3.299,none
2026-03-18T09:13:05,-113.497,276.689,,3.299,none
2026-03-18T09:13:06,-113.158,276.776,,3.299,none
2026-03-18T09:13:07,-112.819,276.863,,3.299,none
2026-03-18T09:13:08,-112.479,276.948,,3.299,none
2026-03-18T09:13:09,-112.140,277.032,,3.299,none
2026-03-18T09:13:10,-111.800,277.115,,3.299,none
2026-03-18T09:13:11,-111.459,277.197,,3.299,none
2026-03-18T09:13:12,-111.119,277.278,,3.299,none
2026-03-18T09:13:13,-110.778,277.359,,3.299,none
2026-03-18T09:13:14,-110.437,277.438,,3.299,none
2026-03-18T09:13:15,-110.096,277.516,,3.299,none
2026-03-18T09:13:16,-109.755,277.593,,3.299,none
2026-03-18T09:13:17,-109.413,277.670,,3.319,none
2026-03-18T09:13:18,-109.071,277.745,,3.668,none
2026-03-18T09:13:19,-108.729,277.819,,4.018,none
2026-03-18T09:13:20,-108.387,277.893,,4.367,none
2026-03-18T09:13:21,-108.045,277.965,,4.395,none
2026-03-18T09:13:22,-107.702,278.036,,4.395,none
2026-03-18T09:13:23,-107.359,278.107,,4.395,none
2026-03-18T09:13:24,-107.016,278.176,,4.395,none
2026-03-18T09:13:25,-106.673,278.244,,4.395,none
2026-03-18T09:13:26,-106.329,278.312,,4.395,none
2026-03-18T09:13:27,-105.986,278.378,,4.395,none
2026-03-18T09:13:28,-105.642,278.443,,4.395,none
2026-03-18T09:13:29,-105.298,278.508,,4.395,none
2026-03-18T09:13:30,-104.954,278.571,,4.395,none
2026-03-18T09:13:31,-104.610,278.634,,4.395,none
2026-03-18T09:13:32,-104.265,278.695,,4.395,none
2026-03-18T09:13:33,-103.920,278.756,,4.395,none
2026-03-18T09:13:34,-103.575,278.815,,4.395,none
2026-03-18T09:13:35,-103.230,278.873,,4.395,none
2026-03-18T09:13:36,-102.885,278.931,,4.395,none
2026-03-18T09:13:37,-102.539,278.987,,4.395,none
2026-03-18T09:13:38,-102.194,279.043,,4.395,none
2026-03-18T09:13:39,-101.848,279.097,,4.395,none
2026-03-18T09:13:40,-101.502,279.151,,4.395,none
2026-03-18T09:13:41,-101.156,279.203,,4.395,none
2026-03-18T09:13:42,-100.810,279.254,,4.395,none
2026-03-18T09:13:43,-100.463,279.305,,4.395,none
2026-03-18T09:13:44,-100.117,279.354,,4.395,none
2026-03-18T09:13:45,-99.770,279.403,,4.395,none
2026-03-18T09:13:46,-99.424,279.450,,4.395,none
2026-03-18T09:13:47,-99.077,279.497,,4.395,none
2026-03-18T09:13:48,-98.730,279.542,,4.395,none
2026-03-18T09:13:49,-98.383,279.586,,4.395,none
2026-03-18T09:13:50,-98.035,279.630,,4.395,none
2026-03-18T09:13:51,-97.688,279.672,,4.395,none
2026-03-18T09:13:52,-97.340,279.714,,4.395,none
2026-03-18T09:13:53,-96.993,279.754,,4.395,none
2026-03-18T09:13:54,-96.645,279.793,,4.395,none
2026-03-18T09:13:55,-96.297,279.832,,4.395,none
2026-03-18T09:13:56,-95.949,279.869,,4.395,none
2026-03-18T09:13:57,-95.601,279.906,,4.395,none
2026-03-18T09:13:58,-95.253,279.941,,4.395,none
2026-03-18T09:13:59,-94.904,279.975,,4.395,none
2026-03-18T09:14:00,-94.556,280.009,,4.395,none
2026-03-18T09:14:01,-94.207,280.041,,4.395,none
2026-03-18T09:14:02,-93.859,280.072,,4.395,none
2026-03-18T09:14:03,-93.510,280.103,,4.395,none
2026-03-18T09:14:04,-93.161,280.132,,4.395,none
2026-03-18T09:14:05,-92.812,280.160,,4.395,none
2026-03-18T09:33:37,-38.456,1.045,,0.046,none
2026-03-18T09:33:38,-38.512,1.025,,0.000,none
2026-03-18T09:33:39,-38.521,1.023,,0.000,none
2026-03-18T09:33:40,-38.521,1.023,,0.000,none
2026-03-18T09:33:41,-38.810,0.952,,0.000,none
2026-03-18T09:33:42,-39.154,0.888,,0.000,none
2026-03-18T09:33:43,-39.502,0.849,,0.000,none
2026-03-18T09:33:44,-39.852,0.833,,0.000,none
2026-03-18T09:33:45,-40.202,0.835,,0.000,none
2026-03-18T09:33:46,-40.551,0.853,,0.000,none
2026-03-18T09:33:47,-40.900,0.885,,0.000,none
2026-03-18T09:33:48,-41.248,0.922,,0.000,none
2026-03-18T09:33:49,-41.595,0.964,,0.000,none
2026-03-18T09:33:50,-41.942,1.009,,0.000,none
2026-03-18T09:33:51,-42.288,1.061,,0.000,none
2026-03-18T09:33:52,-42.633,1.120,,0.000,none
2026-03-18T09:33:53,-42.977,1.186,,0.000,none
2026-03-18T09:33:54,-43.320,1.257,,0.000,none
2026-03-18T09:33:55,-43.662,1.332,,0.000,none
2026-03-18T09:33:56,-44.002,1.412,,0.000,none
2026-03-18T09:33:57,-44.341,1.498,,0.000,none
2026-03-18T09:33:58,-44.679,1.592,,0.000,none
2026-03-18T09:33:59,-45.014,1.693,,0.000,none
2026-03-18T09:34:00,-45.347,1.801,,0.000,none
2026-03-18T09:34:01,-45.678,1.916,,0.000,none
2026-03-18T09:34:02,-46.005,2.038,,0.000,none
2026-03-18T09:34:03,-46.330,2.170,,0.000,none
2026-03-18T09:34:04,-46.650,2.310,,0.000,none
2026-03-18T09:34:05,-46.967,2.458,,0.000,none
2026-03-18T09:34:06,-47.281,2.614,,0.000,none
2026-03-18T09:34:07,-47.591,2.776,,0.000,none
2026-03-18T09:34:08,-47.898,2.944,,0.000,none
2026-03-18T09:34:09,-48.201,3.119,,0.000,none
2026-03-18T09:34:10,-48.501,3.299,,0.000,none
2026-03-18T09:34:11,-48.796,3.488,,0.000,none
2026-03-18T09:34:12,-49.085,3.686,,0.000,none
2026-03-18T09:34:13,-49.368,3.891,,0.000,none
2026-03-18T09:34:14,-49.647,4.102,,0.000,none
2026-03-18T09:34:15,-49.922,4.318,,0.000,none
2026-03-18T09:34:16,-50.192,4.541,,0.000,none
2026-03-18T09:34:17,-50.456,4.771,,0.000,none
2026-03-18T09:34:18,-50.713,5.009,,0.000,none
2026-03-18T09:34:19,-50.966,5.251,,0.000,none
2026-03-18T09:34:20,-51.214,5.498,,0.000,none
2026-03-18T09:34:21,-51.459,5.748,,0.000,none
2026-03-18T09:34:22,-51.701,6.000,,0.000,none
2026-03-18T09:34:23,-51.941,6.256,,0.000,none
2026-03-18T09:34:24,-52.177,6.514,,0.000,none
2026-03-18T09:34:25,-52.410,6.775,,0.000,none
2026-03-18T09:34:26,-52.638,7.040,,0.000,none
2026-03-18T09:34:27,-52.863,7.309,,0.000,none
2026-03-18T09:34:28,-53.083,7.581,,0.000,none
2026-03-18T09:34:29,-53.299,7.856,,0.000,none
2026-03-18T09:34:30,-53.511,8.134,,0.000,none
2026-03-18T09:34:31,-53.720,8.416,,0.000,none
2026-03-18T09:34:32,-53.889,8.655,,0.000,none
2026-03-18T09:34:33,-53.944,8.764,,0.000,none
2026-03-18T09:34:34,-54.038,8.994,,0.000,none
2026-03-18T09:34:35,-54.167,9.243,,0.000,none
2026-03-18T09:34:36,-54.320,9.477,,0.000,none
2026-03-18T09:34:37,-54.496,9.694,,0.000,none
2026-03-18T09:34:38,-54.693,9.893,,0.000,none
2026-03-18T09:34:39,-54.909,10.072,,0.000,none
2026-03-18T09:34:40,-55.116,10.217,,0.000,none
2026-03-18T09:34:41,-55.137,10.242,,0.000,none
2026-03-18T09:34:42,-55.163,10.286,,0.000,none
2026-03-18T09:34:43,-55.163,10.286,,0.000,none
2026-03-18T09:34:44,-55.172,10.302,,0.000,none
2026-03-18T09:34:45,-55.262,10.495,,0.000,none
2026-03-18T09:34:46,-55.295,10.629,,0.000,none
2026-03-18T09:34:47,-55.361,10.901,,0.000,none
2026-03-18T09:34:48,-55.455,11.165,,0.000,none
2026-03-18T09:34:49,-55.574,11.418,,0.000,none
2026-03-18T09:34:50,-55.718,11.658,,0.000,none
2026-03-18T09:34:51,-55.885,11.882,,0.000,none
2026-03-18T09:34:52,-56.074,12.089,,0.000,none
2026-03-18T09:34:53,-56.283,12.276,,0.000,none
2026-03-18T09:34:54,-56.509,12.441,,0.000,none
2026-03-18T09:34:55,-56.750,12.582,,0.000,none
2026-03-18T09:34:56,-57.004,12.699,,0.000,none
2026-03-18T09:34:57,-57.244,12.788,,0.000,none
2026-03-18T09:34:58,-57.469,12.897,,0.000,none
2026-03-18T09:34:59,-57.672,13.027,,0.000,none
2026-03-18T09:35:00,-57.856,13.182,,0.000,none
2026-03-18T09:35:01,-58.024,13.354,,0.000,none
2026-03-18T09:35:02,-58.166,13.549,,0.000,none
2026-03-18T09:35:03,-58.276,13.751,,0.000,none
2026-03-18T09:35:04,-58.393,13.983,,0.000,none
2026-03-18T09:35:05,-58.472,14.150,,0.000,none
2026-03-18T09:35:06,-58.472,14.150,,0.000,none
2026-03-18T09:35:07,-58.464,14.205,,0.000,none
2026-03-18T09:35:08,-58.437,14.484,,0.000,none
2026-03-18T09:35:09,-58.438,14.764,,0.000,none
2026-03-18T09:35:10,-58.467,15.042,,0.000,none
2026-03-18T09:35:11,-58.523,15.316,,0.000,none
2026-03-18T09:35:12,-58.599,15.566,,0.000,none
2026-03-18T09:35:13,-58.666,15.807,,0.000,none
2026-03-18T09:35:14,-58.717,16.037,,0.000,none
2026-03-18T09:35:15,-58.753,16.255,,0.000,none
2026-03-18T09:35:16,-58.753,16.255,,0.000,none
2026-03-18T09:35:17,-58.723,16.334,,0.000,none
2026-03-18T09:35:18,-58.639,16.601,,0.000,none
2026-03-18T09:35:19,-58.583,16.875,,0.000,none
2026-03-18T09:35:20,-58.554,17.153,,0.000,none
2026-03-18T09:35:21,-58.553,17.433,,0.000,none
2026-03-18T09:35:22,-58.580,17.712,,0.000,none
2026-03-18T09:35:23,-58.625,17.963,,0.000,none
2026-03-18T09:35:24,-58.659,18.202,,0.000,none
2026-03-18T09:35:25,-58.683,18.441,,0.000,none
2026-03-18T09:35:26,-58.704,18.696,,0.000,none
2026-03-18T09:35:27,-58.713,18.783,,0.000,none
2026-03-18T09:35:28,-58.709,18.796,,0.000,none
2026-03-18T09:35:29,-58.630,19.065,,0.000,none
2026-03-18T09:35:30,-58.579,19.340,,0.000,none
2026-03-18T09:35:31,-58.555,19.619,,0.000,none
2026-03-18T09:35:32,-58.560,19.899,,0.000,none
2026-03-18T09:35:33,-58.592,20.177,,0.000,none
2026-03-18T09:35:34,-58.644,20.437,,0.000,none
2026-03-18T09:35:35,-58.688,20.674,,0.000,none
2026-03-18T09:35:36,-58.728,20.911,,0.000,none
2026-03-18T09:35:37,-58.763,21.144,,0.000,none
2026-03-18T09:35:38,-58.796,21.398,,0.000,none
2026-03-18T09:35:39,-58.824,21.646,,0.000,none
2026-03-18T09:35:40,-58.855,21.895,,0.000,none
2026-03-18T09:35:41,-58.881,22.134,,0.000,none
2026-03-18T09:35:42,-58.900,22.370,,0.000,none
2026-03-18T09:35:43,-58.919,22.624,,0.000,none
2026-03-18T09:35:44,-58.938,22.874,,0.000,none
2026-03-18T09:35:45,-58.954,23.119,,0.000,none
2026-03-18T09:35:46,-58.970,23.369,,0.000,none
2026-03-18T09:35:47,-58.986,23.624,,0.000,none
2026-03-18T09:35:48,-59.004,23.870,,0.000,none
2026-03-18T09:35:49,-59.017,24.134,,0.000,none
2026-03-18T09:35:50,-59.027,24.409,,0.000,none
2026-03-18T09:35:51,-59.034,24.633,,0.000,none
2026-03-18T09:35:52,-59.033,24.635,,0.000,none
2026-03-18T09:35:53,-58.995,24.693,,0.000,none
2026-03-18T09:35:54,-58.918,24.813,,0.000,none
2026-03-18T09:35:55,-58.918,24.813,,0.000,none
2026-03-18T09:35:56,-58.898,24.841,,0.000,none
2026-03-18T09:35:57,-58.687,25.121,,0.000,none
2026-03-18T09:35:58,-58.474,25.398,,0.000,none
2026-03-18T09:35:59,-58.292,25.643,,0.000,none
2026-03-18T09:36:00,-58.208,25.731,,0.000,none
2026-03-18T09:36:01,-58.030,25.882,,0.000,none
2026-03-18T09:36:02,-57.834,26.081,,0.000,none
2026-03-18T09:36:03,-57.658,26.298,,0.000,none
2026-03-18T09:36:04,-57.510,26.522,,0.000,none
2026-03-18T09:36:05,-57.492,26.565,,0.000,none
2026-03-18T09:36:06,-57.478,26.617,,0.000,none
2026-03-18T09:36:07,-57.478,26.617,,0.000,none
2026-03-18T09:36:08,-57.471,26.652,,0.000,none
2026-03-18T09:36:09,-57.404,26.995,,0.000,none
2026-03-18T09:36:10,-57.348,27.341,,0.000,none
2026-03-18T09:36:11,-57.300,27.687,,0.000,none
2026-03-18T09:36:12,-57.263,28.035,,0.000,none
2026-03-18T09:36:13,-57.238,28.384,,0.000,none
2026-03-18T09:36:14,-57.227,28.734,,0.000,none
2026-03-18T09:36:15,-57.231,29.084,,0.000,none
2026-03-18T09:36:16,-57.249,29.434,,0.000,none
2026-03-18T09:36:17,-57.283,29.782,,0.000,none
2026-03-18T09:36:18,-57.327,30.129,,0.000,none
2026-03-18T09:36:19,-57.381,30.475,,0.000,none
2026-03-18T09:36:20,-57.443,30.819,,0.000,none
2026-03-18T09:36:21,-57.501,31.095,,0.000,none
2026-03-18T09:36:22,-57.544,31.210,,0.000,none
2026-03-18T09:36:23,-57.670,31.433,,0.000,none
2026-03-18T09:36:24,-57.830,31.663,,0.000,none
2026-03-18T09:36:25,-58.012,31.875,,0.000,none
2026-03-18T09:36:26,-58.177,32.039,,0.000,none
2026-03-18T09:36:27,-58.206,32.080,,0.000,none
2026-03-18T09:36:28,-58.217,32.098,,0.000,none
2026-03-18T09:36:29,-58.217,32.098,,0.000,none
2026-03-18T09:36:30,-58.245,32.153,,0.000,none
2026-03-18T09:36:31,-58.374,32.401,,0.000,none
2026-03-18T09:36:32,-58.528,32.635,,0.000,none
2026-03-18T09:36:33,-58.704,32.853,,0.000,none
2026-03-18T09:36:34,-58.900,33.051,,0.000,none
2026-03-18T09:36:35,-59.116,33.230,,0.000,none
2026-03-18T09:36:36,-59.163,33.275,,0.000,none
2026-03-18T09:36:37,-59.187,33.319,,0.000,none
2026-03-18T09:36:38,-59.195,33.338,,0.000,none
2026-03-18T09:36:39,-59.195,33.338,,0.000,none
2026-03-18T09:36:40,-59.272,33.534,,0.000,none
2026-03-18T09:36:41,-59.398,33.860,,0.000,none
2026-03-18T09:36:42,-59.528,34.185,,0.000,none
2026-03-18T09:36:43,-59.664,34.508,,0.000,none
2026-03-18T09:36:44,-59.811,34.825,,0.000,none
2026-03-18T09:36:45,-59.970,35.137,,0.000,none
2026-03-18T09:36:46,-60.146,35.440,,0.000,none
2026-03-18T09:36:47,-60.337,35.733,,0.000,none
2026-03-18T09:36:48,-60.545,36.014,,0.000,none
2026-03-18T09:36:49,-60.766,36.286,,0.000,none
2026-03-18T09:36:50,-60.998,36.548,,0.000,none
2026-03-18T09:36:51,-61.240,36.801,,0.000,none
2026-03-18T09:36:52,-61.491,37.044,,0.000,none
2026-03-18T09:36:53,-61.752,37.278,,0.000,none
2026-03-18T09:36:54,-62.019,37.504,,0.000,none
2026-03-18T09:36:55,-62.291,37.724,,0.000,none
2026-03-18T09:36:56,-62.567,37.939,,0.000,none
2026-03-18T09:36:57,-62.846,38.150,,0.000,none
2026-03-18T09:36:58,-63.128,38.358,,0.000,none
2026-03-18T09:36:59,-63.412,38.562,,0.000,none
2026-03-18T09:37:00,-63.698,38.765,,0.000,none
2026-03-18T09:37:01,-63.984,38.966,,0.000,none
2026-03-18T09:37:02,-64.270,39.168,,0.000,none
2026-03-18T09:37:03,-64.556,39.369,,0.000,none
2026-03-18T09:37:04,-64.842,39.571,,0.000,none
2026-03-18T09:37:05,-65.128,39.773,,0.000,none
2026-03-18T09:37:06,-65.414,39.975,,0.000,none
2026-03-18T09:37:07,-65.699,40.177,,0.000,none
2026-03-18T09:37:08,-65.985,40.380,,0.000,none
2026-03-18T09:37:09,-66.271,40.582,,0.000,none
2026-03-18T09:37:10,-66.556,40.785,,0.000,none
2026-03-18T09:37:11,-66.842,40.987,,0.000,none
2026-03-18T09:37:12,-67.127,41.190,,0.000,none
2026-03-18T09:37:13,-67.412,41.392,,0.000,none
2026-03-18T09:37:14,-67.698,41.594,,0.000,none
2026-03-18T09:37:15,-67.984,41.796,,0.000,none
2026-03-18T09:37:16,-68.271,41.996,,0.000,none
2026-03-18T09:37:17,-68.559,42.196,,0.000,none
2026-03-18T09:37:18,-68.847,42.394,,0.000,none
2026-03-18T09:37:19,-69.137,42.591,,0.000,none
2026-03-18T09:37:20,-69.427,42.786,,0.000,none
2026-03-18T09:37:21,-69.719,42.980,,0.000,none
2026-03-18T09:37:22,-70.011,43.172,,0.000,none
2026-03-18T09:37:23,-70.305,43.362,,0.000,none
2026-03-18T09:37:24,-70.600,43.551,,0.000,none
2026-03-18T09:37:25,-70.895,43.738,,0.000,none
2026-03-18T09:37:26,-71.192,43.924,,0.000,none
2026-03-18T09:37:27,-71.490,44.108,,0.000,none
2026-03-18T09:37:28,-71.789,44.290,,0.000,none
2026-03-18T09:37:29,-72.088,44.471,,0.000,none
2026-03-18T09:37:30,-72.388,44.651,,0.000,none
2026-03-18T09:37:31,-72.689,44.831,,0.000,none
2026-03-18T09:37:32,-72.990,45.009,,0.000,none
2026-03-18T09:37:33,-73.291,45.188,,0.000,none
2026-03-18T09:37:34,-73.592,45.366,,0.000,none
2026-03-18T09:37:35,-73.894,45.544,,0.000,none
2026-03-18T09:37:36,-74.195,45.721,,0.000,none
2026-03-18T09:37:37,-74.497,45.899,,0.000,none
2026-03-18T09:37:38,-74.798,46.077,,0.000,none
2026-03-18T09:37:39,-75.099,46.255,,0.000,none
2026-03-18T09:37:40,-75.401,46.433,,0.000,none
2026-03-18T09:37:41,-75.702,46.611,,0.000,none
2026-03-18T09:37:42,-76.002,46.791,,0.000,none
2026-03-18T09:37:43,-76.299,46.977,,0.000,none
2026-03-18T09:37:44,-76.597,47.160,,0.000,none
2026-03-18T09:37:45,-76.896,47.342,,0.000,none
2026-03-18T09:37:46,-77.193,47.528,,0.000,none
2026-03-18T09:37:47,-77.491,47.710,,0.000,none
2026-03-18T09:37:48,-77.791,47.890,,0.000,none
2026-03-18T09:37:49,-78.093,48.068,,0.000,none
2026-03-18T09:37:50,-78.396,48.244,,0.000,none
2026-03-18T09:37:51,-78.699,48.418,,0.000,none
2026-03-18T09:37:52,-79.004,48.590,,0.000,none
2026-03-18T09:37:53,-79.309,48.761,,0.000,none
2026-03-18T09:37:54,-79.615,48.931,,0.000,none
2026-03-18T09:37:55,-79.921,49.101,,0.000,none
2026-03-18T09:37:56,-80.228,49.270,,0.000,none
2026-03-18T09:37:57,-80.534,49.439,,0.000,none
2026-03-18T09:37:58,-80.841,49.608,,0.000,none
2026-03-18T09:37:59,-81.148,49.776,,0.000,none
2026-03-18T09:38:00,-81.455,49.945,,0.000,none
2026-03-18T09:38:01,-81.761,50.113,,0.000,none
2026-03-18T09:38:02,-82.068,50.282,,0.000,none
2026-03-18T09:38:03,-82.374,50.452,,0.000,none
2026-03-18T09:38:04,-82.679,50.624,,0.000,none
2026-03-18T09:38:05,-82.983,50.796,,0.000,none
2026-03-18T09:38:06,-83.287,50.970,,0.000,none
2026-03-18T09:38:07,-83.590,51.145,,0.000,none
2026-03-18T09:38:08,-83.892,51.322,,0.000,none
2026-03-18T09:38:09,-84.193,51.500,,0.000,none
2026-03-18T09:38:10,-84.492,51.683,,0.000,none
2026-03-18T09:38:11,-84.784,51.875,,0.000,none
2026-03-18T09:38:12,-85.075,52.070,,0.000,none
2026-03-18T09:38:13,-85.363,52.269,,0.000,none
2026-03-18T09:38:14,-85.650,52.470,,0.000,none
2026-03-18T09:38:15,-85.936,52.672,,0.000,none
2026-03-18T09:38:16,-86.220,52.875,,0.000,none
2026-03-18T09:38:17,-86.503,53.082,,0.000,none
2026-03-18T09:38:18,-86.784,53.290,,0.000,none
2026-03-18T09:38:19,-87.063,53.502,,0.000,none
2026-03-18T09:38:20,-87.338,53.718,,0.000,none
2026-03-18T09:38:21,-87.611,53.937,,0.000,none
2026-03-18T09:38:22,-87.881,54.160,,0.000,none
2026-03-18T09:38:23,-88.146,54.388,,0.000,none
2026-03-18T09:38:24,-88.409,54.620,,0.000,none
2026-03-18T09:38:25,-88.669,54.854,,0.000,none
2026-03-18T09:38:26,-88.927,55.090,,0.000,none
2026-03-18T09:38:27,-89.183,55.329,,0.000,none
2026-03-18T09:38:28,-89.436,55.571,,0.000,none
2026-03-18T09:38:29,-89.685,55.817,,0.000,none
2026-03-18T09:38:30,-89.933,56.064,,0.000,none
2026-03-18T09:38:31,-90.177,56.315,,0.000,none
2026-03-18T09:38:32,-90.418,56.568,,0.000,none
2026-03-18T09:38:33,-90.657,56.824,,0.000,none
2026-03-18T09:38:34,-90.890,57.085,,0.000,none
2026-03-18T09:38:35,-91.115,57.354,,0.000,none
2026-03-18T09:38:36,-91.328,57.631,,0.000,none
2026-03-18T09:38:37,-91.506,57.864,,0.000,none
2026-03-18T09:38:38,-91.602,57.957,,0.000,none
2026-03-18T09:38:39,-91.704,58.060,,0.000,none
2026-03-18T09:38:40,-91.815,58.218,,0.000,none
2026-03-18T09:38:41,-91.991,58.436,,0.000,none
2026-03-18T09:38:42,-92.188,58.635,,0.000,none
2026-03-18T09:38:43,-92.404,58.813,,0.000,none
2026-03-18T09:38:44,-92.636,58.969,,0.000,none
2026-03-18T09:38:45,-92.883,59.101,,0.000,none
2026-03-18T09:38:46,-93.142,59.208,,0.000,none
2026-03-18T09:38:47,-93.410,59.288,,0.000,none
2026-03-18T09:38:48,-93.685,59.341,,0.000,none
2026-03-18T09:38:49,-93.964,59.367,,0.000,none
2026-03-18T09:38:50,-94.141,59.395,,0.000,none
2026-03-18T09:38:51,-94.338,59.458,,0.000,none
2026-03-18T09:38:52,-94.503,59.549,,0.000,none
2026-03-18T09:38:53,-94.651,59.671,,0.000,none
2026-03-18T09:38:54,-94.789,59.836,,0.000,none
2026-03-18T09:38:55,-94.818,59.883,,0.000,none
2026-03-18T09:38:56,-94.821,59.911,,0.000,none
2026-03-18T09:38:57,-94.858,60.175,,0.000,none
2026-03-18T09:38:58,-94.858,60.179,,0.000,none
2026-03-18T09:38:59,-94.834,60.245,,0.000,none
2026-03-18T09:39:00,-94.778,60.411,,0.000,none
2026-03-18T09:39:01,-94.778,60.411,,0.000,none
2026-03-18T09:39:02,-94.744,60.510,,0.000,none
2026-03-18T09:39:03,-94.630,60.841,,0.000,none
2026-03-18T09:39:04,-94.560,61.030,,0.000,none
2026-03-18T09:39:05,-94.480,61.162,,0.000,none
2026-03-18T09:39:06,-94.366,61.356,,0.000,none
2026-03-18T09:39:07,-94.363,61.362,,0.000,none
2026-03-18T09:39:08,-94.363,61.362,,0.000,none
2026-03-18T09:39:09,-94.239,61.632,,0.000,none
2026-03-18T09:39:10,-94.119,61.961,,0.000,none
2026-03-18T09:39:11,-94.029,62.299,,0.000,none
2026-03-18T09:39:12,-93.970,62.644,,0.000,none
2026-03-18T09:39:13,-93.944,62.992,,0.000,none
2026-03-18T09:39:14,-93.946,63.342,,0.000,none
2026-03-18T09:39:15,-93.976,63.691,,0.000,none
2026-03-18T09:39:16,-94.017,64.039,,0.000,none
2026-03-18T09:39:17,-94.057,64.386,,0.000,none
2026-03-18T09:39:18,-94.097,64.734,,0.000,none
2026-03-18T09:39:19,-94.135,65.082,,0.000,none
2026-03-18T09:39:20,-94.171,65.430,,0.000,none
2026-03-18T09:39:21,-94.201,65.779,,0.000,none
2026-03-18T09:39:22,-94.226,66.128,,0.000,none
2026-03-18T09:39:23,-94.246,66.477,,0.000,none
2026-03-18T09:39:24,-94.261,66.827,,0.000,none
2026-03-18T09:39:25,-94.270,67.177,,0.000,none
2026-03-18T09:39:26,-94.274,67.527,,0.000,none
2026-03-18T09:39:27,-94.273,67.877,,0.000,none
2026-03-18T09:39:28,-94.267,68.227,,0.000,none
2026-03-18T09:39:29,-94.257,68.577,,0.000,none
2026-03-18T09:39:30,-94.244,68.926,,0.000,none
2026-03-18T09:39:31,-94.229,69.276,,0.000,none
2026-03-18T09:39:32,-94.211,69.626,,0.000,none
2026-03-18T09:39:33,-94.192,69.975,,0.000,none
2026-03-18T09:39:34,-94.172,70.324,,0.000,none
2026-03-18T09:39:35,-94.151,70.674,,0.000,none
2026-03-18T09:39:36,-94.129,71.023,,0.000,none
2026-03-18T09:39:37,-94.108,71.373,,0.000,none
2026-03-18T09:39:38,-94.089,71.722,,0.000,none
2026-03-18T09:39:39,-94.070,72.071,,0.000,none
2026-03-18T09:39:40,-94.052,72.421,,0.000,none
2026-03-18T09:39:41,-94.037,72.771,,0.000,none
2026-03-18T09:39:42,-94.023,73.120,,0.000,none
2026-03-18T09:39:43,-94.010,73.470,,0.000,none
2026-03-18T09:39:44,-93.999,73.820,,0.000,none
2026-03-18T09:39:45,-93.989,74.170,,0.000,none
2026-03-18T09:39:46,-93.981,74.520,,0.000,none
2026-03-18T09:39:47,-93.974,74.870,,0.000,none
2026-03-18T09:39:48,-93.967,75.220,,0.000,none
2026-03-18T09:39:49,-93.962,75.570,,0.000,none
2026-03-18T09:39:50,-93.956,75.920,,0.000,none
2026-03-18T09:39:51,-93.951,76.270,,0.000,none
2026-03-18T09:39:52,-93.946,76.619,,0.000,none
2026-03-18T09:39:53,-93.940,76.969,,0.000,none
2026-03-18T09:39:54,-93.934,77.319,,0.000,none
2026-03-18T09:39:55,-93.928,77.669,,0.000,none
2026-03-18T09:39:56,-93.921,78.019,,0.000,none
2026-03-18T09:39:57,-93.913,78.369,,0.000,none
2026-03-18T09:39:58,-93.905,78.719,,0.000,none
2026-03-18T09:39:59,-93.897,79.069,,0.000,none
2026-03-18T09:40:00,-93.888,79.419,,0.000,none
2026-03-18T09:40:01,-93.879,79.769,,0.000,none
2026-03-18T09:40:02,-93.869,80.119,,0.000,none
2026-03-18T09:40:03,-93.859,80.468,,0.000,none
2026-03-18T09:40:04,-93.849,80.818,,0.000,none
2026-03-18T09:40:05,-93.840,81.168,,0.000,none
2026-03-18T09:40:06,-93.832,81.518,,0.000,none
2026-03-18T09:40:07,-93.824,81.868,,0.000,none
2026-03-18T09:40:08,-93.817,82.218,,0.000,none
2026-03-18T09:40:09,-93.811,82.568,,0.000,none
2026-03-18T09:40:10,-93.807,82.918,,0.000,none
2026-03-18T09:40:11,-93.802,83.268,,0.000,none
2026-03-18T09:40:12,-93.798,83.618,,0.000,none
2026-03-18T09:40:13,-93.795,83.968,,0.000,none
2026-03-18T09:40:14,-93.794,84.318,,0.000,none
2026-03-18T09:40:15,-93.793,84.668,,0.000,none
2026-03-18T09:40:16,-93.795,85.018,,0.000,none
2026-03-18T09:40:17,-93.796,85.368,,0.000,none
2026-03-18T09:40:18,-93.798,85.718,,0.000,none
2026-03-18T09:40:19,-93.800,86.068,,0.000,none
2026-03-18T09:40:20,-93.802,86.418,,0.000,none
2026-03-18T09:40:21,-93.804,86.768,,0.000,none
2026-03-18T09:40:22,-93.805,87.118,,0.000,none
2026-03-18T09:40:23,-93.805,87.468,,0.000,none
2026-03-18T09:40:24,-93.805,87.818,,0.000,none
2026-03-18T09:40:25,-93.806,88.168,,0.000,none
2026-03-18T09:40:26,-93.805,88.518,,0.000,none
2026-03-18T09:40:27,-93.803,88.868,,0.000,none
2026-03-18T09:40:28,-93.800,89.218,,0.000,none
2026-03-18T09:40:29,-93.796,89.568,,0.000,none
2026-03-18T09:40:30,-93.791,89.918,,0.000,none
2026-03-18T09:40:31,-93.787,90.268,,0.000,none
2026-03-18T09:40:32,-93.785,90.618,,0.000,none
2026-03-18T09:40:33,-93.785,90.968,,0.000,none
2026-03-18T09:40:34,-93.785,91.318,,0.000,none
2026-03-18T09:40:35,-93.787,91.668,,0.000,none
2026-03-18T09:40:36,-93.792,92.018,,0.000,none
2026-03-18T09:40:37,-93.804,92.367,,0.000,none
2026-03-18T09:40:38,-93.820,92.717,,0.000,none
2026-03-18T09:40:39,-93.839,93.066,,0.000,none
2026-03-18T09:40:40,-93.863,93.416,,0.000,none
2026-03-18T09:40:41,-93.892,93.765,,0.000,none
2026-03-18T09:40:42,-93.926,94.113,,0.000,none
2026-03-18T09:40:43,-93.967,94.460,,0.000,none
2026-03-18T09:40:44,-94.020,94.806,,0.000,none
2026-03-18T09:40:45,-94.084,95.150,,0.000,none
2026-03-18T09:40:46,-94.159,95.492,,0.000,none
2026-03-18T09:40:47,-94.245,95.832,,0.000,none
2026-03-18T09:40:48,-94.342,96.168,,0.000,none
2026-03-18T09:40:49,-94.449,96.501,,0.000,none
2026-03-18T09:40:50,-94.569,96.830,,0.000,none
2026-03-18T09:40:51,-94.703,97.153,,0.000,none
2026-03-18T09:40:52,-94.849,97.471,,0.000,none
2026-03-18T09:40:53,-95.006,97.784,,0.000,none
2026-03-18T09:40:54,-95.173,98.091,,0.000,none
2026-03-18T09:40:55,-95.350,98.393,,0.000,none
2026-03-18T09:40:56,-95.538,98.689,,0.000,none
2026-03-18T09:40:57,-95.743,98.972,,0.000,none
2026-03-18T09:40:58,-95.965,99.243,,0.000,none
2026-03-18T09:40:59,-96.197,99.505,,0.000,none
2026-03-18T09:41:00,-96.436,99.761,,0.000,none
2026-03-18T09:41:01,-96.679,100.013,,0.000,none
2026-03-18T09:41:02,-96.926,100.260,,0.000,none
2026-03-18T09:41:03,-97.178,100.503,,0.000,none
2026-03-18T09:41:04,-97.434,100.742,,0.000,none
2026-03-18T09:41:05,-97.693,100.978,,0.000,none
2026-03-18T09:41:06,-97.954,101.211,,0.000,none
2026-03-18T09:41:07,-98.215,101.443,,0.000,none
2026-03-18T09:41:08,-98.478,101.674,,0.000,none
2026-03-18T09:41:09,-98.742,101.904,,0.000,none
2026-03-18T09:41:10,-99.008,102.132,,0.000,none
2026-03-18T09:41:11,-99.274,102.359,,0.000,none
2026-03-18T09:41:12,-99.541,102.586,,0.000,none
2026-03-18T09:41:13,-99.807,102.813,,0.000,none
2026-03-18T09:41:14,-100.075,103.039,,0.000,none
2026-03-18T09:41:15,-100.343,103.264,,0.000,none
2026-03-18T09:41:16,-100.611,103.489,,0.000,none
2026-03-18T09:41:17,-100.879,103.713,,0.000,none
2026-03-18T09:41:18,-101.148,103.938,,0.000,none
2026-03-18T09:41:19,-101.417,104.162,,0.000,none
2026-03-18T09:41:20,-101.685,104.387,,0.000,none
2026-03-18T09:41:21,-101.953,104.612,,0.000,none
2026-03-18T09:41:22,-102.220,104.838,,0.000,none
2026-03-18T09:41:23,-102.487,105.064,,0.000,none
2026-03-18T09:41:24,-102.754,105.291,,0.000,none
2026-03-18T09:41:25,-103.021,105.517,,0.000,none
2026-03-18T09:41:26,-103.288,105.743,,0.000,none
2026-03-18T09:41:27,-103.557,105.967,,0.000,none
2026-03-18T09:41:28,-103.827,106.190,,0.000,none
2026-03-18T09:41:29,-104.099,106.411,,0.000,none
2026-03-18T09:41:30,-104.373,106.628,,0.000,none
2026-03-18T09:41:31,-104.650,106.842,,0.000,none
2026-03-18T09:41:32,-104.817,106.975,,0.000,none
2026-03-18T09:41:33,-104.908,107.079,,0.000,none
2026-03-18T09:41:34,-105.092,107.290,,0.000,none
2026-03-18T09:41:35,-105.296,107.481,,0.000,none
2026-03-18T09:41:36,-105.518,107.652,,0.000,none
2026-03-18T09:41:37,-105.756,107.799,,0.000,none
2026-03-18T09:41:38,-106.007,107.921,,0.000,none
2026-03-18T09:41:39,-106.270,108.018,,0.000,none
2026-03-18T09:41:40,-106.541,108.089,,0.000,none
2026-03-18T09:41:41,-106.817,108.133,,0.000,none
2026-03-18T09:41:42,-106.845,108.138,,0.000,none
2026-03-18T09:41:43,-106.885,108.162,,0.000,none
2026-03-18T09:41:44,-106.913,108.184,,0.000,none
2026-03-18T09:41:45,-106.913,108.184,,0.000,none
2026-03-18T09:41:46,-106.918,108.193,,0.000,none
2026-03-18T09:41:47,-106.973,108.236,,0.000,none
2026-03-18T09:41:48,-107.205,108.393,,0.000,none
2026-03-18T09:41:49,-107.451,108.526,,0.000,none
2026-03-18T09:41:50,-107.709,108.634,,0.000,none
2026-03-18T09:41:51,-107.930,108.706,,0.000,none
2026-03-18T09:41:52,-107.951,108.716,,0.000,none
2026-03-18T09:41:53,-107.961,108.726,,0.000,none
2026-03-18T09:41:54,-108.162,108.921,,0.000,none
2026-03-18T09:41:55,-108.381,109.095,,0.000,none
2026-03-18T09:41:56,-108.617,109.246,,0.000,none
2026-03-18T09:41:57,-108.866,109.373,,0.000,none
2026-03-18T09:41:58,-109.127,109.474,,0.000,none
2026-03-18T09:41:59,-109.397,109.548,,0.000,none
2026-03-18T09:42:00,-109.672,109.598,,0.000,none
2026-03-18T09:42:01,-109.708,109.606,,0.000,none
2026-03-18T09:42:02,-109.748,109.631,,0.000,none
2026-03-18T09:42:03,-109.779,109.657,,0.000,none
2026-03-18T09:42:04,-109.779,109.657,,0.000,none
2026-03-18T09:42:05,-109.844,109.715,,0.000,none
2026-03-18T09:42:06,-109.954,109.826,,0.000,none
2026-03-18T09:42:07,-110.060,109.979,,0.000,none
2026-03-18T09:42:08,-110.233,110.198,,0.000,none
2026-03-18T09:42:09,-110.427,110.400,,0.000,none
2026-03-18T09:42:10,-110.641,110.581,,0.000,none
2026-03-18T09:42:11,-110.871,110.740,,0.000,none
2026-03-18T09:42:12,-111.116,110.876,,0.000,none
2026-03-18T09:42:13,-111.373,110.986,,0.000,none
2026-03-18T09:42:14,-111.640,111.070,,0.000,none
2026-03-18T09:42:15,-111.914,111.126,,0.000,none
2026-03-18T09:42:16,-112.026,111.145,,0.000,none
2026-03-18T09:42:17,-112.026,111.145,,0.000,none
2026-03-18T09:42:18,-112.263,111.293,,0.000,none
2026-03-18T09:42:19,-112.456,111.394,,0.000,none
2026-03-18T09:42:20,-112.456,111.394,,0.000,none
2026-03-18T09:42:21,-112.564,111.523,,0.000,none
2026-03-18T09:42:22,-112.760,111.722,,0.000,none
2026-03-18T09:42:23,-112.975,111.901,,0.000,none
2026-03-18T09:42:24,-113.207,112.057,,0.000,none
2026-03-18T09:42:25,-113.454,112.190,,0.000,none
2026-03-18T09:42:26,-113.713,112.297,,0.000,none
2026-03-18T09:42:27,-113.914,112.363,,0.000,none
2026-03-18T09:42:28,-113.922,112.370,,0.000,none
2026-03-18T09:42:29,-113.932,112.378,,0.000,none
2026-03-18T09:42:30,-113.965,112.440,,0.000,none
2026-03-18T09:42:31,-114.112,112.679,,0.000,none
2026-03-18T09:42:32,-114.282,112.901,,0.000,none
2026-03-18T09:42:33,-114.473,113.106,,0.000,none
2026-03-18T09:42:34,-114.683,113.290,,0.000,none
2026-03-18T09:42:35,-114.911,113.452,,0.000,none
2026-03-18T09:42:36,-115.154,113.591,,0.000,none
2026-03-18T09:42:37,-115.410,113.705,,0.000,none
2026-03-18T09:42:38,-115.675,113.793,,0.000,none
2026-03-18T09:42:39,-115.730,113.811,,0.000,none
2026-03-18T09:42:40,-115.750,113.831,,0.000,none
2026-03-18T09:42:41,-115.961,114.015,,0.000,none
2026-03-18T09:42:42,-116.189,114.177,,0.000,none
2026-03-18T09:42:43,-116.432,114.316,,0.000,none
2026-03-18T09:42:44,-116.688,114.430,,0.000,none
2026-03-18T09:42:45,-116.767,114.464,,0.000,none
2026-03-18T09:42:46,-116.788,114.485,,0.000,none
2026-03-18T09:42:47,-116.811,114.515,,0.000,none
2026-03-18T09:42:48,-116.811,114.515,,0.000,none
2026-03-18T09:42:49,-116.875,114.744,,0.000,none
2026-03-18T09:42:50,-116.975,115.006,,0.000,none
2026-03-18T09:42:51,-117.102,115.255,,0.000,none
2026-03-18T09:42:52,-117.252,115.491,,0.000,none
2026-03-18T09:42:53,-117.425,115.711,,0.000,none
2026-03-18T09:42:54,-117.619,115.913,,0.000,none
2026-03-18T09:42:55,-117.833,116.094,,0.000,none
2026-03-18T09:42:56,-118.063,116.253,,0.000,none
2026-03-18T09:42:57,-118.308,116.388,,0.000,none
2026-03-18T09:42:58,-118.561,116.508,,0.000,none
2026-03-18T09:42:59,-118.694,116.567,,0.000,none
2026-03-18T09:43:00,-118.701,116.573,,0.000,none
2026-03-18T09:43:01,-118.733,116.635,,0.000,none
2026-03-18T09:43:02,-118.878,116.874,,0.000,none
2026-03-18T09:43:03,-119.046,117.098,,0.000,none
2026-03-18T09:43:04,-119.235,117.304,,0.000,none
2026-03-18T09:43:05,-119.444,117.490,,0.000,none
2026-03-18T09:43:06,-119.671,117.655,,0.000,none
2026-03-18T09:43:07,-119.913,117.795,,0.000,none
2026-03-18T09:43:08,-120.163,117.910,,0.000,none
2026-03-18T09:43:09,-120.363,118.004,,0.000,none
2026-03-18T09:43:10,-120.538,118.122,,0.000,none
2026-03-18T09:43:11,-120.552,118.134,,0.000,none
2026-03-18T09:43:12,-120.562,118.160,,0.000,none
2026-03-18T09:43:13,-120.678,118.415,,0.000,none
2026-03-18T09:43:14,-120.818,118.657,,0.000,none
2026-03-18T09:43:15,-120.982,118.884,,0.000,none
2026-03-18T09:43:16,-121.151,119.082,,0.000,none
2026-03-18T09:43:17,-121.325,119.295,,0.000,none
2026-03-18T09:43:18,-121.469,119.488,,0.000,none
2026-03-18T09:43:19,-121.621,119.711,,0.000,none
2026-03-18T09:43:20,-121.766,119.922,,0.000,none
2026-03-18T09:43:21,-121.767,119.927,,0.000,none
2026-03-18T09:43:22,-121.768,119.959,,0.000,none
2026-03-18T09:43:23,-121.757,120.008,,0.000,none
2026-03-18T09:43:24,-121.746,120.040,,0.000,none
2026-03-18T09:43:25,-121.746,120.040,,0.000,none
2026-03-18T09:43:26,-121.692,120.188,,0.000,none
2026-03-18T09:43:27,-121.603,120.419,,0.000,none
2026-03-18T09:43:28,-121.540,120.524,,0.000,none
2026-03-18T09:43:29,-121.390,120.760,,0.000,none
2026-03-18T09:43:30,-121.264,121.010,,0.000,none
2026-03-18T09:43:31,-121.164,121.271,,0.000,none
2026-03-18T09:43:32,-121.090,121.541,,0.000,none
2026-03-18T09:43:33,-121.043,121.817,,0.000,none
2026-03-18T09:43:34,-121.025,122.096,,0.000,none
2026-03-18T09:43:35,-121.034,122.376,,0.000,none
2026-03-18T09:43:36,-121.071,122.654,,0.000,none
2026-03-18T09:43:37,-121.136,122.926,,0.000,none
2026-03-18T09:43:38,-121.227,123.190,,0.000,none
2026-03-18T09:43:39,-121.345,123.444,,0.000,none
2026-03-18T09:43:40,-121.487,123.685,,0.000,none
2026-03-18T09:43:41,-121.638,123.897,,0.000,none
2026-03-18T09:43:42,-121.679,123.959,,0.000,none
2026-03-18T09:43:43,-121.683,123.986,,0.000,none
2026-03-18T09:43:44,-121.740,124.260,,0.000,none
2026-03-18T09:43:45,-121.820,124.529,,0.000,none
2026-03-18T09:43:46,-121.820,124.529,,0.000,none
2026-03-18T09:43:47,-121.807,124.654,,0.000,none
2026-03-18T09:43:48,-121.794,124.933,,0.000,none
2026-03-18T09:43:49,-121.797,125.213,,0.000,none
2026-03-18T09:43:50,-121.803,125.301,,0.000,none
2026-03-18T09:43:51,-121.803,125.301,,0.000,none
2026-03-18T09:43:52,-121.814,125.511,,0.000,none
2026-03-18T09:43:53,-121.833,125.860,,0.000,none
2026-03-18T09:43:54,-121.854,126.210,,0.000,none
2026-03-18T09:43:55,-121.881,126.559,,0.000,none
2026-03-18T09:43:56,-121.917,126.907,,0.000,none
2026-03-18T09:43:57,-121.955,127.209,,0.000,none
2026-03-18T09:43:58,-121.980,127.371,,0.000,none
2026-03-18T09:43:59,-121.980,127.371,,0.000,none
2026-03-18T09:44:00,-121.991,127.458,,0.000,none
2026-03-18T09:44:01,-122.028,127.783,,0.000,none
2026-03-18T09:44:02,-122.046,127.929,,0.000,none
2026-03-18T09:44:03,-122.046,127.929,,0.000,none
2026-03-18T09:44:04,-122.054,128.034,,0.000,none
2026-03-18T09:44:05,-122.078,128.267,,0.000,none
2026-03-18T09:44:06,-122.079,128.284,,0.000,none
2026-03-18T09:44:07,-122.079,128.284,,0.000,none
2026-03-18T09:44:08,-122.090,128.442,,0.000,none
2026-03-18T09:44:09,-122.091,128.452,,0.000,none
2026-03-18T09:44:10,-122.091,128.452,,0.000,none
2026-03-18T09:44:11,-122.097,128.634,,0.000,none
2026-03-18T09:44:12,-122.099,128.670,,0.000,none
2026-03-18T09:44:13,-122.099,128.670,,0.000,none
2026-03-18T09:44:14,-122.106,128.846,,0.000,none
2026-03-18T09:44:15,-122.131,129.069,,0.000,none
2026-03-18T09:44:16,-122.186,129.322,,0.000,none
2026-03-18T09:44:17,-122.259,129.582,,0.000,none
2026-03-18T09:44:18,-122.373,129.913,,0.000,none
2026-03-18T09:44:19,-122.492,130.243,,0.000,none
2026-03-18T09:44:20,-122.615,130.570,,0.000,none
2026-03-18T09:44:21,-122.743,130.896,,0.000,none
2026-03-18T09:44:22,-122.875,131.220,,0.000,none
2026-03-18T09:44:23,-123.010,131.543,,0.000,none
2026-03-18T09:44:24,-123.149,131.865,,0.000,none
2026-03-18T09:44:25,-123.290,132.185,,0.000,none
2026-03-18T09:44:26,-123.434,132.504,,0.000,none
2026-03-18T09:44:27,-123.580,132.822,,0.000,none
2026-03-18T09:44:28,-123.729,133.138,,0.000,none
2026-03-18T09:44:29,-123.881,133.454,,0.000,none
2026-03-18T09:44:30,-124.034,133.768,,0.000,none
2026-03-18T09:44:31,-124.191,134.081,,0.000,none
2026-03-18T09:44:32,-124.350,134.393,,0.000,none
2026-03-18T09:44:33,-124.511,134.704,,0.000,none
2026-03-18T09:44:34,-124.674,135.014,,0.000,none
2026-03-18T09:44:35,-124.840,135.322,,0.000,none
2026-03-18T09:44:36,-125.009,135.628,,0.000,none
2026-03-18T09:44:37,-125.179,135.934,,0.000,none
2026-03-18T09:44:38,-125.351,136.239,,0.000,none
2026-03-18T09:44:39,-125.525,136.543,,0.000,none
2026-03-18T09:44:40,-125.700,136.846,,0.000,none
2026-03-18T09:44:41,-125.877,137.148,,0.000,none
2026-03-18T09:44:42,-126.055,137.449,,0.000,none
2026-03-18T09:44:43,-126.235,137.749,,0.000,none
2026-03-18T09:44:44,-126.416,138.049,,0.000,none
2026-03-18T09:44:45,-126.599,138.347,,0.000,none
2026-03-18T09:44:46,-126.783,138.645,,0.000,none
2026-03-18T09:44:47,-126.969,138.941,,0.000,none
2026-03-18T09:44:48,-127.157,139.237,,0.000,none
2026-03-18T09:44:49,-127.345,139.532,,0.000,none
2026-03-18T09:44:50,-127.535,139.825,,0.000,none
2026-03-18T09:44:51,-127.727,140.118,,0.000,none
2026-03-18T09:44:52,-127.920,140.410,,0.000,none
2026-03-18T09:44:53,-128.115,140.701,,0.000,none
2026-03-18T09:44:54,-128.311,140.991,,0.000,none
2026-03-18T09:44:55,-128.509,141.280,,0.000,none
2026-03-18T09:44:56,-128.708,141.568,,0.000,none
2026-03-18T09:44:57,-128.908,141.855,,0.000,none
2026-03-18T09:44:58,-129.110,142.141,,0.000,none
2026-03-18T09:44:59,-129.312,142.426,,0.000,none
2026-03-18T09:45:00,-129.516,142.711,,0.000,none
2026-03-18T09:45:01,-129.721,142.995,,0.000,none
2026-03-18T09:45:02,-129.926,143.278,,0.000,none
2026-03-18T09:45:03,-130.132,143.561,,0.000,none
2026-03-18T09:45:04,-130.339,143.843,,0.000,none
2026-03-18T09:45:05,-130.547,144.125,,0.000,none
2026-03-18T09:45:06,-130.756,144.406,,0.000,none
2026-03-18T09:45:07,-130.965,144.686,,0.000,none
2026-03-18T09:45:08,-131.175,144.967,,0.000,none
2026-03-18T09:45:09,-131.385,145.246,,0.000,none
2026-03-18T09:45:10,-131.597,145.525,,0.000,none
2026-03-18T09:45:11,-131.808,145.804,,0.000,none
2026-03-18T09:45:12,-132.020,146.082,,0.000,none
2026-03-18T09:45:13,-132.233,146.360,,0.000,none
2026-03-18T09:45:14,-132.447,146.638,,0.000,none
2026-03-18T09:45:15,-132.660,146.915,,0.000,none
2026-03-18T09:45:16,-132.874,147.192,,0.000,none
2026-03-18T09:45:17,-133.089,147.468,,0.000,none
2026-03-18T09:45:18,-133.304,147.744,,0.000,none
2026-03-18T09:45:19,-133.520,148.020,,0.000,none
2026-03-18T09:45:20,-133.736,148.295,,0.000,none
2026-03-18T09:45:21,-133.952,148.570,,0.000,none
2026-03-18T09:45:22,-134.169,148.845,,0.000,none
2026-03-18T09:45:23,-134.387,149.119,,0.000,none
2026-03-18T09:45:24,-134.604,149.393,,0.000,none
2026-03-18T09:45:25,-134.823,149.667,,0.000,none
2026-03-18T09:45:26,-135.041,149.940,,0.000,none
2026-03-18T09:45:27,-135.261,150.213,,0.000,none
2026-03-18T09:45:28,-135.480,150.485,,0.000,none
2026-03-18T09:45:29,-135.700,150.758,,0.000,none
2026-03-18T09:45:30,-135.921,151.029,,0.000,none
2026-03-18T09:45:31,-136.142,151.301,,0.000,none
2026-03-18T09:45:32,-136.363,151.572,,0.000,none
2026-03-18T09:45:33,-136.585,151.843,,0.000,none
2026-03-18T09:45:34,-136.807,152.113,,0.000,none
2026-03-18T09:56:11,-38.438,1.053,,0.066,none
2026-03-18T09:56:12,-38.485,1.034,,0.016,none
2026-03-18T09:56:13,-38.485,1.034,,0.016,none
2026-03-18T09:56:14,-38.600,0.993,,0.000,none
2026-03-18T09:56:15,-38.934,0.887,,0.000,none
2026-03-18T09:56:16,-39.273,0.800,,0.000,none
2026-03-18T09:56:17,-39.617,0.738,,0.000,none
2026-03-18T09:56:18,-39.965,0.698,,0.000,none
2026-03-18T09:56:19,-40.314,0.678,,0.000,none
2026-03-18T09:56:20,-40.664,0.676,,0.000,none
2026-03-18T09:56:21,-41.014,0.688,,0.000,none
2026-03-18T09:56:22,-41.363,0.713,,0.000,none
2026-03-18T09:56:23,-41.712,0.744,,0.000,none
2026-03-18T09:56:24,-42.060,0.779,,0.000,none
2026-03-18T09:56:25,-42.408,0.817,,0.000,none
2026-03-18T09:56:26,-42.755,0.863,,0.000,none
2026-03-18T09:56:27,-43.101,0.914,,0.000,none
2026-03-18T09:56:28,-43.446,0.972,,0.000,none
2026-03-18T09:56:29,-43.790,1.037,,0.000,none
2026-03-18T09:56:30,-44.133,1.106,,0.000,none
2026-03-18T09:56:31,-44.475,1.180,,0.000,none
2026-03-18T09:56:32,-44.816,1.258,,0.000,none
2026-03-18T09:56:33,-45.156,1.344,,0.000,none
2026-03-18T09:56:34,-45.493,1.436,,0.000,none
2026-03-18T09:56:35,-45.829,1.536,,0.000,none
2026-03-18T09:56:36,-46.162,1.642,,0.000,none
2026-03-18T09:56:37,-46.493,1.756,,0.000,none
2026-03-18T09:56:38,-46.822,1.877,,0.000,none
2026-03-18T09:56:39,-47.146,2.007,,0.000,none
2026-03-18T09:56:40,-47.468,2.146,,0.000,none
2026-03-18T09:56:41,-47.785,2.294,,0.000,none
2026-03-18T09:56:42,-48.099,2.449,,0.000,none
2026-03-18T09:56:43,-48.409,2.611,,0.000,none
2026-03-18T09:56:44,-48.716,2.780,,0.000,none
2026-03-18T09:56:45,-49.019,2.955,,0.000,none
2026-03-18T09:56:46,-49.319,3.135,,0.000,none
2026-03-18T09:56:47,-49.615,3.322,,0.000,none
2026-03-18T09:56:48,-49.907,3.515,,0.000,none
2026-03-18T09:56:49,-50.195,3.713,,0.000,none
2026-03-18T09:56:50,-50.478,3.920,,0.000,none
2026-03-18T09:56:51,-50.753,4.136,,0.000,none
2026-03-18T09:56:52,-51.022,4.360,,0.000,none
2026-03-18T09:56:53,-51.285,4.591,,0.000,none
2026-03-18T09:56:54,-51.543,4.828,,0.000,none
2026-03-18T09:56:55,-51.796,5.069,,0.000,none
2026-03-18T09:56:56,-52.045,5.315,,0.000,none
2026-03-18T09:56:57,-52.287,5.568,,0.000,none
2026-03-18T09:56:58,-52.522,5.827,,0.000,none
2026-03-18T09:56:59,-52.750,6.093,,0.000,none
2026-03-18T09:57:00,-52.970,6.365,,0.000,none
2026-03-18T09:57:01,-53.185,6.641,,0.000,none
2026-03-18T09:57:02,-53.394,6.922,,0.000,none
2026-03-18T09:57:03,-53.598,7.206,,0.000,none
2026-03-18T09:57:04,-53.799,7.492,,0.000,none
2026-03-18T09:57:05,-53.998,7.781,,0.000,none
2026-03-18T09:57:06,-54.193,8.072,,0.000,none
2026-03-18T09:57:07,-54.384,8.364,,0.000,none
2026-03-18T09:57:08,-54.572,8.660,,0.000,none
2026-03-18T09:57:09,-54.755,8.958,,0.000,none
2026-03-18T09:57:10,-54.934,9.259,,0.000,none
2026-03-18T09:57:11,-55.107,9.563,,0.000,none
2026-03-18T09:57:12,-55.277,9.869,,0.000,none
2026-03-18T09:57:13,-55.442,10.178,,0.000,none
2026-03-18T09:57:14,-55.602,10.489,,0.000,none
2026-03-18T09:57:15,-55.703,10.702,,0.000,none
2026-03-18T09:57:16,-55.736,10.820,,0.000,none
2026-03-18T09:57:17,-55.800,11.093,,0.000,none
2026-03-18T09:57:18,-55.892,11.357,,0.000,none
2026-03-18T09:57:19,-56.009,11.611,,0.000,none
2026-03-18T09:57:20,-56.152,11.852,,0.000,none
2026-03-18T09:57:21,-56.317,12.078,,0.000,none
2026-03-18T09:57:22,-56.505,12.286,,0.000,none
2026-03-18T09:57:23,-56.669,12.443,,0.000,none
2026-03-18T09:57:24,-56.688,12.476,,0.000,none
2026-03-18T09:57:25,-56.703,12.511,,0.000,none
2026-03-18T09:57:26,-56.703,12.511,,0.000,none
2026-03-18T09:57:27,-56.727,12.577,,0.000,none
2026-03-18T09:57:28,-56.754,12.696,,0.000,none
2026-03-18T09:57:29,-56.783,12.927,,0.000,none
2026-03-18T09:57:30,-56.842,13.201,,0.000,none
2026-03-18T09:57:31,-56.927,13.467,,0.000,none
2026-03-18T09:57:32,-57.039,13.724,,0.000,none
2026-03-18T09:57:33,-57.176,13.968,,0.000,none
2026-03-18T09:57:34,-57.336,14.198,,0.000,none
2026-03-18T09:57:35,-57.519,14.410,,0.000,none
2026-03-18T09:57:36,-57.722,14.602,,0.000,none
2026-03-18T09:57:37,-57.943,14.774,,0.000,none
2026-03-18T09:57:38,-58.180,14.923,,0.000,none
2026-03-18T09:57:39,-58.410,15.044,,0.000,none
2026-03-18T09:57:40,-58.610,15.178,,0.000,none
2026-03-18T09:57:41,-58.791,15.336,,0.000,none
2026-03-18T09:57:42,-58.955,15.520,,0.000,none
2026-03-18T09:57:43,-59.097,15.707,,0.000,none
2026-03-18T09:57:44,-59.219,15.914,,0.000,none
2026-03-18T09:57:45,-59.328,16.135,,0.000,none
2026-03-18T09:57:46,-59.353,16.189,,0.000,none
2026-03-18T09:57:47,-59.352,16.217,,0.000,none
2026-03-18T09:57:48,-59.357,16.497,,0.000,none
2026-03-18T09:57:49,-59.390,16.775,,0.000,none
2026-03-18T09:57:50,-59.451,17.048,,0.000,none
2026-03-18T09:57:51,-59.539,17.313,,0.000,none
2026-03-18T09:57:52,-59.643,17.552,,0.000,none
2026-03-18T09:57:53,-59.734,17.780,,0.000,none
2026-03-18T09:57:54,-59.814,18.013,,0.000,none
2026-03-18T09:57:55,-59.831,18.070,,0.000,none
2026-03-18T09:57:56,-59.831,18.070,,0.000,none
2026-03-18T09:57:57,-59.791,18.347,,0.000,none
2026-03-18T09:57:58,-59.778,18.626,,0.000,none
2026-03-18T09:57:59,-59.793,18.906,,0.000,none
2026-03-18T09:58:00,-59.836,19.182,,0.000,none
2026-03-18T09:58:01,-59.906,19.453,,0.000,none
2026-03-18T09:58:02,-59.965,19.677,,0.000,none
2026-03-18T09:58:03,-60.017,19.912,,0.000,none
2026-03-18T09:58:04,-60.064,20.148,,0.000,none
2026-03-18T09:58:05,-60.109,20.399,,0.000,none
2026-03-18T09:58:06,-60.135,20.554,,0.000,none
2026-03-18T09:58:07,-60.135,20.554,,0.000,none
2026-03-18T09:58:08,-60.085,20.758,,0.000,none
2026-03-18T09:58:09,-60.042,21.009,,0.000,none
2026-03-18T09:58:10,-60.036,21.024,,0.000,none
2026-03-18T09:58:11,-60.008,21.072,,0.000,none
2026-03-18T09:58:12,-60.004,21.077,,0.000,none
2026-03-18T09:58:13,-60.004,21.077,,0.000,none
2026-03-18T09:58:14,-59.907,21.212,,0.000,none
2026-03-18T09:58:15,-59.820,21.298,,0.000,none
2026-03-18T09:58:16,-59.615,21.488,,0.000,none
2026-03-18T09:58:17,-59.429,21.698,,0.000,none
2026-03-18T09:58:18,-59.265,21.925,,0.000,none
2026-03-18T09:58:19,-59.125,22.167,,0.000,none
2026-03-18T09:58:20,-59.010,22.422,,0.000,none
2026-03-18T09:58:21,-58.920,22.687,,0.000,none
2026-03-18T09:58:22,-58.858,22.960,,0.000,none
2026-03-18T09:58:23,-58.823,23.238,,0.000,none
2026-03-18T09:58:24,-58.816,23.517,,0.000,none
2026-03-18T09:58:25,-58.837,23.796,,0.000,none
2026-03-18T09:58:26,-58.885,24.072,,0.000,none
2026-03-18T09:58:27,-58.961,24.341,,0.000,none
2026-03-18T09:58:28,-59.064,24.602,,0.000,none
2026-03-18T09:58:29,-59.192,24.851,,0.000,none
2026-03-18T09:58:30,-59.344,25.086,,0.000,none
2026-03-18T09:58:31,-59.519,25.304,,0.000,none
2026-03-18T09:58:32,-59.691,25.488,,0.000,none
2026-03-18T09:58:33,-59.840,25.690,,0.000,none
2026-03-18T09:58:34,-59.944,25.878,,0.000,none
2026-03-18T09:58:35,-60.063,26.131,,0.000,none
2026-03-18T09:58:36,-60.142,26.321,,0.000,none
2026-03-18T09:58:37,-60.148,26.366,,0.000,none
2026-03-18T09:58:38,-60.142,26.377,,0.000,none
2026-03-18T09:58:39,-60.138,26.383,,0.000,none
2026-03-18T09:58:40,-60.068,26.430,,0.000,none
2026-03-18T09:58:41,-60.019,26.463,,0.000,none
2026-03-18T09:58:42,-60.019,26.463,,0.000,none
2026-03-18T09:58:43,-59.803,26.612,,0.000,none
2026-03-18T09:58:44,-59.521,26.820,,0.000,none
2026-03-18T09:58:45,-59.248,27.039,,0.000,none
2026-03-18T09:58:46,-59.161,27.126,,0.000,none
2026-03-18T09:58:47,-59.042,27.297,,0.000,none
2026-03-18T09:58:48,-58.905,27.541,,0.000,none
2026-03-18T09:58:49,-58.792,27.797,,0.000,none
2026-03-18T09:58:50,-58.706,28.064,,0.000,none
2026-03-18T09:58:51,-58.682,28.152,,0.000,none
2026-03-18T09:58:52,-58.682,28.152,,0.000,none
2026-03-18T09:58:53,-58.623,28.354,,0.000,none
2026-03-18T09:58:54,-58.511,28.685,,0.000,none
2026-03-18T09:58:55,-58.389,29.013,,0.000,none
2026-03-18T09:58:56,-58.264,29.340,,0.000,none
2026-03-18T09:58:57,-58.143,29.668,,0.000,none
2026-03-18T09:58:58,-58.084,29.850,,0.000,none
2026-03-18T09:58:59,-58.067,30.003,,0.000,none
2026-03-18T09:59:00,-58.064,30.037,,0.000,none
2026-03-18T09:59:01,-58.064,30.037,,0.000,none
2026-03-18T09:59:02,-58.036,30.316,,0.000,none
2026-03-18T09:59:03,-57.992,30.663,,0.000,none
2026-03-18T09:59:04,-57.946,31.010,,0.000,none
2026-03-18T09:59:05,-57.904,31.358,,0.000,none
2026-03-18T09:59:06,-57.867,31.706,,0.000,none
2026-03-18T09:59:07,-57.841,32.020,,0.000,none
2026-03-18T09:59:08,-57.846,32.143,,0.000,none
2026-03-18T09:59:09,-57.895,32.370,,0.000,none
2026-03-18T09:59:10,-57.980,32.637,,0.000,none
2026-03-18T09:59:11,-58.091,32.894,,0.000,none
2026-03-18T09:59:12,-58.227,33.138,,0.000,none
2026-03-18T09:59:13,-58.387,33.368,,0.000,none
2026-03-18T09:59:14,-58.569,33.581,,0.000,none
2026-03-18T09:59:15,-58.771,33.774,,0.000,none
2026-03-18T09:59:16,-58.991,33.947,,0.000,none
2026-03-18T09:59:17,-59.210,34.088,,0.000,none
2026-03-18T09:59:18,-59.363,34.214,,0.000,none
2026-03-18T09:59:19,-59.364,34.216,,0.000,none
2026-03-18T09:59:20,-59.367,34.251,,0.000,none
2026-03-18T09:59:21,-59.365,34.291,,0.000,none
2026-03-18T09:59:22,-59.365,34.291,,0.000,none
2026-03-18T09:59:23,-59.359,34.361,,0.000,none
2026-03-18T09:59:24,-59.328,34.709,,0.000,none
2026-03-18T09:59:25,-59.304,35.059,,0.000,none
2026-03-18T09:59:26,-59.300,35.409,,0.000,none
2026-03-18T09:59:27,-59.322,35.758,,0.000,none
2026-03-18T09:59:28,-59.369,36.104,,0.000,none
2026-03-18T09:59:29,-59.442,36.447,,0.000,none
2026-03-18T09:59:30,-59.542,36.782,,0.000,none
2026-03-18T09:59:31,-59.667,37.109,,0.000,none
2026-03-18T09:59:32,-59.817,37.425,,0.000,none
2026-03-18T09:59:33,-59.990,37.729,,0.000,none
2026-03-18T09:59:34,-60.185,38.020,,0.000,none
2026-03-18T09:59:35,-60.395,38.299,,0.000,none
2026-03-18T09:59:36,-60.619,38.569,,0.000,none
2026-03-18T09:59:37,-60.854,38.828,,0.000,none
2026-03-18T09:59:38,-61.099,39.078,,0.000,none
2026-03-18T09:59:39,-61.352,39.319,,0.000,none
2026-03-18T09:59:40,-61.614,39.552,,0.000,none
2026-03-18T09:59:41,-61.881,39.778,,0.000,none
2026-03-18T09:59:42,-62.152,39.999,,0.000,none
2026-03-18T09:59:43,-62.426,40.217,,0.000,none
2026-03-18T09:59:44,-62.702,40.433,,0.000,none
2026-03-18T09:59:45,-62.980,40.646,,0.000,none
2026-03-18T09:59:46,-63.259,40.857,,0.000,none
2026-03-18T09:59:47,-63.539,41.067,,0.000,none
2026-03-18T09:59:48,-63.819,41.277,,0.000,none
2026-03-18T09:59:49,-64.098,41.487,,0.000,none
2026-03-18T09:59:50,-64.378,41.698,,0.000,none
2026-03-18T09:59:51,-64.656,41.910,,0.000,none
2026-03-18T09:59:52,-64.935,42.122,,0.000,none
2026-03-18T09:59:53,-65.213,42.334,,0.000,none
2026-03-18T09:59:54,-65.491,42.547,,0.000,none
2026-03-18T09:59:55,-65.770,42.759,,0.000,none
2026-03-18T09:59:56,-66.048,42.971,,0.000,none
2026-03-18T09:59:57,-66.326,43.184,,0.000,none
2026-03-18T09:59:58,-66.604,43.397,,0.000,none
2026-03-18T09:59:59,-66.881,43.610,,0.000,none
2026-03-18T10:00:00,-67.159,43.823,,0.000,none
2026-03-18T10:00:01,-67.437,44.036,,0.000,none
2026-03-18T10:00:02,-67.716,44.247,,0.000,none
2026-03-18T10:00:03,-67.996,44.458,,0.000,none
2026-03-18T10:00:04,-68.276,44.666,,0.000,none
2026-03-18T10:00:05,-68.558,44.874,,0.000,none
2026-03-18T10:00:06,-68.841,45.080,,0.000,none
2026-03-18T10:00:07,-69.125,45.284,,0.000,none
2026-03-18T10:00:08,-69.410,45.487,,0.000,none
2026-03-18T10:00:09,-69.697,45.689,,0.000,none
2026-03-18T10:00:10,-69.984,45.888,,0.000,none
2026-03-18T10:00:11,-70.273,46.087,,0.000,none
2026-03-18T10:00:12,-70.562,46.283,,0.000,none
2026-03-18T10:00:13,-70.853,46.478,,0.000,none
2026-03-18T10:00:14,-71.145,46.671,,0.000,none
2026-03-18T10:00:15,-71.438,46.863,,0.000,none
2026-03-18T10:00:16,-71.731,47.054,,0.000,none
2026-03-18T10:00:17,-72.025,47.244,,0.000,none
2026-03-18T10:00:18,-72.319,47.434,,0.000,none
2026-03-18T10:00:19,-72.613,47.623,,0.000,none
2026-03-18T10:00:20,-72.908,47.812,,0.000,none
2026-03-18T10:00:21,-73.203,48.001,,0.000,none
2026-03-18T10:00:22,-73.498,48.189,,0.000,none
2026-03-18T10:00:23,-73.792,48.378,,0.000,none
2026-03-18T10:00:24,-74.087,48.567,,0.000,none
2026-03-18T10:00:25,-74.382,48.756,,0.000,none
2026-03-18T10:00:26,-74.676,48.945,,0.000,none
2026-03-18T10:00:27,-74.971,49.134,,0.000,none
2026-03-18T10:00:28,-75.265,49.323,,0.000,none
2026-03-18T10:00:29,-75.559,49.513,,0.000,none
2026-03-18T10:00:30,-75.851,49.706,,0.000,none
2026-03-18T10:00:31,-76.140,49.904,,0.000,none
2026-03-18T10:00:32,-76.431,50.098,,0.000,none
2026-03-18T10:00:33,-76.724,50.290,,0.000,none
2026-03-18T10:00:34,-77.013,50.486,,0.000,none
2026-03-18T10:00:35,-77.304,50.681,,0.000,none
2026-03-18T10:00:36,-77.597,50.873,,0.000,none
2026-03-18T10:00:37,-77.891,51.062,,0.000,none
2026-03-18T10:00:38,-78.187,51.250,,0.000,none
2026-03-18T10:00:39,-78.484,51.435,,0.000,none
2026-03-18T10:00:40,-78.782,51.619,,0.000,none
2026-03-18T10:00:41,-79.080,51.802,,0.000,none
2026-03-18T10:00:42,-79.379,51.984,,0.000,none
2026-03-18T10:00:43,-79.678,52.165,,0.000,none
2026-03-18T10:00:44,-79.978,52.346,,0.000,none
2026-03-18T10:00:45,-80.277,52.527,,0.000,none
2026-03-18T10:00:46,-80.577,52.708,,0.000,none
2026-03-18T10:00:47,-80.877,52.889,,0.000,none
2026-03-18T10:00:48,-81.176,53.070,,0.000,none
2026-03-18T10:00:49,-81.476,53.251,,0.000,none
2026-03-18T10:00:50,-81.775,53.432,,0.000,none
2026-03-18T10:00:51,-82.074,53.614,,0.000,none
2026-03-18T10:00:52,-82.372,53.799,,0.000,none
2026-03-18T10:00:53,-82.668,53.984,,0.000,none
2026-03-18T10:00:54,-82.965,54.170,,0.000,none
2026-03-18T10:00:55,-83.260,54.358,,0.000,none
2026-03-18T10:00:56,-83.555,54.547,,0.000,none
2026-03-18T10:00:57,-83.847,54.739,,0.000,none
2026-03-18T10:00:58,-84.135,54.939,,0.000,none
2026-03-18T10:00:59,-84.418,55.145,,0.000,none
2026-03-18T10:01:00,-84.699,55.353,,0.000,none
2026-03-18T10:01:01,-84.978,55.565,,0.000,none
2026-03-18T10:01:02,-85.256,55.777,,0.000,none
2026-03-18T10:01:03,-85.533,55.991,,0.000,none
2026-03-18T10:01:04,-85.809,56.206,,0.000,none
2026-03-18T10:01:05,-86.083,56.423,,0.000,none
2026-03-18T10:01:06,-86.356,56.643,,0.000,none
2026-03-18T10:01:07,-86.625,56.867,,0.000,none
2026-03-18T10:01:08,-86.891,57.095,,0.000,none
2026-03-18T10:01:09,-87.153,57.327,,0.000,none
2026-03-18T10:01:10,-87.410,57.564,,0.000,none
2026-03-18T10:01:11,-87.664,57.804,,0.000,none
2026-03-18T10:01:12,-87.917,58.047,,0.000,none
2026-03-18T10:01:13,-88.168,58.291,,0.000,none
2026-03-18T10:01:14,-88.417,58.537,,0.000,none
2026-03-18T10:01:15,-88.662,58.786,,0.000,none
2026-03-18T10:01:16,-88.905,59.039,,0.000,none
2026-03-18T10:01:17,-89.145,59.294,,0.000,none
2026-03-18T10:01:18,-89.380,59.552,,0.000,none
2026-03-18T10:01:19,-89.614,59.813,,0.000,none
2026-03-18T10:01:20,-89.844,60.077,,0.000,none
2026-03-18T10:01:21,-90.067,60.347,,0.000,none
2026-03-18T10:01:22,-90.281,60.623,,0.000,none
2026-03-18T10:01:23,-90.485,60.908,,0.000,none
2026-03-18T10:01:24,-90.661,61.156,,0.000,none
2026-03-18T10:01:25,-90.745,61.245,,0.000,none
2026-03-18T10:01:26,-90.876,61.353,,0.000,none
2026-03-18T10:01:27,-90.895,61.373,,0.000,none
2026-03-18T10:01:28,-90.895,61.373,,0.000,none
2026-03-18T10:01:29,-90.973,61.583,,0.000,none
2026-03-18T10:01:30,-91.093,61.835,,0.000,none
2026-03-18T10:01:31,-91.238,62.075,,0.000,none
2026-03-18T10:01:32,-91.407,62.298,,0.000,none
2026-03-18T10:01:33,-91.596,62.504,,0.000,none
2026-03-18T10:01:34,-91.806,62.690,,0.000,none
2026-03-18T10:01:35,-92.032,62.854,,0.000,none
2026-03-18T10:01:36,-92.275,62.994,,0.000,none
2026-03-18T10:01:37,-92.529,63.110,,0.000,none
2026-03-18T10:01:38,-92.795,63.200,,0.000,none
2026-03-18T10:01:39,-93.067,63.262,,0.000,none
2026-03-18T10:01:40,-93.345,63.297,,0.000,none
2026-03-18T10:01:41,-93.625,63.305,,0.000,none
2026-03-18T10:01:42,-93.822,63.311,,0.000,none
2026-03-18T10:01:43,-93.998,63.350,,0.000,none
2026-03-18T10:01:44,-94.218,63.431,,0.000,none
2026-03-18T10:01:45,-94.420,63.528,,0.000,none
2026-03-18T10:01:46,-94.539,63.625,,0.000,none
2026-03-18T10:01:47,-94.539,63.627,,0.000,none
2026-03-18T10:01:48,-94.540,63.627,,0.000,none
2026-03-18T10:01:49,-94.522,63.766,,0.000,none
2026-03-18T10:01:50,-94.503,64.045,,0.000,none
2026-03-18T10:01:51,-94.497,64.113,,0.000,none
2026-03-18T10:01:52,-94.497,64.113,,0.000,none
2026-03-18T10:01:53,-94.368,64.361,,0.000,none
2026-03-18T10:01:54,-94.263,64.621,,0.000,none
2026-03-18T10:01:55,-94.186,64.890,,0.000,none
2026-03-18T10:01:56,-94.134,65.165,,0.000,none
2026-03-18T10:01:57,-94.131,65.182,,0.000,none
2026-03-18T10:01:58,-94.131,65.182,,0.000,none
2026-03-18T10:01:59,-94.078,65.475,,0.000,none
2026-03-18T10:02:00,-94.010,65.818,,0.000,none
2026-03-18T10:02:01,-93.941,66.161,,0.000,none
2026-03-18T10:02:02,-93.873,66.505,,0.000,none
2026-03-18T10:02:03,-93.806,66.848,,0.000,none
2026-03-18T10:02:04,-93.740,67.192,,0.000,none
2026-03-18T10:02:05,-93.680,67.537,,0.000,none
2026-03-18T10:02:06,-93.629,67.883,,0.000,none
2026-03-18T10:02:07,-93.579,68.230,,0.000,none
2026-03-18T10:02:08,-93.522,68.575,,0.000,none
2026-03-18T10:02:09,-93.459,68.919,,0.000,none
2026-03-18T10:02:10,-93.394,69.263,,0.000,none
2026-03-18T10:02:11,-93.331,69.607,,0.000,none
2026-03-18T10:02:12,-93.269,69.952,,0.000,none
2026-03-18T10:02:13,-93.209,70.297,,0.000,none
2026-03-18T10:02:14,-93.150,70.641,,0.000,none
2026-03-18T10:02:15,-93.090,70.986,,0.000,none
2026-03-18T10:02:16,-93.030,71.331,,0.000,none
2026-03-18T10:02:17,-92.968,71.676,,0.000,none
2026-03-18T10:02:18,-92.907,72.020,,0.000,none
2026-03-18T10:02:19,-92.847,72.365,,0.000,none
2026-03-18T10:02:20,-92.786,72.710,,0.000,none
2026-03-18T10:02:21,-92.725,73.054,,0.000,none
2026-03-18T10:02:22,-92.662,73.399,,0.000,none
2026-03-18T10:02:23,-92.599,73.743,,0.000,none
2026-03-18T10:02:24,-92.534,74.087,,0.000,none
2026-03-18T10:02:25,-92.468,74.431,,0.000,none
2026-03-18T10:02:26,-92.400,74.774,,0.000,none
2026-03-18T10:02:27,-92.330,75.117,,0.000,none
2026-03-18T10:02:28,-92.261,75.460,,0.000,none
2026-03-18T10:02:29,-92.190,75.803,,0.000,none
2026-03-18T10:02:30,-92.117,76.145,,0.000,none
2026-03-18T10:02:31,-92.044,76.487,,0.000,none
2026-03-18T10:02:32,-91.970,76.829,,0.000,none
2026-03-18T10:02:33,-91.896,77.171,,0.000,none
2026-03-18T10:02:34,-91.821,77.513,,0.000,none
2026-03-18T10:02:35,-91.745,77.855,,0.000,none
2026-03-18T10:02:36,-91.670,78.197,,0.000,none
2026-03-18T10:02:37,-91.596,78.539,,0.000,none
2026-03-18T10:02:38,-91.522,78.881,,0.000,none
2026-03-18T10:02:39,-91.450,79.223,,0.000,none
2026-03-18T10:02:40,-91.378,79.566,,0.000,none
2026-03-18T10:02:41,-91.308,79.909,,0.000,none
2026-03-18T10:02:42,-91.239,80.252,,0.000,none
2026-03-18T10:02:43,-91.171,80.595,,0.000,none
2026-03-18T10:02:44,-91.104,80.939,,0.000,none
2026-03-18T10:02:45,-91.039,81.283,,0.000,none
2026-03-18T10:02:46,-90.974,81.627,,0.000,none
2026-03-18T10:02:47,-90.911,81.971,,0.000,none
2026-03-18T10:02:48,-90.849,82.316,,0.000,none
2026-03-18T10:02:49,-90.787,82.660,,0.000,none
2026-03-18T10:02:50,-90.726,83.005,,0.000,none
2026-03-18T10:02:51,-90.666,83.349,,0.000,none
2026-03-18T10:02:52,-90.606,83.694,,0.000,none
2026-03-18T10:02:53,-90.548,84.039,,0.000,none
2026-03-18T10:02:54,-90.489,84.384,,0.000,none
2026-03-18T10:02:55,-90.431,84.730,,0.000,none
2026-03-18T10:02:56,-90.373,85.075,,0.000,none
2026-03-18T10:02:57,-90.314,85.420,,0.000,none
2026-03-18T10:02:58,-90.255,85.765,,0.000,none
2026-03-18T10:02:59,-90.196,86.110,,0.000,none
2026-03-18T10:03:00,-90.136,86.455,,0.000,none
2026-03-18T10:03:01,-90.076,86.799,,0.000,none
2026-03-18T10:03:02,-90.016,87.144,,0.000,none
2026-03-18T10:03:03,-89.955,87.489,,0.000,none
2026-03-18T10:03:04,-89.894,87.834,,0.000,none
2026-03-18T10:03:05,-89.833,88.178,,0.000,none
2026-03-18T10:03:06,-89.771,88.523,,0.000,none
2026-03-18T10:03:07,-89.708,88.867,,0.000,none
2026-03-18T10:03:08,-89.645,89.211,,0.000,none
2026-03-18T10:03:09,-89.582,89.555,,0.000,none
2026-03-18T10:03:10,-89.519,89.900,,0.000,none
2026-03-18T10:03:11,-89.455,90.244,,0.000,none
2026-03-18T10:03:12,-89.392,90.588,,0.000,none
2026-03-18T10:03:13,-89.329,90.932,,0.000,none
2026-03-18T10:03:14,-89.266,91.277,,0.000,none
2026-03-18T10:03:15,-89.204,91.621,,0.000,none
2026-03-18T10:03:16,-89.143,91.966,,0.000,none
2026-03-18T10:03:17,-89.083,92.311,,0.000,none
2026-03-18T10:03:18,-89.023,92.655,,0.000,none
2026-03-18T10:03:19,-88.964,93.000,,0.000,none
2026-03-18T10:03:20,-88.906,93.346,,0.000,none
2026-03-18T10:03:21,-88.850,93.691,,0.000,none
2026-03-18T10:03:22,-88.793,94.036,,0.000,none
2026-03-18T10:03:23,-88.737,94.382,,0.000,none
2026-03-18T10:03:24,-88.683,94.728,,0.000,none
2026-03-18T10:03:25,-88.629,95.074,,0.000,none
2026-03-18T10:03:26,-88.577,95.420,,0.000,none
2026-03-18T10:03:27,-88.527,95.766,,0.000,none
2026-03-18T10:03:28,-88.477,96.112,,0.000,none
2026-03-18T10:03:29,-88.429,96.459,,0.000,none
2026-03-18T10:03:30,-88.381,96.806,,0.000,none
2026-03-18T10:03:31,-88.332,97.152,,0.000,none
2026-03-18T10:03:32,-88.284,97.499,,0.000,none
2026-03-18T10:03:33,-88.235,97.846,,0.000,none
2026-03-18T10:03:34,-88.186,98.192,,0.000,none
2026-03-18T10:03:35,-88.137,98.539,,0.000,none
2026-03-18T10:03:36,-88.087,98.885,,0.000,none
2026-03-18T10:03:37,-88.037,99.232,,0.000,none
2026-03-18T10:03:38,-87.986,99.578,,0.000,none
2026-03-18T10:03:39,-87.935,99.924,,0.000,none
2026-03-18T10:03:40,-87.885,100.270,,0.000,none
2026-03-18T10:03:41,-87.834,100.617,,0.000,none
2026-03-18T10:03:42,-87.782,100.963,,0.000,none
2026-03-18T10:03:43,-87.729,101.309,,0.000,none
2026-03-18T10:03:44,-87.674,101.655,,0.000,none
2026-03-18T10:03:45,-87.619,102.000,,0.000,none
2026-03-18T10:03:46,-87.562,102.345,,0.000,none
2026-03-18T10:03:47,-87.505,102.691,,0.000,none
2026-03-18T10:03:48,-87.449,103.036,,0.000,none
2026-03-18T10:03:49,-87.394,103.382,,0.000,none
2026-03-18T10:03:50,-87.341,103.728,,0.000,none
2026-03-18T10:03:51,-87.289,104.074,,0.000,none
2026-03-18T10:03:52,-87.236,104.420,,0.000,none
2026-03-18T10:03:53,-87.184,104.766,,0.000,none
2026-03-18T10:03:54,-87.134,105.113,,0.000,none
2026-03-18T10:03:55,-87.087,105.459,,0.000,none
2026-03-18T10:03:56,-87.043,105.807,,0.000,none
2026-03-18T10:03:57,-87.007,106.155,,0.000,none
2026-03-18T10:03:58,-86.976,106.503,,0.000,none
2026-03-18T10:03:59,-86.950,106.852,,0.039,none
2026-03-18T10:04:00,-86.927,107.202,,0.206,none
2026-03-18T10:04:01,-86.908,107.551,,0.369,none
2026-03-18T10:04:02,-86.893,107.901,,0.528,none
2026-03-18T10:04:03,-86.884,108.251,,0.682,none
2026-03-18T10:04:04,-86.880,108.601,,0.831,none
2026-03-18T10:04:05,-86.884,108.951,,0.973,none
2026-03-18T10:04:06,-86.898,109.300,,1.100,none
2026-03-18T10:04:07,-86.924,109.649,,1.100,none
2026-03-18T10:04:08,-86.960,109.997,,1.100,none
2026-03-18T10:04:09,-87.008,110.344,,1.100,none
2026-03-18T10:04:10,-87.067,110.689,,1.100,none
2026-03-18T10:04:11,-87.137,111.032,,1.100,none
2026-03-18T10:04:12,-87.218,111.373,,1.100,none
2026-03-18T10:04:13,-87.309,111.710,,1.100,none
2026-03-18T10:04:14,-87.413,112.045,,1.100,none
2026-03-18T10:04:15,-87.530,112.374,,1.100,none
2026-03-18T10:04:16,-87.661,112.699,,1.100,none
2026-03-18T10:04:17,-87.804,113.018,,1.100,none
2026-03-18T10:04:18,-87.958,113.333,,1.100,none
2026-03-18T10:04:19,-88.123,113.642,,1.100,none
2026-03-18T10:04:20,-88.297,113.945,,1.100,none
2026-03-18T10:04:21,-88.480,114.243,,1.100,none
2026-03-18T10:04:22,-88.674,114.535,,1.100,none
2026-03-18T10:04:23,-88.883,114.816,,1.100,none
2026-03-18T10:04:24,-89.110,115.082,,1.100,none
2026-03-18T10:04:25,-89.351,115.335,,1.100,none
2026-03-18T10:04:26,-89.604,115.578,,1.100,none
2026-03-18T10:04:27,-89.862,115.814,,1.100,none
2026-03-18T10:04:28,-90.126,116.044,,0.981,none
2026-03-18T10:04:29,-90.393,116.269,,0.832,none
2026-03-18T10:04:30,-90.665,116.490,,0.677,none
2026-03-18T10:04:31,-90.940,116.706,,0.516,none
2026-03-18T10:04:32,-91.220,116.917,,0.350,none
2026-03-18T10:04:33,-91.502,117.123,,0.179,none
2026-03-18T10:04:34,-91.788,117.326,,0.004,none
2026-03-18T10:04:35,-92.076,117.524,,0.000,none
2026-03-18T10:04:36,-92.365,117.721,,0.000,none
2026-03-18T10:04:37,-92.655,117.917,,0.000,none
2026-03-18T10:04:38,-92.946,118.112,,0.000,none
2026-03-18T10:04:39,-93.237,118.306,,0.000,none
2026-03-18T10:04:40,-93.530,118.498,,0.000,none
2026-03-18T10:04:41,-93.824,118.688,,0.000,none
2026-03-18T10:04:42,-94.119,118.877,,0.000,none
2026-03-18T10:04:43,-94.413,119.066,,0.000,none
2026-03-18T10:04:44,-94.708,119.254,,0.000,none
2026-03-18T10:04:45,-95.003,119.443,,0.000,none
2026-03-18T10:04:46,-95.298,119.632,,0.000,none
2026-03-18T10:04:47,-95.593,119.819,,0.000,none
2026-03-18T10:04:48,-95.890,120.006,,0.000,none
2026-03-18T10:04:49,-96.186,120.192,,0.000,none
2026-03-18T10:04:50,-96.483,120.377,,0.000,none
2026-03-18T10:04:51,-96.780,120.562,,0.000,none
2026-03-18T10:04:52,-97.077,120.748,,0.000,none
2026-03-18T10:04:53,-97.374,120.932,,0.000,none
2026-03-18T10:04:54,-97.671,121.117,,0.000,none
2026-03-18T10:04:55,-97.968,121.303,,0.000,none
2026-03-18T10:04:56,-98.264,121.490,,0.000,none
2026-03-18T10:04:57,-98.560,121.677,,0.000,none
2026-03-18T10:04:58,-98.855,121.865,,0.000,none
2026-03-18T10:04:59,-99.150,122.053,,0.000,none
2026-03-18T10:05:00,-99.445,122.241,,0.000,none
2026-03-18T10:05:01,-99.740,122.429,,0.000,none
2026-03-18T10:05:02,-100.036,122.616,,0.000,none
2026-03-18T10:05:03,-100.332,122.803,,0.000,none
2026-03-18T10:05:04,-100.629,122.988,,0.000,none
2026-03-18T10:05:05,-100.927,123.172,,0.000,none
2026-03-18T10:05:06,-101.226,123.354,,0.000,none
2026-03-18T10:05:07,-101.527,123.532,,0.000,none
2026-03-18T10:05:08,-101.830,123.708,,0.000,none
2026-03-18T10:05:09,-102.135,123.879,,0.000,none
2026-03-18T10:05:10,-102.442,124.048,,0.000,none
2026-03-18T10:05:11,-102.670,124.171,,0.000,none
2026-03-18T10:05:12,-102.767,124.245,,0.000,none
2026-03-18T10:05:13,-102.976,124.419,,0.000,none
2026-03-18T10:05:14,-103.208,124.576,,0.000,none
2026-03-18T10:05:15,-103.454,124.709,,0.000,none
2026-03-18T10:05:16,-103.712,124.817,,0.000,none
2026-03-18T10:05:17,-103.980,124.899,,0.000,none
2026-03-18T10:05:18,-104.255,124.953,,0.000,none
2026-03-18T10:05:19,-104.533,124.980,,0.000,none
2026-03-18T10:05:20,-104.813,124.979,,0.000,none
2026-03-18T10:05:21,-105.091,124.950,,0.000,none
2026-03-18T10:05:22,-105.232,124.927,,0.000,none
2026-03-18T10:05:23,-105.246,124.930,,0.000,none
2026-03-18T10:05:24,-105.288,124.948,,0.000,none
2026-03-18T10:05:25,-105.335,124.977,,0.000,none
2026-03-18T10:05:26,-105.335,124.977,,0.000,none
2026-03-18T10:05:27,-105.335,124.977,,0.000,none
2026-03-18T10:05:28,-105.565,125.140,,0.000,none
2026-03-18T10:05:29,-105.654,125.224,,0.000,none
2026-03-18T10:05:30,-105.818,125.410,,0.000,none
2026-03-18T10:05:31,-106.023,125.601,,0.000,none
2026-03-18T10:05:32,-106.245,125.771,,0.000,none
2026-03-18T10:05:33,-106.483,125.918,,0.000,none
2026-03-18T10:05:34,-106.735,126.041,,0.000,none
2026-03-18T10:05:35,-106.998,126.137,,0.000,none
2026-03-18T10:05:36,-107.269,126.207,,0.000,none
2026-03-18T10:05:37,-107.545,126.250,,0.000,none
2026-03-18T10:05:38,-107.825,126.265,,0.000,none
2026-03-18T10:05:39,-107.967,126.264,,0.000,none
2026-03-18T10:05:40,-107.982,126.270,,0.000,none
2026-03-18T10:05:41,-108.027,126.296,,0.000,none
2026-03-18T10:05:42,-108.065,126.324,,0.000,none
2026-03-18T10:05:43,-108.065,126.324,,0.000,none
2026-03-18T10:05:44,-108.120,126.369,,0.000,none
2026-03-18T10:05:45,-108.388,126.593,,0.000,none
2026-03-18T10:05:46,-108.474,126.681,,0.000,none
2026-03-18T10:05:47,-108.598,126.849,,0.000,none
2026-03-18T10:05:48,-108.782,127.060,,0.000,none
2026-03-18T10:05:49,-108.986,127.252,,0.000,none
2026-03-18T10:05:50,-109.207,127.423,,0.000,none
2026-03-18T10:05:51,-109.445,127.570,,0.000,none
2026-03-18T10:05:52,-109.696,127.694,,0.000,none
2026-03-18T10:05:53,-109.959,127.791,,0.000,none
2026-03-18T10:05:54,-110.229,127.862,,0.000,none
2026-03-18T10:05:55,-110.506,127.905,,0.000,none
2026-03-18T10:05:56,-110.785,127.921,,0.000,none
2026-03-18T10:05:57,-110.983,127.918,,0.000,none
2026-03-18T10:05:58,-110.986,127.919,,0.000,none
2026-03-18T10:05:59,-110.988,127.920,,0.000,none
2026-03-18T10:06:00,-111.095,128.011,,0.000,none
2026-03-18T10:06:01,-111.321,128.176,,0.000,none
2026-03-18T10:06:02,-111.562,128.318,,0.000,none
2026-03-18T10:06:03,-111.816,128.435,,0.000,none
2026-03-18T10:06:04,-112.045,128.518,,0.000,none
2026-03-18T10:06:05,-112.045,128.518,,0.000,none
2026-03-18T10:06:06,-112.160,128.620,,0.000,none
2026-03-18T10:06:07,-112.384,128.788,,0.000,none
2026-03-18T10:06:08,-112.624,128.933,,0.000,none
2026-03-18T10:06:09,-112.876,129.053,,0.000,none
2026-03-18T10:06:10,-113.140,129.148,,0.000,none
2026-03-18T10:06:11,-113.411,129.216,,0.000,none
2026-03-18T10:06:12,-113.578,129.247,,0.000,none
2026-03-18T10:06:13,-113.587,129.253,,0.000,none
2026-03-18T10:06:14,-113.622,129.283,,0.000,none
2026-03-18T10:06:15,-113.658,129.327,,0.000,none
2026-03-18T10:06:16,-113.660,129.329,,0.000,none
2026-03-18T10:06:17,-113.660,129.329,,0.000,none
2026-03-18T10:06:18,-113.743,129.455,,0.000,none
2026-03-18T10:06:19,-113.812,129.619,,0.000,none
2026-03-18T10:06:20,-113.935,129.870,,0.000,none
2026-03-18T10:06:21,-114.083,130.108,,0.000,none
2026-03-18T10:06:22,-114.254,130.330,,0.000,none
2026-03-18T10:06:23,-114.446,130.533,,0.000,none
2026-03-18T10:06:24,-114.657,130.717,,0.000,none
2026-03-18T10:06:25,-114.885,130.878,,0.000,none
2026-03-18T10:06:26,-115.129,131.016,,0.000,none
2026-03-18T10:06:27,-115.385,131.129,,0.000,none
2026-03-18T10:06:28,-115.651,131.216,,0.000,none
2026-03-18T10:06:29,-115.925,131.276,,0.000,none
2026-03-18T10:06:30,-116.037,131.296,,0.000,none
2026-03-18T10:06:31,-116.037,131.296,,0.000,none
2026-03-18T10:06:32,-116.255,131.448,,0.000,none
2026-03-18T10:06:33,-116.499,131.585,,0.000,none
2026-03-18T10:06:34,-116.756,131.696,,0.000,none
2026-03-18T10:06:35,-117.021,131.785,,0.000,none
2026-03-18T10:06:36,-117.024,131.786,,0.000,none
2026-03-18T10:06:37,-117.094,131.854,,0.000,none
2026-03-18T10:06:38,-117.309,132.034,,0.000,none
2026-03-18T10:06:39,-117.540,132.192,,0.000,none
2026-03-18T10:06:40,-117.786,132.326,,0.000,none
2026-03-18T10:06:41,-118.004,132.423,,0.000,none
2026-03-18T10:06:42,-118.004,132.423,,0.000,none
2026-03-18T10:06:43,-118.015,132.435,,0.000,none
2026-03-18T10:06:44,-118.015,132.435,,0.000,none
2026-03-18T10:06:45,-118.118,132.680,,0.000,none
2026-03-18T10:06:46,-118.251,132.926,,0.000,none
2026-03-18T10:06:47,-118.409,133.157,,0.000,none
2026-03-18T10:06:48,-118.588,133.372,,0.000,none
2026-03-18T10:06:49,-118.788,133.568,,0.000,none
2026-03-18T10:06:50,-119.007,133.742,,0.000,none
2026-03-18T10:06:51,-119.242,133.894,,0.000,none
2026-03-18T10:06:52,-119.491,134.022,,0.000,none
2026-03-18T10:06:53,-119.751,134.125,,0.000,none
2026-03-18T10:06:54,-120.021,134.200,,0.000,none
2026-03-18T10:06:55,-120.088,134.218,,0.000,none
2026-03-18T10:06:56,-120.099,134.227,,0.000,none
2026-03-18T10:06:57,-120.117,134.250,,0.000,none
2026-03-18T10:06:58,-120.117,134.250,,0.000,none
2026-03-18T10:06:59,-120.178,134.465,,0.000,none
2026-03-18T10:07:00,-120.278,134.727,,0.000,none
2026-03-18T10:07:01,-120.404,134.977,,0.000,none
2026-03-18T10:07:02,-120.554,135.213,,0.000,none
2026-03-18T10:07:03,-120.727,135.433,,0.000,none
2026-03-18T10:07:04,-120.915,135.640,,0.000,none
2026-03-18T10:07:05,-121.120,135.831,,0.000,none
2026-03-18T10:07:06,-121.342,136.001,,0.000,none
2026-03-18T10:07:07,-121.580,136.148,,0.000,none
2026-03-18T10:07:08,-121.832,136.271,,0.000,none
2026-03-18T10:07:09,-122.094,136.368,,0.000,none
2026-03-18T10:07:10,-122.365,136.438,,0.000,none
2026-03-18T10:07:11,-122.642,136.480,,0.000,none
2026-03-18T10:07:12,-122.921,136.495,,0.000,none
2026-03-18T10:07:13,-123.109,136.518,,0.000,none
2026-03-18T10:07:14,-123.301,136.565,,0.000,none
2026-03-18T10:07:15,-123.465,136.632,,0.000,none
2026-03-18T10:07:16,-123.465,136.632,,0.000,none
2026-03-18T10:07:17,-123.466,136.637,,0.000,none
2026-03-18T10:07:18,-123.469,136.672,,0.000,none
2026-03-18T10:07:19,-123.463,136.726,,0.000,none
2026-03-18T10:07:20,-123.460,136.741,,0.000,none
2026-03-18T10:07:21,-123.460,136.741,,0.000,none
2026-03-18T10:07:22,-123.407,136.980,,0.000,none
2026-03-18T10:07:23,-123.366,137.119,,0.000,none
2026-03-18T10:07:24,-123.284,137.285,,0.000,none
2026-03-18T10:07:25,-123.276,137.301,,0.000,none
2026-03-18T10:07:26,-123.276,137.301,,0.000,none
2026-03-18T10:07:27,-123.219,137.433,,0.000,none
2026-03-18T10:07:28,-123.182,137.599,,0.000,none
2026-03-18T10:07:29,-123.179,137.616,,0.000,none
2026-03-18T10:07:30,-123.179,137.616,,0.000,none
2026-03-18T10:07:31,-123.141,137.906,,0.000,none
2026-03-18T10:07:32,-123.126,138.141,,0.000,none
2026-03-18T10:07:33,-123.148,138.331,,0.000,none
2026-03-18T10:07:34,-123.178,138.449,,0.000,none
2026-03-18T10:07:35,-123.262,138.641,,0.000,none
2026-03-18T10:07:36,-123.393,138.888,,0.000,none
2026-03-18T10:07:37,-123.548,139.121,,0.000,none
2026-03-18T10:07:38,-123.725,139.337,,0.000,none
2026-03-18T10:07:39,-123.924,139.535,,0.000,none
2026-03-18T10:07:40,-124.141,139.712,,0.000,none
2026-03-18T10:07:41,-124.374,139.866,,0.000,none
2026-03-18T10:07:42,-124.532,139.956,,0.000,none
2026-03-18T10:07:43,-124.538,139.964,,0.000,none
2026-03-18T10:07:44,-124.545,139.981,,0.000,none
2026-03-18T10:07:45,-124.553,140.011,,0.000,none
2026-03-18T10:07:46,-124.553,140.011,,0.000,none
2026-03-18T10:07:47,-124.525,140.262,,0.000,none
2026-03-18T10:07:48,-124.522,140.541,,0.000,none
2026-03-18T10:07:49,-124.546,140.820,,0.000,none
2026-03-18T10:07:50,-124.598,141.095,,0.000,none
2026-03-18T10:07:51,-124.677,141.364,,0.000,none
2026-03-18T10:07:52,-124.783,141.623,,0.000,none
2026-03-18T10:07:53,-124.914,141.870,,0.000,none
2026-03-18T10:07:54,-125.069,142.103,,0.000,none
2026-03-18T10:07:55,-125.246,142.320,,0.000,none
2026-03-18T10:07:56,-125.444,142.517,,0.000,none
2026-03-18T10:07:57,-125.631,142.674,,0.000,none
2026-03-18T10:07:58,-125.777,142.826,,0.000,none
2026-03-18T10:07:59,-125.917,143.022,,0.000,none
2026-03-18T10:08:00,-126.023,143.227,,0.000,none
2026-03-18T10:08:01,-126.103,143.459,,0.000,none
2026-03-18T10:08:02,-126.147,143.671,,0.000,none
2026-03-18T10:08:03,-126.162,143.859,,0.000,none
2026-03-18T10:08:04,-126.162,143.859,,0.000,none
2026-03-18T10:08:05,-126.104,144.017,,0.000,none
2026-03-18T10:08:06,-126.029,144.286,,0.000,none
2026-03-18T10:08:07,-126.002,144.396,,0.000,none
2026-03-18T10:08:08,-126.002,144.396,,0.000,none
2026-03-18T10:08:09,-125.851,144.561,,0.000,none
2026-03-18T10:08:10,-125.758,144.668,,0.000,none
2026-03-18T10:08:11,-125.739,144.684,,0.000,none
2026-03-18T10:08:12,-125.739,144.684,,0.000,none
2026-03-18T10:08:13,-125.579,144.820,,0.000,none
2026-03-18T10:08:14,-125.339,145.025,,0.000,none
2026-03-18T10:08:15,-125.275,145.092,,0.000,none
2026-03-18T10:08:16,-125.275,145.092,,0.000,none
2026-03-18T10:08:17,-125.270,145.103,,0.000,none
2026-03-18T10:08:18,-125.270,145.103,,0.000,none
2026-03-18T10:08:19,-125.264,145.110,,0.000,none
2026-03-18T10:08:20,-125.247,145.164,,0.000,none
2026-03-18T10:08:21,-125.180,145.435,,0.000,none
2026-03-18T10:08:22,-125.140,145.712,,0.000,none
2026-03-18T10:08:23,-125.125,145.890,,0.000,none
2026-03-18T10:08:24,-125.125,145.894,,0.000,none
2026-03-18T10:08:25,-125.125,145.894,,0.000,none
2026-03-18T10:08:26,-125.052,146.218,,0.000,none
2026-03-18T10:08:27,-124.969,146.558,,0.000,none
2026-03-18T10:08:28,-124.929,146.716,,0.000,none
2026-03-18T10:08:29,-124.926,146.728,,0.000,none
2026-03-18T10:08:30,-124.926,146.728,,0.000,none
2026-03-18T10:08:31,-124.850,146.997,,0.000,none
2026-03-18T10:08:32,-124.764,147.337,,0.000,none
2026-03-18T10:08:33,-124.729,147.480,,0.000,none
2026-03-18T10:08:34,-124.729,147.480,,0.000,none
2026-03-18T10:08:35,-124.718,147.514,,0.000,none
2026-03-18T10:08:36,-124.643,147.797,,0.000,none
2026-03-18T10:08:37,-124.594,147.985,,0.000,none
2026-03-18T10:08:38,-124.593,147.991,,0.000,none
2026-03-18T10:08:39,-124.593,147.991,,0.000,none
2026-03-18T10:08:40,-124.513,148.260,,0.000,none
2026-03-18T10:08:41,-124.453,148.469,,0.000,none
2026-03-18T10:08:42,-124.446,148.493,,0.000,none
2026-03-18T10:08:43,-124.446,148.493,,0.000,none
2026-03-18T10:08:44,-124.389,148.695,,0.000,none
2026-03-18T10:08:45,-124.328,148.958,,0.000,none
2026-03-18T10:08:46,-124.269,149.280,,0.000,none
2026-03-18T10:08:47,-124.217,149.615,,0.000,none
2026-03-18T10:08:48,-124.168,149.961,,0.000,none
2026-03-18T10:08:49,-124.125,150.309,,0.000,none
2026-03-18T10:08:50,-124.087,150.656,,0.000,none
2026-03-18T10:08:51,-124.054,151.005,,0.000,none
2026-03-18T10:08:52,-124.024,151.354,,0.000,none
2026-03-18T10:08:53,-123.998,151.703,,0.000,none
2026-03-18T10:08:54,-123.975,152.052,,0.000,none
2026-03-18T10:08:55,-123.956,152.401,,0.000,none
2026-03-18T10:08:56,-123.939,152.751,,0.000,none
2026-03-18T10:08:57,-123.925,153.101,,0.000,none
2026-03-18T10:08:58,-123.913,153.450,,0.000,none
2026-03-18T10:08:59,-123.903,153.800,,0.000,none
2026-03-18T10:09:00,-123.895,154.150,,0.000,none
2026-03-18T10:09:01,-123.890,154.500,,0.000,none
2026-03-18T10:09:02,-123.886,154.850,,0.000,none
2026-03-18T10:09:03,-123.885,155.200,,0.000,none
2026-03-18T10:09:04,-123.886,155.550,,0.000,none
2026-03-18T10:09:05,-123.889,155.900,,0.000,none
2026-03-18T10:09:06,-123.894,156.250,,0.000,none
2026-03-18T10:09:07,-123.902,156.600,,0.000,none
2026-03-18T10:09:08,-123.911,156.950,,0.000,none
2026-03-18T10:09:09,-123.923,157.300,,0.000,none
2026-03-18T10:09:10,-123.937,157.649,,0.000,none
2026-03-18T10:09:11,-123.953,157.999,,0.000,none
2026-03-18T10:09:12,-123.972,158.349,,0.000,none
2026-03-18T10:09:13,-123.992,158.698,,0.000,none
2026-03-18T10:09:14,-124.014,159.047,,0.000,none
2026-03-18T10:09:15,-124.037,159.396,,0.000,none
2026-03-18T10:09:16,-124.062,159.746,,0.000,none
2026-03-18T10:09:17,-124.087,160.095,,0.000,none
2026-03-18T10:09:18,-124.114,160.444,,0.000,none
2026-03-18T10:09:19,-124.143,160.792,,0.000,none
2026-03-18T10:09:20,-124.172,161.141,,0.000,none
2026-03-18T10:09:21,-124.203,161.490,,0.000,none
2026-03-18T10:09:22,-124.234,161.838,,0.000,none
2026-03-18T10:09:23,-124.267,162.187,,0.000,none
2026-03-18T10:09:24,-124.301,162.535,,0.000,none
2026-03-18T10:09:25,-124.337,162.883,,0.000,none
2026-03-18T10:09:26,-124.373,163.232,,0.000,none
2026-03-18T10:09:27,-124.411,163.579,,0.000,none
2026-03-18T10:09:28,-124.450,163.927,,0.000,none
2026-03-18T10:09:29,-124.490,164.275,,0.000,none
2026-03-18T10:09:30,-124.532,164.623,,0.000,none
2026-03-18T10:09:31,-124.574,164.970,,0.000,none
2026-03-18T10:09:32,-124.618,165.317,,0.000,none
2026-03-18T10:09:33,-124.663,165.664,,0.000,none
2026-03-18T10:09:34,-124.709,166.011,,0.000,none
2026-03-18T10:09:35,-124.756,166.358,,0.000,none
2026-03-18T10:09:36,-124.805,166.705,,0.000,none
2026-03-18T10:09:37,-124.854,167.051,,0.000,none
2026-03-18T10:09:38,-124.905,167.397,,0.000,none
2026-03-18T10:09:39,-124.957,167.744,,0.000,none
2026-03-18T10:09:40,-125.011,168.089,,0.000,none
2026-03-18T10:09:41,-125.065,168.435,,0.000,none
2026-03-18T10:09:42,-125.121,168.781,,0.000,none
2026-03-18T10:09:43,-125.177,169.126,,0.000,none
2026-03-18T10:09:44,-125.235,169.471,,0.000,none
2026-03-18T10:09:45,-125.295,169.816,,0.000,none
2026-03-18T10:09:46,-125.355,170.161,,0.000,none
2026-03-18T10:09:47,-125.417,170.506,,0.000,none
2026-03-18T10:09:48,-125.479,170.850,,0.000,none
2026-03-18T10:09:49,-125.543,171.194,,0.000,none
2026-03-18T10:09:50,-125.608,171.538,,0.000,none
2026-03-18T10:09:51,-125.675,171.881,,0.000,none
2026-03-18T10:09:52,-125.742,172.225,,0.000,none
2026-03-18T10:09:53,-125.811,172.568,,0.000,none
2026-03-18T10:09:54,-125.881,172.911,,0.000,none
2026-03-18T10:09:55,-125.952,173.254,,0.000,none
2026-03-18T10:09:56,-126.024,173.596,,0.000,none
2026-03-18T10:09:57,-126.097,173.939,,0.000,none
2026-03-18T10:09:58,-126.172,174.281,,0.000,none
2026-03-18T10:09:59,-126.248,174.622,,0.000,none
2026-03-18T10:10:00,-126.325,174.964,,0.000,none
2026-03-18T10:10:01,-126.403,175.305,,0.000,none
2026-03-18T10:10:02,-126.482,175.646,,0.000,none
2026-03-18T10:10:03,-126.562,175.986,,0.000,none
2026-03-18T10:10:04,-126.644,176.327,,0.000,none
2026-03-18T10:10:05,-126.726,176.667,,0.000,none
2026-03-18T10:10:06,-126.810,177.007,,0.000,none
2026-03-18T10:10:07,-126.893,177.347,,0.000,none
2026-03-18T10:10:08,-126.978,177.686,,0.000,none
2026-03-18T10:10:09,-127.063,178.026,,0.000,none
2026-03-18T10:10:10,-127.149,178.365,,0.000,none
2026-03-18T10:10:11,-127.235,178.704,,0.000,none
2026-03-18T10:10:12,-127.321,179.044,,0.000,none
2026-03-18T10:10:13,-127.408,179.383,,0.000,none
2026-03-18T10:10:14,-127.495,179.721,,0.000,none
2026-03-18T10:10:15,-127.583,180.060,,0.000,none
2026-03-18T10:10:16,-127.671,180.399,,0.000,none
2026-03-18T10:10:17,-127.759,180.738,,0.000,none
2026-03-18T10:10:18,-127.847,181.077,,0.000,none
2026-03-18T10:10:19,-127.936,181.415,,0.000,none
2026-03-18T10:10:20,-128.025,181.754,,0.000,none
2026-03-18T10:10:21,-128.114,182.092,,0.000,none
2026-03-18T10:10:22,-128.203,182.431,,0.000,none
2026-03-18T10:10:23,-128.292,182.769,,0.000,none
2026-03-18T10:10:24,-128.382,183.107,,0.000,none
2026-03-18T10:10:25,-128.471,183.446,,0.000,none
2026-03-18T10:10:26,-128.561,183.784,,0.000,none
2026-03-18T10:10:27,-128.651,184.122,,0.000,none
2026-03-18T10:10:28,-128.741,184.461,,0.000,none
2026-03-18T10:10:29,-128.831,184.799,,0.000,none
2026-03-18T10:10:30,-128.921,185.137,,0.000,none
2026-03-18T10:10:31,-129.011,185.475,,0.000,none
2026-03-18T10:10:32,-129.101,185.813,,0.000,none
2026-03-18T10:10:33,-129.191,186.152,,0.000,none
2026-03-18T10:10:34,-129.282,186.490,,0.000,none
2026-03-18T10:10:35,-129.372,186.828,,0.000,none
2026-03-18T10:10:36,-129.463,187.166,,0.000,none
2026-03-18T10:10:37,-129.553,187.504,,0.000,none
2026-03-18T10:10:38,-129.644,187.842,,0.000,none
2026-03-18T10:10:39,-129.735,188.180,,0.000,none
2026-03-18T10:10:40,-129.825,188.518,,0.000,none
2026-03-18T10:10:41,-129.916,188.856,,0.000,none
2026-03-18T10:10:42,-130.007,189.194,,0.000,none
2026-03-18T10:10:43,-130.098,189.532,,0.000,none
2026-03-18T10:10:44,-130.188,189.870,,0.000,none
2026-03-18T10:10:45,-130.279,190.208,,0.000,none
2026-03-18T10:10:46,-130.370,190.546,,0.000,none
2026-03-18T10:10:47,-130.461,190.884,,0.000,none
2026-03-18T10:10:48,-130.552,191.222,,0.000,none
2026-03-18T10:10:49,-130.643,191.560,,0.000,none
2026-03-18T10:10:50,-130.734,191.898,,0.000,none
2026-03-18T10:10:51,-130.825,192.236,,0.000,none
2026-03-18T10:10:52,-130.916,192.574,,0.000,none
2026-03-18T10:10:53,-131.007,192.912,,0.000,none
2026-03-18T10:10:54,-131.098,193.250,,0.000,none
2026-03-18T10:10:55,-131.189,193.588,,0.000,none
2026-03-18T10:10:56,-131.280,193.926,,0.000,none
2026-03-18T10:10:57,-131.371,194.264,,0.000,none
2026-03-18T10:10:58,-131.463,194.602,,0.000,none
2026-03-18T10:10:59,-131.554,194.940,,0.000,none
2026-03-18T10:11:00,-131.645,195.278,,0.000,none
2026-03-18T10:11:01,-131.736,195.615,,0.000,none
2026-03-18T10:11:02,-131.827,195.953,,0.000,none
2026-03-18T10:11:03,-131.919,196.291,,0.000,none
2026-03-18T10:11:04,-132.010,196.629,,0.000,none
2026-03-18T10:11:05,-132.101,196.967,,0.000,none
2026-03-18T10:11:06,-132.192,197.305,,0.000,none
2026-03-18T10:11:07,-132.284,197.643,,0.000,none
2026-03-18T10:11:08,-132.375,197.981,,0.000,none
2026-03-18T10:11:09,-132.466,198.318,,0.000,none
2026-03-18T10:11:10,-132.558,198.656,,0.000,none
2026-03-18T10:11:11,-132.649,198.994,,0.000,none
2026-03-18T10:11:12,-132.741,199.332,,0.000,none
2026-03-18T10:11:13,-132.832,199.670,,0.000,none
2026-03-18T10:11:14,-132.923,200.008,,0.000,none
2026-03-18T10:11:15,-133.015,200.346,,0.000,none
2026-03-18T10:11:16,-133.106,200.683,,0.000,none
2026-03-18T10:11:17,-133.198,201.021,,0.000,none
2026-03-18T10:11:18,-133.289,201.359,,0.000,none
2026-03-18T10:11:19,-133.381,201.697,,0.000,none
2026-03-18T10:11:20,-133.472,202.035,,0.000,none
2026-03-18T10:11:21,-133.564,202.373,,0.000,none
2026-03-18T10:11:22,-133.655,202.710,,0.000,none
2026-03-18T10:11:23,-133.747,203.048,,0.000,none
2026-03-18T10:11:24,-133.839,203.386,,0.000,none
2026-03-18T10:11:25,-133.930,203.724,,0.000,none
2026-03-18T10:11:26,-134.022,204.062,,0.000,none
2026-03-18T10:11:27,-134.113,204.399,,0.000,none
2026-03-18T10:11:28,-134.205,204.737,,0.000,none
2026-03-18T10:11:29,-134.297,205.075,,0.000,none
2026-03-18T10:11:30,-134.389,205.413,,0.000,none
2026-03-18T10:11:31,-134.480,205.750,,0.000,none
2026-03-18T10:11:32,-134.572,206.088,,0.000,none
2026-03-18T10:11:33,-134.664,206.426,,0.000,none
2026-03-18T10:11:34,-134.755,206.764,,0.000,none
2026-03-18T10:11:35,-134.847,207.102,,0.000,none
2026-03-18T10:11:36,-134.939,207.439,,0.000,none
2026-03-18T10:11:37,-135.031,207.777,,0.000,none
2026-03-18T10:11:38,-135.123,208.115,,0.000,none
2026-03-18T10:11:39,-135.214,208.453,,0.000,none
2026-03-18T10:11:40,-135.306,208.790,,0.000,none
2026-03-18T10:11:41,-135.398,209.128,,0.000,none
2026-03-18T10:11:42,-135.490,209.466,,0.000,none
2026-03-18T10:11:43,-135.582,209.803,,0.000,none
2026-03-18T10:11:44,-135.674,210.141,,0.000,none
2026-03-18T10:11:45,-135.766,210.479,,0.000,none
2026-03-18T10:11:46,-135.858,210.817,,0.000,none
2026-03-18T10:11:47,-135.950,211.154,,0.000,none
2026-03-18T10:11:48,-136.042,211.492,,0.000,none
2026-03-18T10:11:49,-136.134,211.830,,0.000,none
2026-03-18T10:11:50,-136.226,212.167,,0.000,none
2026-03-18T10:11:51,-136.318,212.505,,0.000,none
2026-03-18T10:11:52,-136.410,212.843,,0.000,none
2026-03-18T10:11:53,-136.502,213.180,,0.000,none
2026-03-18T10:11:54,-136.594,213.518,,0.000,none
2026-03-18T10:11:55,-136.686,213.856,,0.000,none
2026-03-18T10:11:56,-136.778,214.193,,0.000,none
2026-03-18T10:11:57,-136.870,214.531,,0.000,none
2026-03-18T10:11:58,-136.963,214.869,,0.000,none
2026-03-18T10:11:59,-137.055,215.206,,0.000,none
2026-03-18T10:12:00,-137.147,215.544,,0.000,none
2026-03-18T10:23:58,-38.444,1.050,,0.060,none
2026-03-18T10:23:59,-38.477,1.037,,0.024,none
2026-03-18T10:24:00,-38.477,1.037,,0.024,none
2026-03-18T10:24:01,-38.593,0.998,,0.000,none
2026-03-18T10:24:02,-38.929,0.899,,0.000,none
2026-03-18T10:24:03,-39.271,0.826,,0.000,none
2026-03-18T10:24:04,-39.617,0.776,,0.000,none
2026-03-18T10:24:05,-39.966,0.747,,0.000,none
2026-03-18T10:24:06,-40.316,0.735,,0.000,none
2026-03-18T10:24:07,-40.666,0.738,,0.000,none
2026-03-18T10:24:08,-41.016,0.753,,0.000,none
2026-03-18T10:24:09,-41.365,0.774,,0.000,none
2026-03-18T10:24:10,-41.714,0.800,,0.000,none
2026-03-18T10:24:11,-42.063,0.829,,0.000,none
2026-03-18T10:24:12,-42.411,0.865,,0.000,none
2026-03-18T10:24:13,-42.758,0.908,,0.000,none
2026-03-18T10:24:14,-43.105,0.957,,0.000,none
2026-03-18T10:24:15,-43.451,1.010,,0.000,none
2026-03-18T10:24:16,-43.796,1.067,,0.000,none
2026-03-18T10:24:17,-44.141,1.129,,0.000,none
2026-03-18T10:24:18,-44.484,1.197,,0.000,none
2026-03-18T10:24:19,-44.826,1.273,,0.000,none
2026-03-18T10:24:20,-45.166,1.355,,0.000,none
2026-03-18T10:24:21,-45.504,1.445,,0.000,none
2026-03-18T10:24:22,-45.840,1.542,,0.000,none
2026-03-18T10:24:23,-46.174,1.647,,0.000,none
2026-03-18T10:24:24,-46.506,1.760,,0.000,none
2026-03-18T10:24:25,-46.834,1.881,,0.000,none
2026-03-18T10:24:26,-47.159,2.011,,0.000,none
2026-03-18T10:24:27,-47.480,2.149,,0.000,none
2026-03-18T10:24:28,-47.798,2.295,,0.000,none
2026-03-18T10:24:29,-48.113,2.448,,0.000,none
2026-03-18T10:24:30,-48.425,2.608,,0.000,none
2026-03-18T10:24:31,-48.733,2.773,,0.000,none
2026-03-18T10:24:32,-49.038,2.945,,0.000,none
2026-03-18T10:24:33,-49.339,3.124,,0.000,none
2026-03-18T10:24:34,-49.634,3.313,,0.000,none
2026-03-18T10:24:35,-49.922,3.510,,0.000,none
2026-03-18T10:24:36,-50.206,3.715,,0.000,none
2026-03-18T10:24:37,-50.486,3.926,,0.000,none
2026-03-18T10:24:38,-50.761,4.141,,0.000,none
2026-03-18T10:24:39,-51.032,4.363,,0.000,none
2026-03-18T10:24:40,-51.297,4.592,,0.000,none
2026-03-18T10:24:41,-51.555,4.829,,0.000,none
2026-03-18T10:24:42,-51.807,5.072,,0.000,none
2026-03-18T10:24:43,-52.054,5.320,,0.000,none
2026-03-18T10:24:44,-52.296,5.572,,0.000,none
2026-03-18T10:24:45,-52.536,5.827,,0.000,none
2026-03-18T10:24:46,-52.773,6.085,,0.000,none
2026-03-18T10:24:47,-53.007,6.345,,0.000,none
2026-03-18T10:24:48,-53.237,6.608,,0.000,none
2026-03-18T10:24:49,-53.464,6.875,,0.000,none
2026-03-18T10:24:50,-53.687,7.145,,0.000,none
2026-03-18T10:24:51,-53.906,7.418,,0.000,none
2026-03-18T10:24:52,-54.120,7.695,,0.000,none
2026-03-18T10:24:53,-54.330,7.975,,0.000,none
2026-03-18T10:24:54,-54.536,8.258,,0.000,none
2026-03-18T10:24:55,-54.737,8.544,,0.000,none
2026-03-18T10:24:56,-54.935,8.833,,0.000,none
2026-03-18T10:24:57,-55.081,9.060,,0.000,none
2026-03-18T10:24:58,-55.130,9.172,,0.000,none
2026-03-18T10:24:59,-55.222,9.420,,0.000,none
2026-03-18T10:25:00,-55.344,9.672,,0.000,none
2026-03-18T10:25:01,-55.490,9.910,,0.000,none
2026-03-18T10:25:02,-55.659,10.133,,0.000,none
2026-03-18T10:25:03,-55.850,10.338,,0.000,none
2026-03-18T10:25:04,-56.061,10.523,,0.000,none
2026-03-18T10:25:05,-56.288,10.686,,0.000,none
2026-03-18T10:25:06,-56.350,10.735,,0.000,none
2026-03-18T10:25:07,-56.379,10.778,,0.000,none
2026-03-18T10:25:08,-56.391,10.799,,0.000,none
2026-03-18T10:25:09,-56.391,10.799,,0.000,none
2026-03-18T10:25:10,-56.453,10.927,,0.000,none
2026-03-18T10:25:11,-56.490,11.043,,0.000,none
2026-03-18T10:25:12,-56.545,11.286,,0.000,none
2026-03-18T10:25:13,-56.632,11.552,,0.000,none
2026-03-18T10:25:14,-56.745,11.807,,0.000,none
2026-03-18T10:25:15,-56.883,12.051,,0.000,none
2026-03-18T10:25:16,-57.045,12.279,,0.000,none
2026-03-18T10:25:17,-57.229,12.490,,0.000,none
2026-03-18T10:25:18,-57.433,12.682,,0.000,none
2026-03-18T10:25:19,-57.655,12.852,,0.000,none
2026-03-18T10:25:20,-57.893,13.000,,0.000,none
2026-03-18T10:25:21,-58.144,13.123,,0.000,none
2026-03-18T10:25:22,-58.407,13.220,,0.000,none
2026-03-18T10:25:23,-58.621,13.306,,0.000,none
2026-03-18T10:25:24,-58.838,13.430,,0.000,none
2026-03-18T10:25:25,-59.040,13.569,,0.000,none
2026-03-18T10:25:26,-59.220,13.730,,0.000,none
2026-03-18T10:25:27,-59.377,13.911,,0.000,none
2026-03-18T10:25:28,-59.514,14.109,,0.000,none
2026-03-18T10:25:29,-59.637,14.311,,0.000,none
2026-03-18T10:25:30,-59.749,14.524,,0.000,none
2026-03-18T10:25:31,-59.844,14.740,,0.000,none
2026-03-18T10:25:32,-59.927,14.961,,0.000,none
2026-03-18T10:25:33,-60.003,15.194,,0.000,none
2026-03-18T10:25:34,-60.058,15.395,,0.000,none
2026-03-18T10:25:35,-60.058,15.395,,0.000,none
2026-03-18T10:25:36,-60.034,15.475,,0.000,none
2026-03-18T10:25:37,-59.971,15.748,,0.000,none
2026-03-18T10:25:38,-59.936,16.025,,0.000,none
2026-03-18T10:25:39,-59.928,16.305,,0.000,none
2026-03-18T10:25:40,-59.949,16.584,,0.000,none
2026-03-18T10:25:41,-59.997,16.860,,0.000,none
2026-03-18T10:25:42,-60.073,17.129,,0.000,none
2026-03-18T10:25:43,-60.175,17.390,,0.000,none
2026-03-18T10:25:44,-60.302,17.639,,0.000,none
2026-03-18T10:25:45,-60.432,17.859,,0.000,none
2026-03-18T10:25:46,-60.536,18.065,,0.000,none
2026-03-18T10:25:47,-60.536,18.065,,0.000,none
2026-03-18T10:25:48,-60.535,18.177,,0.000,none
2026-03-18T10:25:49,-60.553,18.456,,0.000,none
2026-03-18T10:25:50,-60.598,18.733,,0.000,none
2026-03-18T10:25:51,-60.662,18.990,,0.000,none
2026-03-18T10:25:52,-60.719,19.219,,0.000,none
2026-03-18T10:25:53,-60.774,19.468,,0.000,none
2026-03-18T10:25:54,-60.824,19.704,,0.000,none
2026-03-18T10:25:55,-60.880,19.958,,0.000,none
2026-03-18T10:25:56,-60.934,20.198,,0.000,none
2026-03-18T10:25:57,-60.984,20.438,,0.000,none
2026-03-18T10:25:58,-61.035,20.679,,0.000,none
2026-03-18T10:25:59,-61.083,20.930,,0.000,none
2026-03-18T10:26:00,-61.133,21.175,,0.000,none
2026-03-18T10:26:01,-61.136,21.193,,0.000,none
2026-03-18T10:26:02,-61.115,21.274,,0.000,none
2026-03-18T10:26:03,-61.063,21.549,,0.000,none
2026-03-18T10:26:04,-61.041,21.698,,0.000,none
2026-03-18T10:26:05,-61.021,21.751,,0.000,none
2026-03-18T10:26:06,-61.021,21.751,,0.000,none
2026-03-18T10:26:07,-61.021,21.751,,0.000,none
2026-03-18T10:26:08,-60.909,21.997,,0.000,none
2026-03-18T10:26:09,-60.842,22.100,,0.000,none
2026-03-18T10:26:10,-60.684,22.311,,0.000,none
2026-03-18T10:26:11,-60.539,22.550,,0.000,none
2026-03-18T10:26:12,-60.418,22.803,,0.000,none
2026-03-18T10:26:13,-60.324,23.067,,0.000,none
2026-03-18T10:26:14,-60.256,23.338,,0.000,none
2026-03-18T10:26:15,-60.215,23.615,,0.000,none
2026-03-18T10:26:16,-60.213,23.632,,0.000,none
2026-03-18T10:26:17,-60.213,23.632,,0.000,none
2026-03-18T10:26:18,-60.185,23.911,,0.000,none
2026-03-18T10:26:19,-60.184,24.067,,0.000,none
2026-03-18T10:26:20,-60.203,24.223,,0.000,none
2026-03-18T10:26:21,-60.204,24.345,,0.000,none
2026-03-18T10:26:22,-60.182,24.577,,0.000,none
2026-03-18T10:26:23,-60.181,24.857,,0.000,none
2026-03-18T10:26:24,-60.207,25.135,,0.000,none
2026-03-18T10:26:25,-60.261,25.410,,0.000,none
2026-03-18T10:26:26,-60.342,25.678,,0.000,none
2026-03-18T10:26:27,-60.450,25.936,,0.000,none
2026-03-18T10:26:28,-60.583,26.183,,0.000,none
2026-03-18T10:26:29,-60.739,26.414,,0.000,none
2026-03-18T10:26:30,-60.919,26.630,,0.000,none
2026-03-18T10:26:31,-61.118,26.826,,0.000,none
2026-03-18T10:26:32,-61.336,27.001,,0.000,none
2026-03-18T10:26:33,-61.544,27.141,,0.000,none
2026-03-18T10:26:34,-61.544,27.141,,0.000,none
2026-03-18T10:26:35,-61.548,27.157,,0.000,none
2026-03-18T10:26:36,-61.550,27.198,,0.000,none
2026-03-18T10:26:37,-61.545,27.239,,0.000,none
2026-03-18T10:26:38,-61.545,27.239,,0.000,none
2026-03-18T10:26:39,-61.535,27.308,,0.000,none
2026-03-18T10:26:40,-61.470,27.652,,0.000,none
2026-03-18T10:26:41,-61.394,27.994,,0.000,none
2026-03-18T10:26:42,-61.307,28.333,,0.000,none
2026-03-18T10:26:43,-61.214,28.670,,0.000,none
2026-03-18T10:26:44,-61.121,29.008,,0.000,none
2026-03-18T10:26:45,-61.035,29.347,,0.000,none
2026-03-18T10:26:46,-60.960,29.689,,0.000,none
2026-03-18T10:26:47,-60.904,30.034,,0.000,none
2026-03-18T10:26:48,-60.868,30.382,,0.000,none
2026-03-18T10:26:49,-60.850,30.732,,0.000,none
2026-03-18T10:26:50,-60.850,31.082,,0.000,none
2026-03-18T10:26:51,-60.867,31.431,,0.000,none
2026-03-18T10:26:52,-60.902,31.780,,0.000,none
2026-03-18T10:26:53,-60.932,31.968,,0.000,none
2026-03-18T10:26:54,-60.988,32.111,,0.000,none
2026-03-18T10:26:55,-61.116,32.360,,0.000,none
2026-03-18T10:26:56,-61.269,32.594,,0.000,none
2026-03-18T10:26:57,-61.445,32.812,,0.000,none
2026-03-18T10:26:58,-61.642,33.011,,0.000,none
2026-03-18T10:26:59,-61.857,33.190,,0.000,none
2026-03-18T10:27:00,-62.089,33.346,,0.000,none
2026-03-18T10:27:01,-62.305,33.467,,0.000,none
2026-03-18T10:27:02,-62.308,33.470,,0.000,none
2026-03-18T10:27:03,-62.308,33.470,,0.000,none
2026-03-18T10:27:04,-62.317,33.495,,0.000,none
2026-03-18T10:27:05,-62.317,33.495,,0.000,none
2026-03-18T10:27:06,-62.371,33.661,,0.000,none
2026-03-18T10:27:07,-62.476,33.995,,0.000,none
2026-03-18T10:27:08,-62.584,34.328,,0.000,none
2026-03-18T10:27:09,-62.701,34.658,,0.000,none
2026-03-18T10:27:10,-62.829,34.984,,0.000,none
2026-03-18T10:27:11,-62.970,35.304,,0.000,none
2026-03-18T10:27:12,-63.125,35.618,,0.000,none
2026-03-18T10:27:13,-63.297,35.923,,0.000,none
2026-03-18T10:27:14,-63.485,36.218,,0.000,none
2026-03-18T10:27:15,-63.689,36.502,,0.000,none
2026-03-18T10:27:16,-63.909,36.774,,0.000,none
2026-03-18T10:27:17,-64.140,37.037,,0.000,none
2026-03-18T10:27:18,-64.381,37.291,,0.000,none
2026-03-18T10:27:19,-64.631,37.536,,0.000,none
2026-03-18T10:27:20,-64.890,37.772,,0.000,none
2026-03-18T10:27:21,-65.156,37.999,,0.000,none
2026-03-18T10:27:22,-65.429,38.218,,0.000,none
2026-03-18T10:27:23,-65.708,38.429,,0.000,none
2026-03-18T10:27:24,-65.993,38.633,,0.000,none
2026-03-18T10:27:25,-66.281,38.831,,0.000,none
2026-03-18T10:27:26,-66.572,39.026,,0.000,none
2026-03-18T10:27:27,-66.864,39.218,,0.000,none
2026-03-18T10:27:28,-67.160,39.406,,0.000,none
2026-03-18T10:27:29,-67.457,39.591,,0.000,none
2026-03-18T10:27:30,-67.755,39.774,,0.000,none
2026-03-18T10:27:31,-68.055,39.954,,0.000,none
2026-03-18T10:27:32,-68.355,40.134,,0.000,none
2026-03-18T10:27:33,-68.656,40.313,,0.000,none
2026-03-18T10:27:34,-68.957,40.492,,0.000,none
2026-03-18T10:27:35,-69.258,40.671,,0.000,none
2026-03-18T10:27:36,-69.558,40.851,,0.000,none
2026-03-18T10:27:37,-69.858,41.030,,0.000,none
2026-03-18T10:27:38,-70.159,41.210,,0.000,none
2026-03-18T10:27:39,-70.459,41.391,,0.000,none
2026-03-18T10:27:40,-70.758,41.571,,0.000,none
2026-03-18T10:27:41,-71.058,41.752,,0.000,none
2026-03-18T10:27:42,-71.358,41.932,,0.000,none
2026-03-18T10:27:43,-71.658,42.113,,0.000,none
2026-03-18T10:27:44,-71.958,42.293,,0.000,none
2026-03-18T10:27:45,-72.258,42.474,,0.000,none
2026-03-18T10:27:46,-72.558,42.654,,0.000,none
2026-03-18T10:27:47,-72.858,42.834,,0.000,none
2026-03-18T10:27:48,-73.159,43.012,,0.000,none
2026-03-18T10:27:49,-73.461,43.190,,0.000,none
2026-03-18T10:27:50,-73.763,43.366,,0.000,none
2026-03-18T10:27:51,-74.066,43.541,,0.000,none
2026-03-18T10:27:52,-74.371,43.714,,0.000,none
2026-03-18T10:27:53,-74.676,43.886,,0.000,none
2026-03-18T10:27:54,-74.982,44.055,,0.000,none
2026-03-18T10:27:55,-75.288,44.224,,0.000,none
2026-03-18T10:27:56,-75.596,44.390,,0.000,none
2026-03-18T10:27:57,-75.905,44.555,,0.000,none
2026-03-18T10:27:58,-76.215,44.718,,0.000,none
2026-03-18T10:27:59,-76.525,44.879,,0.000,none
2026-03-18T10:28:00,-76.837,45.039,,0.000,none
2026-03-18T10:28:01,-77.149,45.197,,0.000,none
2026-03-18T10:28:02,-77.462,45.355,,0.000,none
2026-03-18T10:28:03,-77.775,45.511,,0.000,none
2026-03-18T10:28:04,-78.088,45.667,,0.000,none
2026-03-18T10:28:05,-78.402,45.823,,0.000,none
2026-03-18T10:28:06,-78.715,45.978,,0.000,none
2026-03-18T10:28:07,-79.029,46.133,,0.000,none
2026-03-18T10:28:08,-79.343,46.287,,0.000,none
2026-03-18T10:28:09,-79.657,46.442,,0.000,none
2026-03-18T10:28:10,-79.971,46.597,,0.000,none
2026-03-18T10:28:11,-80.285,46.751,,0.000,none
2026-03-18T10:28:12,-80.599,46.906,,0.000,none
2026-03-18T10:28:13,-80.913,47.061,,0.000,none
2026-03-18T10:28:14,-81.226,47.218,,0.000,none
2026-03-18T10:28:15,-81.537,47.379,,0.000,none
2026-03-18T10:28:16,-81.848,47.538,,0.000,none
2026-03-18T10:28:17,-82.160,47.697,,0.000,none
2026-03-18T10:28:18,-82.471,47.858,,0.000,none
2026-03-18T10:28:19,-82.782,48.017,,0.000,none
2026-03-18T10:28:20,-83.096,48.174,,0.000,none
2026-03-18T10:28:21,-83.410,48.328,,0.000,none
2026-03-18T10:28:22,-83.725,48.480,,0.000,none
2026-03-18T10:28:23,-84.041,48.630,,0.000,none
2026-03-18T10:28:24,-84.358,48.779,,0.000,none
2026-03-18T10:28:25,-84.675,48.927,,0.000,none
2026-03-18T10:28:26,-84.993,49.074,,0.000,none
2026-03-18T10:28:27,-85.311,49.220,,0.000,none
2026-03-18T10:28:28,-85.629,49.367,,0.000,none
2026-03-18T10:28:29,-85.947,49.513,,0.000,none
2026-03-18T10:28:30,-86.265,49.659,,0.000,none
2026-03-18T10:28:31,-86.583,49.804,,0.000,none
2026-03-18T10:28:32,-86.901,49.950,,0.000,none
2026-03-18T10:28:33,-87.220,50.095,,0.000,none
2026-03-18T10:28:34,-87.538,50.241,,0.000,none
2026-03-18T10:28:35,-87.856,50.388,,0.000,none
2026-03-18T10:28:36,-88.172,50.537,,0.000,none
2026-03-18T10:28:37,-88.488,50.687,,0.000,none
2026-03-18T10:28:38,-88.804,50.838,,0.000,none
2026-03-18T10:28:39,-89.119,50.991,,0.000,none
2026-03-18T10:28:40,-89.433,51.145,,0.000,none
2026-03-18T10:28:41,-89.747,51.301,,0.000,none
2026-03-18T10:28:42,-90.059,51.460,,0.000,none
2026-03-18T10:28:43,-90.366,51.628,,0.000,none
2026-03-18T10:28:44,-90.670,51.801,,0.000,none
2026-03-18T10:28:45,-90.973,51.976,,0.000,none
2026-03-18T10:28:46,-91.273,52.156,,0.000,none
2026-03-18T10:28:47,-91.573,52.336,,0.000,none
2026-03-18T10:28:48,-91.872,52.518,,0.000,none
2026-03-18T10:28:49,-92.170,52.702,,0.000,none
2026-03-18T10:28:50,-92.466,52.889,,0.000,none
2026-03-18T10:28:51,-92.760,53.078,,0.000,none
2026-03-18T10:28:52,-93.052,53.271,,0.000,none
2026-03-18T10:28:53,-93.342,53.468,,0.000,none
2026-03-18T10:28:54,-93.628,53.669,,0.000,none
2026-03-18T10:28:55,-93.911,53.875,,0.000,none
2026-03-18T10:28:56,-94.190,54.086,,0.000,none
2026-03-18T10:28:57,-94.466,54.301,,0.000,none
2026-03-18T10:28:58,-94.741,54.518,,0.000,none
2026-03-18T10:28:59,-95.014,54.737,,0.000,none
2026-03-18T10:29:00,-95.285,54.959,,0.000,none
2026-03-18T10:29:01,-95.553,55.184,,0.000,none
2026-03-18T10:29:02,-95.818,55.412,,0.000,none
2026-03-18T10:29:03,-96.080,55.644,,0.000,none
2026-03-18T10:29:04,-96.340,55.878,,0.000,none
2026-03-18T10:29:05,-96.597,56.116,,0.000,none
2026-03-18T10:29:06,-96.851,56.357,,0.000,none
2026-03-18T10:29:07,-97.102,56.601,,0.000,none
2026-03-18T10:29:08,-97.351,56.847,,0.000,none
2026-03-18T10:29:09,-97.596,57.097,,0.000,none
2026-03-18T10:29:10,-97.833,57.355,,0.000,none
2026-03-18T10:29:11,-98.062,57.619,,0.000,none
2026-03-18T10:29:12,-98.280,57.893,,0.000,none
2026-03-18T10:29:13,-98.491,58.172,,0.000,none
2026-03-18T10:29:14,-98.625,58.338,,0.000,none
2026-03-18T10:29:15,-98.737,58.432,,0.000,none
2026-03-18T10:29:16,-98.963,58.597,,0.000,none
2026-03-18T10:29:17,-98.981,58.612,,0.000,none
2026-03-18T10:29:18,-98.981,58.612,,0.000,none
2026-03-18T10:29:19,-99.112,58.843,,0.000,none
2026-03-18T10:29:20,-99.272,59.073,,0.000,none
2026-03-18T10:29:21,-99.455,59.285,,0.000,none
2026-03-18T10:29:22,-99.658,59.478,,0.000,none
2026-03-18T10:29:23,-99.879,59.649,,0.000,none
2026-03-18T10:29:24,-100.116,59.798,,0.000,none
2026-03-18T10:29:25,-100.367,59.922,,0.000,none
2026-03-18T10:29:26,-100.629,60.021,,0.000,none
2026-03-18T10:29:27,-100.899,60.093,,0.000,none
2026-03-18T10:29:28,-101.176,60.137,,0.000,none
2026-03-18T10:29:29,-101.455,60.154,,0.000,none
2026-03-18T10:29:30,-101.735,60.143,,0.000,none
2026-03-18T10:29:31,-102.012,60.104,,0.000,none
2026-03-18T10:29:32,-102.215,60.067,,0.000,none
2026-03-18T10:29:33,-102.422,60.076,,0.000,none
2026-03-18T10:29:34,-102.599,60.109,,0.000,none
2026-03-18T10:29:35,-102.790,60.160,,0.000,none
2026-03-18T10:29:36,-102.970,60.271,,0.000,none
2026-03-18T10:29:37,-103.065,60.363,,0.000,none
2026-03-18T10:29:38,-103.065,60.363,,0.000,none
2026-03-18T10:29:39,-103.137,60.560,,0.000,none
2026-03-18T10:29:40,-103.190,60.690,,0.000,none
2026-03-18T10:29:41,-103.190,60.690,,0.000,none
2026-03-18T10:29:42,-103.166,60.884,,0.000,none
2026-03-18T10:29:43,-103.151,61.018,,0.000,none
2026-03-18T10:29:44,-103.132,61.066,,0.000,none
2026-03-18T10:29:45,-103.118,61.093,,0.000,none
2026-03-18T10:29:46,-103.118,61.093,,0.000,none
2026-03-18T10:29:47,-103.033,61.246,,0.000,none
2026-03-18T10:29:48,-102.916,61.451,,0.000,none
2026-03-18T10:29:49,-102.838,61.545,,0.000,none
2026-03-18T10:29:50,-102.652,61.755,,0.000,none
2026-03-18T10:29:51,-102.489,61.982,,0.000,none
2026-03-18T10:29:52,-102.348,62.224,,0.000,none
2026-03-18T10:29:53,-102.331,62.258,,0.000,none
2026-03-18T10:29:54,-102.331,62.258,,0.000,none
2026-03-18T10:29:55,-102.258,62.418,,0.000,none
2026-03-18T10:29:56,-102.128,62.742,,0.000,none
2026-03-18T10:29:57,-102.013,63.073,,0.000,none
2026-03-18T10:29:58,-101.909,63.407,,0.000,none
2026-03-18T10:29:59,-101.818,63.745,,0.000,none
2026-03-18T10:30:00,-101.742,64.087,,0.000,none
2026-03-18T10:30:01,-101.684,64.432,,0.000,none
2026-03-18T10:30:02,-101.644,64.780,,0.000,none
2026-03-18T10:30:03,-101.624,65.129,,0.000,none
2026-03-18T10:30:04,-101.614,65.479,,0.000,none
2026-03-18T10:30:05,-101.602,65.829,,0.000,none
2026-03-18T10:30:06,-101.589,66.178,,0.000,none
2026-03-18T10:30:07,-101.572,66.528,,0.000,none
2026-03-18T10:30:08,-101.555,66.878,,0.000,none
2026-03-18T10:30:09,-101.538,67.227,,0.000,none
2026-03-18T10:30:10,-101.520,67.577,,0.000,none
2026-03-18T10:30:11,-101.499,67.926,,0.000,none
2026-03-18T10:30:12,-101.476,68.275,,0.000,none
2026-03-18T10:30:13,-101.449,68.624,,0.000,none
2026-03-18T10:30:14,-101.418,68.973,,0.000,none
2026-03-18T10:30:15,-101.385,69.321,,0.000,none
2026-03-18T10:30:16,-101.350,69.670,,0.000,none
2026-03-18T10:30:17,-101.312,70.018,,0.000,none
2026-03-18T10:30:18,-101.270,70.365,,0.000,none
2026-03-18T10:30:19,-101.225,70.712,,0.000,none
2026-03-18T10:30:20,-101.177,71.059,,0.000,none
2026-03-18T10:30:21,-101.125,71.405,,0.000,none
2026-03-18T10:30:22,-101.071,71.751,,0.000,none
2026-03-18T10:30:23,-101.014,72.096,,0.000,none
2026-03-18T10:30:24,-100.954,72.441,,0.000,none
2026-03-18T10:30:25,-100.894,72.786,,0.000,none
2026-03-18T10:30:26,-100.832,73.130,,0.000,none
2026-03-18T10:30:27,-100.769,73.474,,0.000,none
2026-03-18T10:30:28,-100.704,73.818,,0.000,none
2026-03-18T10:30:29,-100.638,74.162,,0.000,none
2026-03-18T10:30:30,-100.571,74.505,,0.000,none
2026-03-18T10:30:31,-100.503,74.849,,0.000,none
2026-03-18T10:30:32,-100.435,75.192,,0.000,none
2026-03-18T10:30:33,-100.368,75.536,,0.000,none
2026-03-18T10:30:34,-100.301,75.879,,0.000,none
2026-03-18T10:30:35,-100.235,76.223,,0.000,none
2026-03-18T10:30:36,-100.171,76.567,,0.000,none
2026-03-18T10:30:37,-100.107,76.911,,0.000,none
2026-03-18T10:30:38,-100.045,77.256,,0.000,none
2026-03-18T10:30:39,-99.984,77.600,,0.000,none
2026-03-18T10:30:40,-99.925,77.945,,0.000,none
2026-03-18T10:30:41,-99.867,78.290,,0.000,none
2026-03-18T10:30:42,-99.811,78.636,,0.000,none
2026-03-18T10:30:43,-99.756,78.982,,0.000,none
2026-03-18T10:30:44,-99.703,79.328,,0.000,none
2026-03-18T10:30:45,-99.651,79.674,,0.000,none
2026-03-18T10:30:46,-99.600,80.020,,0.000,none
2026-03-18T10:30:47,-99.549,80.366,,0.000,none
2026-03-18T10:30:48,-99.499,80.713,,0.000,none
2026-03-18T10:30:49,-99.450,81.059,,0.000,none
2026-03-18T10:30:50,-99.402,81.406,,0.000,none
2026-03-18T10:30:51,-99.353,81.752,,0.000,none
2026-03-18T10:30:52,-99.304,82.099,,0.000,none
2026-03-18T10:30:53,-99.255,82.446,,0.000,none
2026-03-18T10:30:54,-99.206,82.792,,0.000,none
2026-03-18T10:30:55,-99.156,83.138,,0.000,none
2026-03-18T10:30:56,-99.106,83.485,,0.000,none
2026-03-18T10:30:57,-99.056,83.831,,0.000,none
2026-03-18T10:30:58,-99.005,84.178,,0.000,none
2026-03-18T10:30:59,-98.953,84.524,,0.000,none
2026-03-18T10:31:00,-98.902,84.870,,0.000,none
2026-03-18T10:31:01,-98.849,85.216,,0.000,none
2026-03-18T10:31:02,-98.797,85.562,,0.000,none
2026-03-18T10:31:03,-98.744,85.908,,0.000,none
2026-03-18T10:31:04,-98.690,86.254,,0.000,none
2026-03-18T10:31:05,-98.636,86.600,,0.000,none
2026-03-18T10:31:06,-98.581,86.945,,0.000,none
2026-03-18T10:31:07,-98.526,87.291,,0.000,none
2026-03-18T10:31:08,-98.470,87.636,,0.000,none
2026-03-18T10:31:09,-98.416,87.982,,0.000,none
2026-03-18T10:31:10,-98.361,88.328,,0.000,none
2026-03-18T10:31:11,-98.307,88.674,,0.000,none
2026-03-18T10:31:12,-98.253,89.020,,0.000,none
2026-03-18T10:31:13,-98.201,89.366,,0.000,none
2026-03-18T10:31:14,-98.149,89.712,,0.000,none
2026-03-18T10:31:15,-98.097,90.058,,0.000,none
2026-03-18T10:31:16,-98.047,90.404,,0.000,none
2026-03-18T10:31:17,-97.997,90.751,,0.000,none
2026-03-18T10:31:18,-97.949,91.097,,0.000,none
2026-03-18T10:31:19,-97.901,91.444,,0.000,none
2026-03-18T10:31:20,-97.854,91.791,,0.000,none
2026-03-18T10:31:21,-97.807,92.138,,0.000,none
2026-03-18T10:31:22,-97.762,92.485,,0.000,none
2026-03-18T10:31:23,-97.719,92.832,,0.000,none
2026-03-18T10:31:24,-97.676,93.180,,0.000,none
2026-03-18T10:31:25,-97.635,93.527,,0.000,none
2026-03-18T10:31:26,-97.595,93.875,,0.000,none
2026-03-18T10:31:27,-97.556,94.223,,0.000,none
2026-03-18T10:31:28,-97.517,94.570,,0.000,none
2026-03-18T10:31:29,-97.478,94.918,,0.000,none
2026-03-18T10:31:30,-97.439,95.266,,0.000,none
2026-03-18T10:31:31,-97.399,95.614,,0.000,none
2026-03-18T10:31:32,-97.359,95.962,,0.000,none
2026-03-18T10:31:33,-97.319,96.309,,0.000,none
2026-03-18T10:31:34,-97.279,96.657,,0.000,none
2026-03-18T10:31:35,-97.238,97.004,,0.000,none
2026-03-18T10:31:36,-97.196,97.352,,0.000,none
2026-03-18T10:31:37,-97.155,97.700,,0.000,none
2026-03-18T10:31:38,-97.113,98.047,,0.000,none
2026-03-18T10:31:39,-97.070,98.394,,0.000,none
2026-03-18T10:31:40,-97.026,98.742,,0.000,none
2026-03-18T10:31:41,-96.981,99.089,,0.000,none
2026-03-18T10:31:42,-96.935,99.436,,0.000,none
2026-03-18T10:31:43,-96.888,99.782,,0.000,none
2026-03-18T10:31:44,-96.840,100.129,,0.000,none
2026-03-18T10:31:45,-96.793,100.476,,0.000,none
2026-03-18T10:31:46,-96.748,100.823,,0.000,none
2026-03-18T10:31:47,-96.706,101.171,,0.000,none
2026-03-18T10:31:48,-96.666,101.518,,0.000,none
2026-03-18T10:31:49,-96.626,101.866,,0.000,none
2026-03-18T10:31:50,-96.587,102.214,,0.000,none
2026-03-18T10:31:51,-96.548,102.562,,0.000,none
2026-03-18T10:31:52,-96.512,102.910,,0.000,none
2026-03-18T10:31:53,-96.479,103.258,,0.000,none
2026-03-18T10:31:54,-96.451,103.607,,0.000,none
2026-03-18T10:31:55,-96.430,103.956,,0.000,none
2026-03-18T10:31:56,-96.411,104.306,,0.000,none
2026-03-18T10:31:57,-96.396,104.656,,0.000,none
2026-03-18T10:31:58,-96.385,105.006,,0.000,none
2026-03-18T10:31:59,-96.378,105.355,,0.000,none
2026-03-18T10:32:00,-96.377,105.705,,0.000,none
2026-03-18T10:32:01,-96.382,106.055,,0.000,none
2026-03-18T10:32:02,-96.396,106.405,,0.000,none
2026-03-18T10:32:03,-96.421,106.754,,0.000,none
2026-03-18T10:32:04,-96.458,107.102,,0.000,none
2026-03-18T10:32:05,-96.505,107.449,,0.000,none
2026-03-18T10:32:06,-96.565,107.794,,0.000,none
2026-03-18T10:32:07,-96.635,108.137,,0.000,none
2026-03-18T10:32:08,-96.716,108.477,,0.000,none
2026-03-18T10:32:09,-96.807,108.815,,0.000,none
2026-03-18T10:32:10,-96.911,109.149,,0.000,none
2026-03-18T10:32:11,-97.027,109.479,,0.000,none
2026-03-18T10:32:12,-97.157,109.804,,0.000,none
2026-03-18T10:32:13,-97.300,110.124,,0.000,none
2026-03-18T10:32:14,-97.455,110.438,,0.000,none
2026-03-18T10:32:15,-97.620,110.746,,0.000,none
2026-03-18T10:32:16,-97.795,111.049,,0.000,none
2026-03-18T10:32:17,-97.980,111.347,,0.000,none
2026-03-18T10:32:18,-98.174,111.638,,0.000,none
2026-03-18T10:32:19,-98.381,111.920,,0.000,none
2026-03-18T10:32:20,-98.607,112.187,,0.000,none
2026-03-18T10:32:21,-98.849,112.440,,0.000,none
2026-03-18T10:32:22,-99.102,112.682,,0.000,none
2026-03-18T10:32:23,-99.363,112.915,,0.000,none
2026-03-18T10:32:24,-99.630,113.142,,0.000,none
2026-03-18T10:32:25,-99.901,113.363,,0.000,none
2026-03-18T10:32:26,-100.176,113.579,,0.000,none
2026-03-18T10:32:27,-100.454,113.791,,0.000,none
2026-03-18T10:32:28,-100.737,113.998,,0.000,none
2026-03-18T10:32:29,-101.023,114.200,,0.000,none
2026-03-18T10:32:30,-101.312,114.397,,0.000,none
2026-03-18T10:32:31,-101.604,114.590,,0.000,none
2026-03-18T10:32:32,-101.898,114.779,,0.000,none
2026-03-18T10:32:33,-102.193,114.967,,0.000,none
2026-03-18T10:32:34,-102.489,115.154,,0.000,none
2026-03-18T10:32:35,-102.786,115.340,,0.000,none
2026-03-18T10:32:36,-103.083,115.524,,0.000,none
2026-03-18T10:32:37,-103.382,115.707,,0.000,none
2026-03-18T10:32:38,-103.682,115.888,,0.000,none
2026-03-18T10:32:39,-103.982,116.067,,0.000,none
2026-03-18T10:32:40,-104.283,116.246,,0.000,none
2026-03-18T10:32:41,-104.584,116.425,,0.000,none
2026-03-18T10:32:42,-104.884,116.604,,0.000,none
2026-03-18T10:32:43,-105.186,116.782,,0.000,none
2026-03-18T10:32:44,-105.487,116.960,,0.000,none
2026-03-18T10:32:45,-105.790,117.136,,0.000,none
2026-03-18T10:32:46,-106.092,117.313,,0.000,none
2026-03-18T10:32:47,-106.395,117.488,,0.000,none
2026-03-18T10:32:48,-106.697,117.664,,0.000,none
2026-03-18T10:32:49,-107.000,117.840,,0.000,none
2026-03-18T10:32:50,-107.304,118.014,,0.000,none
2026-03-18T10:32:51,-107.607,118.189,,0.000,none
2026-03-18T10:32:52,-107.909,118.365,,0.000,none
2026-03-18T10:32:53,-108.211,118.542,,0.000,none
2026-03-18T10:32:54,-108.513,118.720,,0.000,none
2026-03-18T10:32:55,-108.814,118.898,,0.000,none
2026-03-18T10:32:56,-109.115,119.076,,0.000,none
2026-03-18T10:32:57,-109.416,119.255,,0.000,none
2026-03-18T10:32:58,-109.717,119.433,,0.000,none
2026-03-18T10:32:59,-110.019,119.610,,0.000,none
2026-03-18T10:33:00,-110.321,119.787,,0.000,none
2026-03-18T10:33:01,-110.624,119.962,,0.000,none
2026-03-18T10:33:02,-110.928,120.136,,0.000,none
2026-03-18T10:33:03,-111.233,120.307,,0.000,none
2026-03-18T10:33:04,-111.540,120.476,,0.000,none
2026-03-18T10:33:05,-111.849,120.640,,0.000,none
2026-03-18T10:33:06,-112.160,120.802,,0.000,none
2026-03-18T10:33:07,-112.472,120.959,,0.000,none
2026-03-18T10:33:08,-112.587,121.028,,0.000,none
2026-03-18T10:33:09,-112.742,121.156,,0.000,none
2026-03-18T10:33:10,-112.970,121.318,,0.000,none
2026-03-18T10:33:11,-113.213,121.457,,0.000,none
2026-03-18T10:33:12,-113.469,121.570,,0.000,none
2026-03-18T10:33:13,-113.735,121.658,,0.000,none
2026-03-18T10:33:14,-114.008,121.719,,0.000,none
2026-03-18T10:33:15,-114.286,121.752,,0.000,none
2026-03-18T10:33:16,-114.566,121.757,,0.000,none
2026-03-18T10:33:17,-114.845,121.734,,0.000,none
2026-03-18T10:33:18,-115.082,121.695,,0.000,none
2026-03-18T10:33:19,-115.085,121.696,,0.000,none
2026-03-18T10:33:20,-115.125,121.708,,0.000,none
2026-03-18T10:33:21,-115.174,121.733,,0.000,none
2026-03-18T10:33:22,-115.192,121.745,,0.000,none
2026-03-18T10:33:23,-115.192,121.745,,0.000,none
2026-03-18T10:33:24,-115.366,121.863,,0.000,none
2026-03-18T10:33:25,-115.510,121.969,,0.000,none
2026-03-18T10:33:26,-115.625,122.094,,0.000,none
2026-03-18T10:33:27,-115.824,122.291,,0.000,none
2026-03-18T10:33:28,-116.042,122.467,,0.000,none
2026-03-18T10:33:29,-116.276,122.620,,0.000,none
2026-03-18T10:33:30,-116.524,122.749,,0.000,none
2026-03-18T10:33:31,-116.784,122.853,,0.000,none
2026-03-18T10:33:32,-117.053,122.931,,0.000,none
2026-03-18T10:33:33,-117.329,122.981,,0.000,none
2026-03-18T10:33:34,-117.608,123.003,,0.000,none
2026-03-18T10:33:35,-117.887,122.997,,0.000,none
2026-03-18T10:33:36,-118.166,122.965,,0.000,none
2026-03-18T10:33:37,-118.196,122.962,,0.000,none
2026-03-18T10:33:38,-118.225,122.971,,0.000,none
2026-03-18T10:33:39,-118.273,122.995,,0.000,none
2026-03-18T10:33:40,-118.299,123.012,,0.000,none
2026-03-18T10:33:41,-118.299,123.012,,0.000,none
2026-03-18T10:33:42,-118.428,123.102,,0.000,none
2026-03-18T10:33:43,-118.570,123.211,,0.000,none
2026-03-18T10:33:44,-118.684,123.337,,0.000,none
2026-03-18T10:33:45,-118.880,123.537,,0.000,none
2026-03-18T10:33:46,-119.095,123.716,,0.000,none
2026-03-18T10:33:47,-119.326,123.873,,0.000,none
2026-03-18T10:33:48,-119.573,124.006,,0.000,none
2026-03-18T10:33:49,-119.831,124.114,,0.000,none
2026-03-18T10:33:50,-120.099,124.195,,0.000,none
2026-03-18T10:33:51,-120.374,124.249,,0.000,none
2026-03-18T10:33:52,-120.652,124.275,,0.000,none
2026-03-18T10:33:53,-120.932,124.274,,0.000,none
2026-03-18T10:33:54,-121.184,124.251,,0.000,none
2026-03-18T10:33:55,-121.186,124.251,,0.000,none
2026-03-18T10:33:56,-121.220,124.266,,0.000,none
2026-03-18T10:33:57,-121.237,124.276,,0.000,none
2026-03-18T10:33:58,-121.263,124.309,,0.000,none
2026-03-18T10:33:59,-121.448,124.519,,0.000,none
2026-03-18T10:34:00,-121.653,124.710,,0.000,none
2026-03-18T10:34:01,-121.876,124.879,,0.000,none
2026-03-18T10:34:02,-122.114,125.025,,0.000,none
2026-03-18T10:34:03,-122.367,125.147,,0.000,none
2026-03-18T10:34:04,-122.630,125.242,,0.000,none
2026-03-18T10:34:05,-122.901,125.312,,0.000,none
2026-03-18T10:34:06,-123.177,125.353,,0.000,none
2026-03-18T10:34:07,-123.457,125.368,,0.000,none
2026-03-18T10:34:08,-123.514,125.370,,0.000,none
2026-03-18T10:34:09,-123.534,125.380,,0.000,none
2026-03-18T10:34:10,-123.545,125.387,,0.000,none
2026-03-18T10:34:11,-123.577,125.433,,0.000,none
2026-03-18T10:34:12,-123.752,125.652,,0.000,none
2026-03-18T10:34:13,-123.948,125.852,,0.000,none
2026-03-18T10:34:14,-124.163,126.031,,0.000,none
2026-03-18T10:34:15,-124.394,126.188,,0.000,none
2026-03-18T10:34:16,-124.641,126.321,,0.000,none
2026-03-18T10:34:17,-124.899,126.429,,0.000,none
2026-03-18T10:34:18,-125.167,126.510,,0.000,none
2026-03-18T10:34:19,-125.441,126.567,,0.000,none
2026-03-18T10:34:20,-125.457,126.570,,0.000,none
2026-03-18T10:34:21,-125.477,126.585,,0.000,none
2026-03-18T10:34:22,-125.492,126.600,,0.000,none
2026-03-18T10:34:23,-125.503,126.626,,0.000,none
2026-03-18T10:34:24,-125.628,126.876,,0.000,none
2026-03-18T10:34:25,-125.777,127.113,,0.000,none
2026-03-18T10:34:26,-125.949,127.334,,0.000,none
2026-03-18T10:34:27,-126.143,127.536,,0.000,none
2026-03-18T10:34:28,-126.355,127.719,,0.000,none
2026-03-18T10:34:29,-126.585,127.879,,0.000,none
2026-03-18T10:34:30,-126.829,128.015,,0.000,none
2026-03-18T10:34:31,-127.086,128.126,,0.000,none
2026-03-18T10:34:32,-127.353,128.211,,0.000,none
2026-03-18T10:34:33,-127.626,128.273,,0.000,none
2026-03-18T10:34:34,-127.628,128.273,,0.000,none
2026-03-18T10:34:35,-127.705,128.334,,0.000,none
2026-03-18T10:34:36,-127.935,128.493,,0.000,none
2026-03-18T10:34:37,-128.180,128.628,,0.000,none
2026-03-18T10:34:38,-128.408,128.740,,0.000,none
2026-03-18T10:34:39,-128.413,128.745,,0.000,none
2026-03-18T10:34:40,-128.419,128.751,,0.000,none
2026-03-18T10:34:41,-128.457,128.842,,0.000,none
2026-03-18T10:34:42,-128.582,129.092,,0.000,none
2026-03-18T10:34:43,-128.732,129.329,,0.000,none
2026-03-18T10:34:44,-128.905,129.549,,0.000,none
2026-03-18T10:34:45,-129.098,129.751,,0.000,none
2026-03-18T10:34:46,-129.311,129.933,,0.000,none
2026-03-18T10:34:47,-129.541,130.092,,0.000,none
2026-03-18T10:34:48,-129.786,130.228,,0.000,none
2026-03-18T10:34:49,-130.043,130.340,,0.000,none
2026-03-18T10:34:50,-130.071,130.354,,0.000,none
2026-03-18T10:34:51,-130.094,130.382,,0.000,none
2026-03-18T10:34:52,-130.103,130.395,,0.000,none
2026-03-18T10:34:53,-130.113,130.451,,0.000,none
2026-03-18T10:34:54,-130.178,130.723,,0.000,none
2026-03-18T10:34:55,-130.271,130.987,,0.000,none
2026-03-18T10:34:56,-130.390,131.240,,0.000,none
2026-03-18T10:34:57,-130.533,131.481,,0.000,none
2026-03-18T10:34:58,-130.699,131.706,,0.000,none
2026-03-18T10:34:59,-130.888,131.913,,0.000,none
2026-03-18T10:35:00,-131.095,132.100,,0.000,none
2026-03-18T10:35:01,-131.321,132.266,,0.000,none
2026-03-18T10:35:02,-131.562,132.408,,0.000,none
2026-03-18T10:35:03,-131.816,132.526,,0.000,none
2026-03-18T10:35:04,-132.080,132.617,,0.000,none
2026-03-18T10:35:05,-132.264,132.690,,0.000,none
2026-03-18T10:35:06,-132.264,132.690,,0.000,none
2026-03-18T10:35:07,-132.264,132.690,,0.000,none
2026-03-18T10:35:08,-132.409,132.913,,0.000,none
2026-03-18T10:35:09,-132.583,133.132,,0.000,none
2026-03-18T10:35:10,-132.778,133.333,,0.000,none
2026-03-18T10:35:11,-132.906,133.448,,0.000,none
2026-03-18T10:35:12,-132.906,133.448,,0.000,none
2026-03-18T10:35:13,-132.985,133.627,,0.000,none
2026-03-18T10:35:14,-133.119,133.873,,0.000,none
2026-03-18T10:35:15,-133.276,134.104,,0.000,none
2026-03-18T10:35:16,-133.456,134.318,,0.000,none
2026-03-18T10:35:17,-133.587,134.468,,0.000,none
2026-03-18T10:35:18,-133.592,134.482,,0.000,none
2026-03-18T10:35:19,-133.595,134.502,,0.000,none
2026-03-18T10:35:20,-133.595,134.502,,0.000,none
2026-03-18T10:35:21,-133.537,134.747,,0.000,none
2026-03-18T10:35:22,-133.496,135.024,,0.000,none
2026-03-18T10:35:23,-133.483,135.303,,0.000,none
2026-03-18T10:35:24,-133.498,135.583,,0.000,none
2026-03-18T10:35:25,-133.541,135.859,,0.000,none
2026-03-18T10:35:26,-133.611,136.130,,0.000,none
2026-03-18T10:35:27,-133.708,136.393,,0.000,none
2026-03-18T10:35:28,-133.830,136.645,,0.000,none
2026-03-18T10:35:29,-133.977,136.883,,0.000,none
2026-03-18T10:35:30,-134.148,137.105,,0.000,none
2026-03-18T10:35:31,-134.298,137.305,,0.000,none
2026-03-18T10:35:32,-134.424,137.504,,0.000,none
2026-03-18T10:35:33,-134.480,137.620,,0.000,none
2026-03-18T10:35:34,-134.480,137.620,,0.000,none
2026-03-18T10:35:35,-134.485,137.844,,0.000,none
2026-03-18T10:35:36,-134.516,138.122,,0.000,none
2026-03-18T10:35:37,-134.534,138.255,,0.000,none
2026-03-18T10:35:38,-134.534,138.255,,0.000,none
2026-03-18T10:35:39,-134.488,138.361,,0.000,none
2026-03-18T10:35:40,-134.488,138.361,,0.000,none
2026-03-18T10:35:41,-134.467,138.410,,0.000,none
2026-03-18T10:35:42,-134.424,138.536,,0.000,none
2026-03-18T10:35:43,-134.421,138.549,,0.000,none
2026-03-18T10:35:44,-134.422,138.553,,0.000,none
2026-03-18T10:35:45,-134.422,138.553,,0.000,none
2026-03-18T10:35:46,-134.418,138.572,,0.000,none
2026-03-18T10:35:47,-134.418,138.573,,0.000,none
2026-03-18T10:35:48,-134.418,138.573,,0.000,none
2026-03-18T10:35:49,-134.414,138.606,,0.000,none
2026-03-18T10:35:50,-134.414,138.606,,0.000,none
2026-03-18T10:35:51,-134.414,138.607,,0.000,none
2026-03-18T10:35:52,-134.412,138.631,,0.000,none
2026-03-18T10:35:53,-134.412,138.631,,0.000,none
2026-03-18T10:35:54,-134.408,138.683,,0.000,none
2026-03-18T10:35:55,-134.390,139.033,,0.000,none
2026-03-18T10:35:56,-134.386,139.383,,0.000,none
2026-03-18T10:35:57,-134.398,139.733,,0.000,none
2026-03-18T10:35:58,-134.426,140.082,,0.000,none
2026-03-18T10:35:59,-134.471,140.429,,0.000,none
2026-03-18T10:36:00,-134.524,140.752,,0.000,none
2026-03-18T10:36:01,-134.585,141.096,,0.000,none
2026-03-18T10:36:02,-134.634,141.384,,0.000,none
2026-03-18T10:36:03,-134.635,141.392,,0.000,none
2026-03-18T10:36:04,-134.635,141.392,,0.000,none
2026-03-18T10:36:05,-134.651,141.603,,0.000,none
2026-03-18T10:36:06,-134.673,141.918,,0.000,none
2026-03-18T10:36:07,-134.675,141.936,,0.000,none
2026-03-18T10:36:08,-134.675,141.936,,0.000,none
2026-03-18T10:36:09,-134.694,142.180,,0.000,none
2026-03-18T10:36:10,-134.694,142.187,,0.000,none
2026-03-18T10:36:11,-134.694,142.187,,0.000,none
2026-03-18T10:36:12,-134.701,142.300,,0.000,none
2026-03-18T10:36:13,-134.701,142.300,,0.000,none
2026-03-18T10:36:14,-134.703,142.347,,0.000,none
2026-03-18T10:36:15,-134.704,142.360,,0.000,none
2026-03-18T10:36:16,-134.704,142.360,,0.000,none
2026-03-18T10:36:17,-134.708,142.525,,0.000,none
2026-03-18T10:36:18,-134.730,142.794,,0.000,none
2026-03-18T10:36:19,-134.774,143.095,,0.000,none
2026-03-18T10:36:20,-134.834,143.440,,0.000,none
2026-03-18T10:36:21,-134.899,143.784,,0.000,none
2026-03-18T10:36:22,-134.969,144.127,,0.000,none
2026-03-18T10:36:23,-135.042,144.469,,0.000,none
2026-03-18T10:36:24,-135.090,144.682,,0.000,none
2026-03-18T10:36:25,-135.169,145.022,,0.000,none
2026-03-18T10:36:26,-135.252,145.363,,0.000,none
2026-03-18T10:36:27,-135.337,145.702,,0.000,none
2026-03-18T10:36:28,-135.426,146.041,,0.000,none
2026-03-18T10:36:29,-135.516,146.379,,0.000,none
2026-03-18T10:36:30,-135.609,146.716,,0.000,none
2026-03-18T10:36:31,-135.704,147.053,,0.000,none
2026-03-18T10:36:32,-135.802,147.389,,0.000,none
2026-03-18T10:36:33,-135.902,147.725,,0.000,none
2026-03-18T10:36:34,-136.004,148.059,,0.000,none
2026-03-18T10:36:35,-136.108,148.393,,0.000,none
2026-03-18T10:36:36,-136.215,148.727,,0.000,none
2026-03-18T10:36:37,-136.324,149.059,,0.000,none
2026-03-18T10:36:38,-136.435,149.391,,0.000,none
2026-03-18T10:36:39,-136.549,149.722,,0.000,none
2026-03-18T10:36:40,-136.664,150.053,,0.000,none
2026-03-18T10:36:41,-136.782,150.382,,0.000,none
2026-03-18T10:36:42,-136.902,150.711,,0.000,none
2026-03-18T10:36:43,-137.025,151.039,,0.000,none
2026-03-18T10:36:44,-137.149,151.366,,0.000,none
2026-03-18T10:36:45,-137.275,151.693,,0.000,none
2026-03-18T10:36:46,-137.402,152.019,,0.000,none
2026-03-18T10:36:47,-137.531,152.344,,0.000,none
2026-03-18T10:36:48,-137.660,152.669,,0.000,none
2026-03-18T10:36:49,-137.791,152.994,,0.000,none
2026-03-18T10:36:50,-137.923,153.318,,0.000,none
2026-03-18T10:36:51,-138.057,153.642,,0.000,none
2026-03-18T10:36:52,-138.191,153.965,,0.000,none
2026-03-18T10:36:53,-138.326,154.288,,0.000,none
2026-03-18T10:36:54,-138.463,154.610,,0.000,none
2026-03-18T10:36:55,-138.601,154.932,,0.000,none
2026-03-18T10:36:56,-138.739,155.253,,0.000,none
2026-03-18T10:36:57,-138.879,155.574,,0.000,none
2026-03-18T10:36:58,-139.020,155.894,,0.000,none
2026-03-18T10:36:59,-139.162,156.214,,0.000,none
2026-03-18T10:37:00,-139.305,156.534,,0.000,none
2026-03-18T10:37:01,-139.449,156.853,,0.000,none
2026-03-18T10:37:02,-139.595,157.171,,0.000,none
2026-03-18T10:37:03,-139.741,157.489,,0.000,none
2026-03-18T10:37:04,-139.889,157.806,,0.000,none
2026-03-18T10:37:05,-140.037,158.123,,0.000,none
2026-03-18T10:37:06,-140.187,158.439,,0.000,none
2026-03-18T10:37:07,-140.338,158.755,,0.000,none
2026-03-18T10:37:08,-140.490,159.071,,0.000,none
2026-03-18T10:37:09,-140.643,159.385,,0.000,none
2026-03-18T10:37:10,-140.797,159.700,,0.000,none
2026-03-18T10:37:11,-140.952,160.013,,0.000,none
2026-03-18T10:37:12,-141.108,160.327,,0.000,none
2026-03-18T10:37:13,-141.265,160.639,,0.000,none
2026-03-18T10:37:14,-141.424,160.951,,0.000,none
2026-03-18T10:37:15,-141.583,161.263,,0.000,none
2026-03-18T10:37:16,-141.743,161.574,,0.000,none
2026-03-18T10:37:17,-141.905,161.885,,0.000,none
2026-03-18T10:37:18,-142.068,162.194,,0.000,none
2026-03-18T10:37:19,-142.231,162.504,,0.000,none
2026-03-18T10:37:20,-142.396,162.813,,0.000,none
2026-03-18T10:37:21,-142.562,163.121,,0.000,none
2026-03-18T10:37:22,-142.729,163.429,,0.000,none
2026-03-18T10:37:23,-142.897,163.736,,0.000,none
2026-03-18T10:37:24,-143.066,164.042,,0.000,none
2026-03-18T10:37:25,-143.236,164.348,,0.000,none
2026-03-18T10:37:26,-143.407,164.653,,0.000,none
2026-03-18T10:37:27,-143.579,164.958,,0.000,none
2026-03-18T10:37:28,-143.752,165.262,,0.000,none
2026-03-18T10:37:29,-143.926,165.566,,0.000,none
2026-03-18T10:37:30,-144.102,165.869,,0.000,none
2026-03-18T10:37:31,-144.278,166.171,,0.000,none
2026-03-18T10:37:32,-144.455,166.473,,0.000,none
2026-03-18T10:37:33,-144.634,166.774,,0.000,none
2026-03-18T10:37:34,-144.813,167.075,,0.000,none
2026-03-18T10:37:35,-144.993,167.375,,0.000,none
2026-03-18T10:37:36,-145.174,167.674,,0.000,none
2026-03-18T10:37:37,-145.356,167.973,,0.000,none
2026-03-18T10:37:38,-145.538,168.272,,0.000,none
2026-03-18T10:37:39,-145.721,168.571,,0.000,none
2026-03-18T10:37:40,-145.904,168.869,,0.000,none
2026-03-18T10:37:41,-146.087,169.167,,0.000,none
2026-03-18T10:37:42,-146.271,169.465,,0.000,none
2026-03-18T10:37:43,-146.455,169.763,,0.000,none
2026-03-18T10:37:44,-146.639,170.060,,0.000,none
2026-03-18T10:37:45,-146.824,170.357,,0.000,none
2026-03-18T10:37:46,-147.009,170.655,,0.000,none
2026-03-18T10:37:47,-147.194,170.952,,0.000,none
2026-03-18T10:37:48,-147.380,171.249,,0.000,none
2026-03-18T10:37:49,-147.565,171.545,,0.000,none
2026-03-18T10:37:50,-147.751,171.842,,0.000,none
2026-03-18T10:37:51,-147.937,172.139,,0.000,none
2026-03-18T10:37:52,-148.123,172.435,,0.000,none
2026-03-18T10:37:53,-148.309,172.731,,0.000,none
2026-03-18T10:37:54,-148.496,173.027,,0.000,none
2026-03-18T10:37:55,-148.682,173.323,,0.000,none
2026-03-18T10:37:56,-148.869,173.619,,0.000,none
2026-03-18T10:37:57,-149.056,173.915,,0.000,none
2026-03-18T10:37:58,-149.244,174.211,,0.000,none
2026-03-18T10:37:59,-149.431,174.506,,0.000,none
2026-03-18T10:38:00,-149.619,174.802,,0.000,none
2026-03-18T10:38:01,-149.807,175.097,,0.000,none
2026-03-18T10:38:02,-149.995,175.392,,0.000,none
2026-03-18T10:38:03,-150.183,175.687,,0.000,none
2026-03-18T10:38:04,-150.371,175.982,,0.000,none
2026-03-18T10:38:05,-150.560,176.277,,0.000,none
2026-03-18T10:38:06,-150.749,176.572,,0.000,none
2026-03-18T10:38:07,-150.938,176.866,,0.000,none
2026-03-18T10:38:08,-151.127,177.161,,0.000,none
2026-03-18T10:38:09,-151.316,177.455,,0.000,none
2026-03-18T10:38:10,-151.506,177.749,,0.000,none
2026-03-18T10:38:11,-151.696,178.044,,0.000,none
2026-03-18T10:38:12,-151.886,178.337,,0.000,none
2026-03-18T10:38:13,-152.076,178.631,,0.000,none
2026-03-18T10:38:14,-152.266,178.925,,0.000,none
2026-03-18T10:38:15,-152.457,179.219,,0.000,none
2026-03-18T10:38:16,-152.647,179.512,,0.000,none
2026-03-18T10:38:17,-152.838,179.805,,0.000,none
2026-03-18T10:38:18,-153.029,180.099,,0.000,none
2026-03-18T10:38:19,-153.221,180.392,,0.000,none
2026-03-18T10:38:20,-153.412,180.685,,0.000,none
2026-03-18T10:38:21,-153.604,180.978,,0.000,none
2026-03-18T10:38:22,-153.796,181.270,,0.000,none
2026-03-18T10:38:23,-153.988,181.563,,0.000,none
2026-03-18T10:38:24,-154.180,181.855,,0.000,none
2026-03-18T10:38:25,-154.373,182.148,,0.000,none
2026-03-18T10:38:26,-154.565,182.440,,0.000,none
2026-03-18T10:38:27,-154.758,182.732,,0.000,none
2026-03-18T10:38:28,-154.950,183.025,,0.000,none
2026-03-18T10:38:29,-155.143,183.317,,0.000,none
2026-03-18T10:38:30,-155.335,183.609,,0.000,none
2026-03-18T10:38:31,-155.528,183.901,,0.000,none
2026-03-18T10:38:32,-155.721,184.193,,0.000,none
2026-03-18T10:38:33,-155.913,184.486,,0.000,none
2026-03-18T10:38:34,-156.106,184.778,,0.000,none
2026-03-18T10:38:35,-156.299,185.070,,0.000,none
2026-03-18T10:38:36,-156.491,185.362,,0.000,none
2026-03-18T10:38:37,-156.684,185.654,,0.000,none
2026-03-18T10:38:38,-156.877,185.947,,0.000,none
2026-03-18T10:38:39,-157.070,186.239,,0.000,none
2026-03-18T10:38:40,-157.262,186.531,,0.000,none
2026-03-18T10:38:41,-157.455,186.823,,0.000,none
2026-03-18T10:38:42,-157.648,187.115,,0.000,none
2026-03-18T10:38:43,-157.841,187.407,,0.000,none
2026-03-18T10:38:44,-158.034,187.699,,0.000,none
2026-03-18T10:38:45,-158.226,187.991,,0.000,none
2026-03-18T10:38:46,-158.419,188.283,,0.000,none
2026-03-18T10:38:47,-158.612,188.576,,0.000,none
2026-03-18T10:38:48,-158.805,188.868,,0.000,none
2026-03-18T10:38:49,-158.998,189.160,,0.000,none
2026-03-18T10:38:50,-159.191,189.452,,0.000,none
2026-03-18T10:38:51,-159.384,189.744,,0.000,none
2026-03-18T10:38:52,-159.577,190.036,,0.000,none
2026-03-18T10:38:53,-159.770,190.328,,0.000,none
2026-03-18T10:38:54,-159.962,190.620,,0.000,none
2026-03-18T10:38:55,-160.155,190.912,,0.000,none
2026-03-18T10:38:56,-160.348,191.204,,0.000,none
2026-03-18T10:38:57,-160.541,191.496,,0.000,none
2026-03-18T10:38:58,-160.734,191.788,,0.000,none
2026-03-18T10:38:59,-160.927,192.080,,0.000,none
2026-03-18T10:39:00,-161.121,192.372,,0.000,none
2026-03-18T10:39:01,-161.314,192.664,,0.000,none
2026-03-18T10:39:02,-161.507,192.955,,0.000,none
2026-03-18T10:39:03,-161.700,193.247,,0.000,none
2026-03-18T10:39:04,-161.893,193.539,,0.000,none
2026-03-18T10:39:05,-162.086,193.831,,0.000,none
2026-03-18T10:39:06,-162.279,194.123,,0.000,none
2026-03-18T10:39:07,-162.472,194.415,,0.000,none
2026-03-18T10:39:08,-162.665,194.707,,0.000,none
2026-03-18T10:39:09,-162.859,194.999,,0.000,none
2026-03-18T10:39:10,-163.052,195.291,,0.000,none
2026-03-18T10:39:11,-163.245,195.582,,0.000,none
2026-03-18T10:39:12,-163.438,195.874,,0.000,none
2026-03-18T10:39:13,-163.631,196.166,,0.000,none
2026-03-18T10:39:14,-163.825,196.458,,0.000,none
2026-03-18T10:39:15,-164.018,196.750,,0.000,none
2026-03-18T10:39:16,-164.211,197.041,,0.000,none
2026-03-18T10:39:17,-164.404,197.333,,0.000,none
2026-03-18T10:39:18,-164.598,197.625,,0.000,none
2026-03-18T10:39:19,-164.791,197.917,,0.000,none
2026-03-18T10:39:20,-164.984,198.209,,0.000,none
2026-03-18T10:39:21,-165.178,198.500,,0.000,none
2026-03-18T10:39:22,-165.371,198.792,,0.000,none
2026-03-18T10:39:23,-165.564,199.084,,0.000,none
2026-03-18T10:39:24,-165.758,199.376,,0.000,none
2026-03-18T10:39:25,-165.951,199.667,,0.000,none
2026-03-18T10:39:26,-166.145,199.959,,0.000,none
2026-03-18T10:39:27,-166.338,200.251,,0.000,none
2026-03-18T10:39:28,-166.532,200.542,,0.000,none
2026-03-18T10:39:29,-166.725,200.834,,0.000,none
2026-03-18T10:39:30,-166.918,201.126,,0.000,none
2026-03-18T10:39:31,-167.112,201.417,,0.000,none
2026-03-18T10:39:32,-167.305,201.709,,0.000,none
2026-03-18T10:39:33,-167.499,202.001,,0.000,none
2026-03-18T10:39:34,-167.692,202.292,,0.000,none
2026-03-18T10:39:35,-167.886,202.584,,0.000,none
2026-03-18T10:39:36,-168.080,202.875,,0.000,none
2026-03-18T10:39:37,-168.273,203.167,,0.000,none
2026-03-18T10:39:38,-168.467,203.459,,0.000,none
2026-03-18T10:39:39,-168.660,203.750,,0.000,none
2026-03-18T10:39:40,-168.854,204.042,,0.000,none
2026-03-18T10:39:41,-169.048,204.333,,0.000,none
2026-03-18T10:39:42,-169.241,204.625,,0.000,none
2026-03-18T10:39:43,-169.435,204.916,,0.000,none
2026-03-18T10:39:44,-169.629,205.208,,0.000,none
2026-03-18T10:39:45,-169.822,205.500,,0.000,none
2026-03-18T10:39:46,-170.016,205.791,,0.000,none
2026-03-18T10:39:47,-170.210,206.083,,0.000,none
2026-03-18T10:39:48,-170.403,206.374,,0.000,none
2026-03-18T10:39:49,-170.597,206.666,,0.000,none
2026-03-18T10:39:50,-170.791,206.957,,0.000,none
2026-03-18T10:39:51,-170.985,207.248,,0.000,none
2026-03-18T10:39:52,-171.179,207.540,,0.000,none
2026-03-18T10:39:53,-171.372,207.831,,0.000,none
2026-03-18T10:39:54,-171.566,208.123,,0.000,none
2026-03-18T10:39:55,-171.760,208.414,,0.000,none
2026-03-18T10:39:56,-171.954,208.706,,0.000,none
2026-03-18T10:39:57,-172.148,208.997,,0.000,none
2026-03-18T10:39:58,-172.341,209.288,,0.000,none
2026-03-18T10:39:59,-172.535,209.580,,0.000,none
2026-03-18T10:40:00,-172.729,209.871,,0.000,none
2026-03-18T10:40:01,-172.923,210.163,,0.000,none
2026-03-18T10:40:02,-173.117,210.454,,0.000,none
2026-03-18T10:40:03,-173.311,210.745,,0.000,none
2026-03-18T10:40:04,-173.505,211.037,,0.000,none
2026-03-18T10:40:05,-173.699,211.328,,0.000,none
2026-03-18T10:40:06,-173.893,211.619,,0.000,none
2026-03-18T10:40:07,-174.087,211.911,,0.000,none
2026-03-18T10:40:08,-174.281,212.202,,0.000,none
2026-03-18T10:40:09,-174.475,212.493,,0.000,none
2026-03-18T10:40:10,-174.669,212.784,,0.000,none
2026-03-18T10:40:11,-174.863,213.076,,0.000,none
2026-03-18T10:40:12,-175.057,213.367,,0.000,none
2026-03-18T10:40:13,-175.251,213.658,,0.000,none
2026-03-18T10:40:14,-175.445,213.950,,0.000,none
2026-03-18T10:40:15,-175.640,214.241,,0.000,none
2026-03-18T10:40:16,-175.834,214.532,,0.000,none
2026-03-18T10:40:17,-176.028,214.823,,0.000,none
2026-03-18T10:40:18,-176.222,215.114,,0.000,none
2026-03-18T10:40:19,-176.416,215.406,,0.000,none
2026-03-18T10:40:20,-176.610,215.697,,0.000,none
2026-03-18T10:40:21,-176.805,215.988,,0.000,none
2026-03-18T10:40:22,-176.999,216.279,,0.000,none
2026-03-18T10:40:23,-177.193,216.570,,0.000,none
2026-03-18T10:40:24,-177.387,216.861,,0.000,none
2026-03-18T10:40:25,-177.581,217.153,,0.000,none
2026-03-18T10:40:26,-177.776,217.444,,0.000,none
2026-03-18T10:40:27,-177.970,217.735,,0.000,none
2026-03-18T10:40:28,-178.164,218.026,,0.000,none
2026-03-18T10:40:29,-178.359,218.317,,0.000,none
2026-03-18T10:40:30,-178.553,218.608,,0.000,none
2026-03-18T10:40:31,-178.747,218.899,,0.000,none
2026-03-18T10:40:32,-178.942,219.190,,0.000,none
2026-03-18T10:40:33,-179.136,219.481,,0.000,none
2026-03-18T10:40:34,-179.330,219.772,,0.000,none
2026-03-18T10:40:35,-179.525,220.064,,0.000,none
2026-03-18T10:40:36,-179.719,220.355,,0.000,none
2026-03-18T10:40:37,-179.914,220.646,,0.000,none
2026-03-18T10:40:38,-180.108,220.937,,0.000,none
2026-03-18T10:40:39,-180.303,221.228,,0.000,none
2026-03-18T10:40:40,-180.497,221.519,,0.000,none
2026-03-18T10:40:41,-180.692,221.810,,0.000,none
2026-03-18T10:40:42,-180.886,222.101,,0.000,none
2026-03-18T10:40:43,-181.081,222.392,,0.000,none
2026-03-18T10:40:44,-181.275,222.683,,0.000,none
2026-03-18T10:40:45,-181.470,222.974,,0.000,none
2026-03-18T10:40:46,-181.664,223.264,,0.000,none
2026-03-18T10:40:47,-181.859,223.555,,0.000,none
2026-03-18T10:40:48,-182.053,223.846,,0.000,none
2026-03-18T10:40:49,-182.248,224.137,,0.000,none
2026-03-18T10:40:50,-182.443,224.428,,0.000,none
2026-03-18T10:40:51,-182.637,224.719,,0.000,none
2026-03-18T10:40:52,-182.832,225.010,,0.000,none
2026-03-18T10:40:53,-183.026,225.301,,0.000,none
2026-03-18T10:40:54,-183.221,225.592,,0.000,none
2026-03-18T10:40:55,-183.416,225.882,,0.000,none
2026-03-18T10:40:56,-183.611,226.173,,0.000,none
2026-03-18T10:40:57,-183.805,226.464,,0.000,none
2026-03-18T10:40:58,-184.000,226.755,,0.000,none
2026-03-18T10:40:59,-184.195,227.046,,0.000,none
2026-03-18T10:41:00,-184.389,227.337,,0.000,none
2026-03-18T10:41:01,-184.584,227.627,,0.000,none
2026-03-18T10:41:02,-184.779,227.918,,0.000,none
2026-03-18T10:41:03,-184.974,228.209,,0.000,none
2026-03-18T10:41:04,-185.169,228.500,,0.000,none
2026-03-18T10:41:05,-185.363,228.791,,0.000,none
2026-03-18T10:41:06,-185.558,229.081,,0.000,none
2026-03-18T10:41:07,-185.753,229.372,,0.000,none
2026-03-18T10:41:08,-185.948,229.663,,0.000,none
2026-03-18T10:41:09,-186.143,229.953,,0.000,none
2026-03-18T10:41:10,-186.338,230.244,,0.000,none
2026-03-18T10:41:11,-186.533,230.535,,0.000,none
2026-03-18T10:41:12,-186.728,230.826,,0.000,none
2026-03-18T10:41:13,-186.923,231.116,,0.000,none
2026-03-18T10:41:14,-187.118,231.407,,0.000,none
2026-03-18T10:41:15,-187.313,231.698,,0.000,none
2026-03-18T10:41:16,-187.508,231.988,,0.000,none
2026-03-18T10:41:17,-187.703,232.279,,0.000,none
2026-03-18T10:41:18,-187.898,232.570,,0.000,none
2026-03-18T10:41:19,-188.093,232.860,,0.000,none
2026-03-18T10:41:20,-188.288,233.151,,0.000,none
2026-03-18T10:41:21,-188.483,233.441,,0.000,none
2026-03-18T10:41:22,-188.678,233.732,,0.000,none
2026-03-18T10:41:23,-188.873,234.023,,0.000,none
2026-03-18T10:41:24,-189.068,234.313,,0.000,none
2026-03-18T10:41:25,-189.263,234.604,,0.000,none
2026-03-18T10:41:26,-189.458,234.894,,0.000,none
2026-03-18T10:41:27,-189.653,235.185,,0.000,none
2026-03-18T10:41:28,-189.848,235.475,,0.000,none
2026-03-18T10:41:29,-190.044,235.766,,0.000,none
2026-03-18T10:41:30,-190.239,236.056,,0.000,none
2026-03-18T11:11:49,-38.464,1.041,,0.038,none
2026-03-18T11:11:50,-38.519,1.024,,0.000,none
2026-03-18T11:11:51,-38.576,1.013,,0.000,none
2026-03-18T11:11:52,-38.634,1.011,,0.000,none
2026-03-18T11:11:53,-38.692,1.016,,0.000,none
2026-03-18T11:11:54,-38.748,1.029,,0.000,none
2026-03-18T11:11:55,-38.802,1.050,,0.000,none
2026-03-18T11:11:56,-38.853,1.077,,0.000,none
2026-03-18T11:11:57,-38.899,1.112,,0.000,none
2026-03-18T11:11:58,-38.941,1.152,,0.000,none
2026-03-18T11:11:59,-38.976,1.197,,0.000,none
2026-03-18T11:12:00,-39.005,1.247,,0.000,none
2026-03-18T11:12:01,-39.028,1.301,,0.000,none
2026-03-18T11:12:02,-39.042,1.357,,0.000,none
2026-03-18T11:12:03,-39.049,1.414,,0.000,none
2026-03-18T11:12:04,-39.049,1.472,,0.000,none
2026-03-18T11:12:05,-39.040,1.529,,0.000,none
2026-03-18T11:12:06,-39.024,1.585,,0.000,none
2026-03-18T11:12:07,-39.000,1.637,,0.000,none
2026-03-18T11:12:08,-38.970,1.686,,0.000,none
2026-03-18T11:12:09,-38.933,1.731,,0.000,none
2026-03-18T11:12:10,-38.890,1.770,,0.000,none
2026-03-18T11:12:11,-38.843,1.803,,0.011,none
2026-03-18T11:12:12,-38.791,1.829,,0.069,none
2026-03-18T11:12:13,-38.737,1.848,,0.126,none
2026-03-18T11:12:14,-38.680,1.860,,0.183,none
2026-03-18T11:12:15,-38.622,1.864,,0.237,none
2026-03-18T11:12:16,-38.565,1.860,,0.287,none
2026-03-18T11:12:17,-38.508,1.848,,0.334,none
2026-03-18T11:12:18,-38.454,1.829,,0.375,none
2026-03-18T11:12:19,-38.402,1.802,,0.411,none
2026-03-18T11:12:20,-38.355,1.769,,0.440,none
2026-03-18T11:12:21,-38.313,1.729,,0.462,none
2026-03-18T11:12:22,-38.276,1.685,,0.477,none
2026-03-18T11:12:23,-38.246,1.635,,0.484,none
2026-03-18T11:12:24,-38.222,1.583,,0.483,none
2026-03-18T11:12:25,-38.206,1.527,,0.474,none
2026-03-18T11:12:26,-38.198,1.470,,0.458,none
2026-03-18T11:12:27,-38.198,1.412,,0.435,none
2026-03-18T11:12:28,-38.205,1.355,,0.404,none
2026-03-18T11:12:29,-38.220,1.299,,0.367,none
2026-03-18T11:12:30,-38.242,1.246,,0.325,none
2026-03-18T11:12:31,-38.272,1.196,,0.277,none
2026-03-18T11:12:32,-38.308,1.150,,0.226,none
2026-03-18T11:12:33,-38.349,1.110,,0.171,none
2026-03-18T11:12:34,-38.396,1.076,,0.114,none
2026-03-18T11:12:35,-38.447,1.049,,0.057,none
2026-03-18T11:12:36,-38.501,1.029,,0.000,none
2026-03-18T11:12:37,-38.557,1.016,,0.000,none
2026-03-18T11:12:38,-38.615,1.011,,0.000,none
2026-03-18T11:12:39,-38.673,1.013,,0.000,none
2026-03-18T11:44:28,-38.478,1.036,,0.023,none
2026-03-18T11:44:29,-38.487,1.033,,0.013,none
2026-03-18T11:44:30,-38.487,1.033,,0.013,none
2026-03-18T11:44:31,-38.770,0.941,,0.000,none
2026-03-18T11:44:32,-39.108,0.850,,0.000,none
2026-03-18T11:44:33,-39.452,0.784,,0.000,none
2026-03-18T11:44:34,-39.799,0.744,,0.000,none
2026-03-18T11:44:35,-40.149,0.726,,0.000,none
2026-03-18T11:44:36,-40.499,0.727,,0.000,none
2026-03-18T11:44:37,-40.848,0.745,,0.000,none
2026-03-18T11:44:38,-41.196,0.779,,0.000,none
2026-03-18T11:44:39,-41.543,0.826,,0.000,none
2026-03-18T11:44:40,-41.888,0.884,,0.000,none
2026-03-18T11:44:41,-42.233,0.948,,0.000,none
2026-03-18T11:44:42,-42.576,1.015,,0.000,none
2026-03-18T11:44:43,-42.918,1.090,,0.000,none
2026-03-18T11:44:44,-43.259,1.167,,0.000,none
2026-03-18T11:44:45,-43.600,1.246,,0.000,none
2026-03-18T11:44:46,-43.939,1.334,,0.000,none
2026-03-18T11:44:47,-44.276,1.428,,0.000,none
2026-03-18T11:44:48,-44.611,1.529,,0.000,none
2026-03-18T11:44:49,-44.945,1.634,,0.000,none
2026-03-18T11:44:50,-45.278,1.743,,0.000,none
2026-03-18T11:44:51,-45.609,1.856,,0.000,none
2026-03-18T11:44:52,-45.938,1.974,,0.000,none
2026-03-18T11:44:53,-46.265,2.099,,0.000,none
2026-03-18T11:44:54,-46.589,2.231,,0.000,none
2026-03-18T11:44:55,-46.911,2.370,,0.000,none
2026-03-18T11:44:56,-47.229,2.515,,0.000,none
2026-03-18T11:44:57,-47.544,2.667,,0.000,none
2026-03-18T11:44:58,-47.856,2.826,,0.000,none
2026-03-18T11:44:59,-48.165,2.992,,0.000,none
2026-03-18T11:45:00,-48.469,3.165,,0.000,none
2026-03-18T11:45:01,-48.769,3.346,,0.000,none
2026-03-18T11:45:02,-49.064,3.534,,0.000,none
2026-03-18T11:45:03,-49.353,3.730,,0.000,none
2026-03-18T11:45:04,-49.638,3.934,,0.000,none
2026-03-18T11:45:05,-49.917,4.145,,0.000,none
2026-03-18T11:45:06,-50.191,4.362,,0.000,none
2026-03-18T11:45:07,-50.461,4.586,,0.000,none
2026-03-18T11:45:08,-50.726,4.815,,0.000,none
2026-03-18T11:45:09,-50.986,5.049,,0.000,none
2026-03-18T11:45:10,-51.241,5.289,,0.000,none
2026-03-18T11:45:11,-51.491,5.533,,0.000,none
2026-03-18T11:45:12,-51.736,5.783,,0.000,none
2026-03-18T11:45:13,-51.975,6.038,,0.000,none
2026-03-18T11:45:14,-52.206,6.302,,0.000,none
2026-03-18T11:45:15,-52.428,6.572,,0.000,none
2026-03-18T11:45:16,-52.643,6.849,,0.000,none
2026-03-18T11:45:17,-52.851,7.130,,0.000,none
2026-03-18T11:45:18,-53.053,7.416,,0.000,none
2026-03-18T11:45:19,-53.250,7.705,,0.000,none
2026-03-18T11:45:20,-53.443,7.997,,0.000,none
2026-03-18T11:45:21,-53.627,8.295,,0.000,none
2026-03-18T11:45:22,-53.802,8.598,,0.000,none
2026-03-18T11:45:23,-53.969,8.905,,0.000,none
2026-03-18T11:45:24,-54.129,9.217,,0.000,none
2026-03-18T11:45:25,-54.281,9.532,,0.000,none
2026-03-18T11:45:26,-54.426,9.850,,0.000,none
2026-03-18T11:45:27,-54.567,10.171,,0.000,none
2026-03-18T11:45:28,-54.704,10.493,,0.000,none
2026-03-18T11:45:29,-54.837,10.817,,0.000,none
2026-03-18T11:45:30,-54.966,11.142,,0.000,none
2026-03-18T11:45:31,-55.092,11.469,,0.000,none
2026-03-18T11:45:32,-55.213,11.797,,0.000,none
2026-03-18T11:45:33,-55.330,12.127,,0.000,none
2026-03-18T11:45:34,-55.442,12.458,,0.000,none
2026-03-18T11:45:35,-55.549,12.792,,0.000,none
2026-03-18T11:45:36,-55.650,13.127,,0.000,none
2026-03-18T11:45:37,-55.746,13.463,,0.000,none
2026-03-18T11:45:38,-55.838,13.801,,0.000,none
2026-03-18T11:45:39,-55.924,14.140,,0.000,none
2026-03-18T11:45:40,-56.006,14.481,,0.000,none
2026-03-18T11:45:41,-56.082,14.822,,0.000,none
2026-03-18T11:45:42,-56.153,15.165,,0.000,none
2026-03-18T11:45:43,-56.176,15.331,,0.000,none
2026-03-18T11:45:44,-56.168,15.501,,0.000,none
2026-03-18T11:45:45,-56.167,15.780,,0.000,none
2026-03-18T11:45:46,-56.194,16.059,,0.000,none
2026-03-18T11:45:47,-56.248,16.334,,0.000,none
2026-03-18T11:45:48,-56.329,16.601,,0.000,none
2026-03-18T11:45:49,-56.437,16.860,,0.000,none
2026-03-18T11:45:50,-56.570,17.106,,0.000,none
2026-03-18T11:45:51,-56.702,17.310,,0.000,none
2026-03-18T11:45:52,-56.720,17.352,,0.000,none
2026-03-18T11:45:53,-56.734,17.408,,0.000,none
2026-03-18T11:45:54,-56.735,17.414,,0.000,none
2026-03-18T11:45:55,-56.735,17.414,,0.000,none
2026-03-18T11:45:56,-56.775,17.709,,0.000,none
2026-03-18T11:45:57,-56.802,18.058,,0.000,none
2026-03-18T11:45:58,-56.807,18.351,,0.000,none
2026-03-18T11:45:59,-56.790,18.472,,0.000,none
2026-03-18T11:46:00,-56.735,18.715,,0.000,none
2026-03-18T11:46:01,-56.699,18.992,,0.000,none
2026-03-18T11:46:02,-56.691,19.272,,0.000,none
2026-03-18T11:46:03,-56.711,19.551,,0.000,none
2026-03-18T11:46:04,-56.758,19.827,,0.000,none
2026-03-18T11:46:05,-56.833,20.097,,0.000,none
2026-03-18T11:46:06,-56.934,20.357,,0.000,none
2026-03-18T11:46:07,-57.061,20.607,,0.000,none
2026-03-18T11:46:08,-57.212,20.842,,0.000,none
2026-03-18T11:46:09,-57.386,21.062,,0.000,none
2026-03-18T11:46:10,-57.581,21.263,,0.000,none
2026-03-18T11:46:11,-57.795,21.443,,0.000,none
2026-03-18T11:46:12,-58.026,21.601,,0.000,none
2026-03-18T11:46:13,-58.236,21.728,,0.000,none
2026-03-18T11:46:14,-58.424,21.879,,0.000,none
2026-03-18T11:46:15,-58.590,22.059,,0.000,none
2026-03-18T11:46:16,-58.750,22.258,,0.000,none
2026-03-18T11:46:17,-58.867,22.452,,0.000,none
2026-03-18T11:46:18,-58.966,22.671,,0.000,none
2026-03-18T11:46:19,-59.055,22.910,,0.000,none
2026-03-18T11:46:20,-59.122,23.141,,0.000,none
2026-03-18T11:46:21,-59.161,23.369,,0.000,none
2026-03-18T11:46:22,-59.184,23.619,,0.000,none
2026-03-18T11:46:23,-59.190,23.692,,0.000,none
2026-03-18T11:46:24,-59.190,23.692,,0.000,none
2026-03-18T11:46:25,-59.128,23.801,,0.000,none
2026-03-18T11:46:26,-59.006,24.053,,0.000,none
2026-03-18T11:46:27,-58.911,24.316,,0.000,none
2026-03-18T11:46:28,-58.842,24.587,,0.000,none
2026-03-18T11:46:29,-58.800,24.864,,0.000,none
2026-03-18T11:46:30,-58.787,25.144,,0.000,none
2026-03-18T11:46:31,-58.801,25.423,,0.000,none
2026-03-18T11:46:32,-58.812,25.654,,0.000,none
2026-03-18T11:46:33,-58.809,25.895,,0.000,none
2026-03-18T11:46:34,-58.795,26.140,,0.000,none
2026-03-18T11:46:35,-58.771,26.370,,0.000,none
2026-03-18T11:46:36,-58.760,26.423,,0.000,none
2026-03-18T11:46:37,-58.752,26.434,,0.000,none
2026-03-18T11:46:38,-58.590,26.663,,0.000,none
2026-03-18T11:46:39,-58.451,26.906,,0.000,none
2026-03-18T11:46:40,-58.338,27.162,,0.000,none
2026-03-18T11:46:41,-58.251,27.428,,0.000,none
2026-03-18T11:46:42,-58.191,27.701,,0.000,none
2026-03-18T11:46:43,-58.158,27.979,,0.000,none
2026-03-18T11:46:44,-58.153,28.249,,0.000,none
2026-03-18T11:46:45,-58.152,28.276,,0.000,none
2026-03-18T11:46:46,-58.144,28.288,,0.000,none
2026-03-18T11:46:47,-58.007,28.532,,0.000,none
2026-03-18T11:46:48,-57.895,28.789,,0.000,none
2026-03-18T11:46:49,-57.809,29.055,,0.000,none
2026-03-18T11:46:50,-57.745,29.302,,0.000,none
2026-03-18T11:46:51,-57.683,29.545,,0.000,none
2026-03-18T11:46:52,-57.619,29.783,,0.000,none
2026-03-18T11:46:53,-57.566,29.983,,0.000,none
2026-03-18T11:46:54,-57.566,29.983,,0.000,none
2026-03-18T11:46:55,-57.462,30.116,,0.000,none
2026-03-18T11:46:56,-57.308,30.349,,0.000,none
2026-03-18T11:46:57,-57.178,30.597,,0.000,none
2026-03-18T11:46:58,-57.073,30.856,,0.000,none
2026-03-18T11:46:59,-56.994,31.125,,0.000,none
2026-03-18T11:47:00,-56.943,31.400,,0.000,none
2026-03-18T11:47:01,-56.910,31.653,,0.000,none
2026-03-18T11:47:02,-56.880,31.902,,0.000,none
2026-03-18T11:47:03,-56.843,32.140,,0.000,none
2026-03-18T11:47:04,-56.809,32.383,,0.000,none
2026-03-18T11:47:05,-56.772,32.626,,0.000,none
2026-03-18T11:47:06,-56.744,32.785,,0.000,none
2026-03-18T11:47:07,-56.744,32.785,,0.000,none
2026-03-18T11:47:08,-56.637,32.932,,0.000,none
2026-03-18T11:47:09,-56.491,33.171,,0.000,none
2026-03-18T11:47:10,-56.370,33.424,,0.000,none
2026-03-18T11:47:11,-56.274,33.687,,0.000,none
2026-03-18T11:47:12,-56.205,33.958,,0.000,none
2026-03-18T11:47:13,-56.164,34.235,,0.000,none
2026-03-18T11:47:14,-56.151,34.514,,0.000,none
2026-03-18T11:47:15,-56.162,34.784,,0.000,none
2026-03-18T11:47:16,-56.173,35.020,,0.000,none
2026-03-18T11:47:17,-56.172,35.251,,0.000,none
2026-03-18T11:47:18,-56.172,35.251,,0.000,none
2026-03-18T11:47:19,-56.127,35.338,,0.000,none
2026-03-18T11:47:20,-56.017,35.595,,0.000,none
2026-03-18T11:47:21,-55.933,35.862,,0.000,none
2026-03-18T11:47:22,-55.876,36.136,,0.000,none
2026-03-18T11:47:23,-55.847,36.415,,0.000,none
2026-03-18T11:47:24,-55.841,36.675,,0.000,none
2026-03-18T11:47:25,-55.829,36.911,,0.000,none
2026-03-18T11:47:26,-55.812,37.156,,0.000,none
2026-03-18T11:47:27,-55.783,37.395,,0.000,none
2026-03-18T11:47:28,-55.749,37.638,,0.000,none
2026-03-18T11:47:29,-55.714,37.881,,0.000,none
2026-03-18T11:47:30,-55.678,38.124,,0.000,none
2026-03-18T11:47:31,-55.646,38.335,,0.000,none
2026-03-18T11:47:32,-55.641,38.342,,0.000,none
2026-03-18T11:47:33,-55.641,38.342,,0.000,none
2026-03-18T11:47:34,-55.546,38.403,,0.073,none
2026-03-18T11:47:35,-55.517,38.419,,0.106,none
2026-03-18T11:47:36,-55.517,38.419,,0.106,none
2026-03-18T11:47:37,-55.408,38.474,,0.229,none
2026-03-18T11:47:38,-55.093,38.627,,0.579,none
2026-03-18T11:47:39,-54.777,38.779,,0.929,none
2026-03-18T11:47:40,-54.467,38.941,,1.100,none
2026-03-18T11:47:41,-54.335,39.001,,1.100,none
2026-03-18T11:47:42,-54.149,39.052,,1.100,none
2026-03-18T11:47:43,-53.884,39.142,,1.357,none
2026-03-18T11:47:44,-53.629,39.258,,1.637,none
2026-03-18T11:47:45,-53.387,39.399,,1.915,none
2026-03-18T11:47:46,-53.224,39.515,,2.111,none
2026-03-18T11:47:47,-53.184,39.553,,2.164,none
2026-03-18T11:47:48,-53.184,39.553,,2.164,none
2026-03-18T11:47:49,-53.172,39.566,,2.180,none
2026-03-18T11:47:50,-52.939,39.827,,2.200,none
2026-03-18T11:47:51,-52.722,40.102,,2.200,none
2026-03-18T11:47:52,-52.521,40.388,,2.200,none
2026-03-18T11:47:53,-52.336,40.685,,2.200,none
2026-03-18T11:47:54,-52.167,40.992,,2.200,none
2026-03-18T11:47:55,-52.014,41.306,,2.200,none
2026-03-18T11:47:56,-51.878,41.629,,2.200,none
2026-03-18T11:47:57,-51.762,41.959,,2.228,none
2026-03-18T11:47:58,-51.667,42.296,,2.437,none
2026-03-18T11:47:59,-51.590,42.637,,2.631,none
2026-03-18T11:48:00,-51.532,42.982,,2.808,none
2026-03-18T11:48:01,-51.492,43.330,,2.970,none
2026-03-18T11:48:02,-51.469,43.679,,3.116,none
2026-03-18T11:48:03,-51.462,44.029,,3.247,none
2026-03-18T11:48:04,-51.467,44.379,,3.299,none
2026-03-18T11:48:05,-51.483,44.729,,3.299,none
2026-03-18T11:48:06,-51.507,45.078,,3.299,none
2026-03-18T11:48:07,-51.540,45.426,,3.299,none
2026-03-18T11:48:08,-51.579,45.751,,3.299,none
2026-03-18T11:48:09,-51.609,45.870,,3.299,none
2026-03-18T11:48:10,-51.699,46.076,,3.299,none
2026-03-18T11:48:11,-51.835,46.320,,3.299,none
2026-03-18T11:48:12,-51.995,46.550,,3.299,none
2026-03-18T11:48:13,-52.178,46.762,,3.299,none
2026-03-18T11:48:14,-52.380,46.956,,3.299,none
2026-03-18T11:48:15,-52.601,47.128,,3.290,none
2026-03-18T11:48:16,-52.672,47.185,,3.244,none
2026-03-18T11:48:17,-52.705,47.227,,3.228,none
2026-03-18T11:48:18,-52.718,47.248,,3.224,none
2026-03-18T11:48:19,-52.718,47.248,,3.224,none
2026-03-18T11:48:20,-52.822,47.430,,3.191,none
2026-03-18T11:48:21,-52.984,47.740,,3.151,none
2026-03-18T11:48:22,-53.132,48.058,,3.126,none
2026-03-18T11:48:23,-53.270,48.379,,3.111,none
2026-03-18T11:48:24,-53.404,48.702,,3.101,none
2026-03-18T11:48:25,-53.538,49.026,,3.092,none
2026-03-18T11:48:26,-53.678,49.347,,3.076,none
2026-03-18T11:48:27,-53.826,49.664,,3.051,none
2026-03-18T11:48:28,-53.984,49.976,,3.015,none
2026-03-18T11:48:29,-54.150,50.284,,2.970,none
2026-03-18T11:48:30,-54.324,50.588,,2.916,none
2026-03-18T11:48:31,-54.506,50.886,,2.852,none
2026-03-18T11:48:32,-54.699,51.179,,2.776,none
2026-03-18T11:48:33,-54.902,51.463,,2.688,none
2026-03-18T11:48:34,-55.117,51.740,,2.586,none
2026-03-18T11:48:35,-55.345,52.006,,2.468,none
2026-03-18T11:48:36,-55.583,52.262,,2.337,none
2026-03-18T11:48:37,-55.833,52.507,,2.200,none
2026-03-18T11:48:38,-56.091,52.743,,2.200,none
2026-03-18T11:48:39,-56.357,52.971,,2.200,none
2026-03-18T11:48:40,-56.629,53.191,,2.200,none
2026-03-18T11:48:41,-56.907,53.403,,2.200,none
2026-03-18T11:48:42,-57.191,53.608,,2.200,none
2026-03-18T11:48:43,-57.481,53.804,,2.200,none
2026-03-18T11:48:44,-57.777,53.991,,2.200,none
2026-03-18T11:48:45,-58.077,54.172,,2.200,none
2026-03-18T11:48:46,-58.381,54.345,,2.200,none
2026-03-18T11:48:47,-58.688,54.513,,2.200,none
2026-03-18T11:48:48,-58.998,54.676,,2.200,none
2026-03-18T11:48:49,-59.309,54.836,,2.200,none
2026-03-18T11:48:50,-59.622,54.992,,2.200,none
2026-03-18T11:48:51,-59.937,55.146,,2.200,none
2026-03-18T11:48:52,-60.253,55.296,,2.071,none
2026-03-18T11:48:53,-60.570,55.444,,1.841,none
2026-03-18T11:48:54,-60.889,55.589,,1.608,none
2026-03-18T11:48:55,-61.208,55.733,,1.375,none
2026-03-18T11:48:56,-61.527,55.876,,1.141,none
2026-03-18T11:48:57,-61.846,56.019,,1.100,none
2026-03-18T11:48:58,-62.166,56.162,,1.100,none
2026-03-18T11:48:59,-62.485,56.306,,1.100,none
2026-03-18T11:49:00,-62.804,56.449,,0.993,none
2026-03-18T11:49:01,-63.123,56.592,,0.762,none
2026-03-18T11:49:02,-63.443,56.736,,0.531,none
2026-03-18T11:49:03,-63.762,56.879,,0.301,none
2026-03-18T11:49:04,-64.082,57.022,,0.070,none
2026-03-18T11:49:05,-64.401,57.165,,0.000,none
2026-03-18T11:49:06,-64.720,57.308,,0.000,none
2026-03-18T11:49:07,-65.040,57.451,,0.000,none
2026-03-18T11:49:08,-65.360,57.593,,0.000,none
2026-03-18T11:49:09,-65.679,57.736,,0.000,none
2026-03-18T11:49:10,-65.999,57.879,,0.000,none
2026-03-18T11:49:11,-66.318,58.022,,0.000,none
2026-03-18T11:49:12,-66.638,58.165,,0.000,none
2026-03-18T11:49:13,-66.957,58.308,,0.000,none
2026-03-18T11:49:14,-67.277,58.450,,0.000,none
2026-03-18T11:49:15,-67.598,58.590,,0.000,none
2026-03-18T11:49:16,-67.919,58.730,,0.000,none
2026-03-18T11:49:17,-68.240,58.869,,0.000,none
2026-03-18T11:49:18,-68.562,59.006,,0.000,none
2026-03-18T11:49:19,-68.885,59.141,,0.000,none
2026-03-18T11:49:20,-69.208,59.275,,0.000,none
2026-03-18T11:49:21,-69.532,59.407,,0.000,none
2026-03-18T11:49:22,-69.857,59.538,,0.000,none
2026-03-18T11:49:23,-70.182,59.667,,0.000,none
2026-03-18T11:49:24,-70.508,59.794,,0.000,none
2026-03-18T11:49:25,-70.835,59.919,,0.000,none
2026-03-18T11:49:26,-71.163,60.042,,0.000,none
2026-03-18T11:49:27,-71.491,60.164,,0.000,none
2026-03-18T11:49:28,-71.820,60.283,,0.000,none
2026-03-18T11:49:29,-72.150,60.401,,0.000,none
2026-03-18T11:49:30,-72.480,60.517,,0.000,none
2026-03-18T11:49:31,-72.811,60.631,,0.000,none
2026-03-18T11:49:32,-73.142,60.744,,0.000,none
2026-03-18T11:49:33,-73.474,60.855,,0.000,none
2026-03-18T11:49:34,-73.806,60.964,,0.000,none
2026-03-18T11:49:35,-74.139,61.073,,0.000,none
2026-03-18T11:49:36,-74.472,61.181,,0.000,none
2026-03-18T11:49:37,-74.805,61.288,,0.000,none
2026-03-18T11:49:38,-75.139,61.394,,0.000,none
2026-03-18T11:49:39,-75.472,61.500,,0.000,none
2026-03-18T11:49:40,-75.806,61.606,,0.000,none
2026-03-18T11:49:41,-76.140,61.711,,0.000,none
2026-03-18T11:49:42,-76.474,61.815,,0.000,none
2026-03-18T11:49:43,-76.808,61.920,,0.000,none
2026-03-18T11:49:44,-77.142,62.025,,0.000,none
2026-03-18T11:49:45,-77.476,62.130,,0.000,none
2026-03-18T11:49:46,-77.810,62.235,,0.000,none
2026-03-18T11:49:47,-78.143,62.340,,0.000,none
2026-03-18T11:49:48,-78.477,62.445,,0.000,none
2026-03-18T11:49:49,-78.811,62.550,,0.000,none
2026-03-18T11:49:50,-79.145,62.656,,0.000,none
2026-03-18T11:49:51,-79.478,62.763,,0.000,none
2026-03-18T11:49:52,-79.810,62.875,,0.000,none
2026-03-18T11:49:53,-80.139,62.993,,0.000,none
2026-03-18T11:49:54,-80.471,63.104,,0.000,none
2026-03-18T11:49:55,-80.803,63.215,,0.000,none
2026-03-18T11:49:56,-81.133,63.332,,0.000,none
2026-03-18T11:49:57,-81.464,63.446,,0.000,none
2026-03-18T11:49:58,-81.796,63.557,,0.000,none
2026-03-18T11:49:59,-82.128,63.665,,0.000,none
2026-03-18T11:50:00,-82.462,63.771,,0.000,none
2026-03-18T11:50:01,-82.797,63.875,,0.000,none
2026-03-18T11:50:02,-83.132,63.975,,0.000,none
2026-03-18T11:50:03,-83.468,64.074,,0.000,none
2026-03-18T11:50:04,-83.804,64.171,,0.000,none
2026-03-18T11:50:05,-84.141,64.266,,0.000,none
2026-03-18T11:50:06,-84.478,64.360,,0.000,none
2026-03-18T11:50:07,-84.815,64.453,,0.000,none
2026-03-18T11:50:08,-85.153,64.545,,0.000,none
2026-03-18T11:50:09,-85.491,64.636,,0.000,none
2026-03-18T11:50:10,-85.829,64.728,,0.000,none
2026-03-18T11:50:11,-86.166,64.819,,0.000,none
2026-03-18T11:50:12,-86.504,64.911,,0.000,none
2026-03-18T11:50:13,-86.842,65.002,,0.000,none
2026-03-18T11:50:14,-87.180,65.093,,0.000,none
2026-03-18T11:50:15,-87.518,65.184,,0.000,none
2026-03-18T11:50:16,-87.856,65.274,,0.000,none
2026-03-18T11:50:17,-88.194,65.365,,0.000,none
2026-03-18T11:50:18,-88.532,65.456,,0.000,none
2026-03-18T11:50:19,-88.870,65.548,,0.000,none
2026-03-18T11:50:20,-89.207,65.642,,0.000,none
2026-03-18T11:50:21,-89.544,65.737,,0.000,none
2026-03-18T11:50:22,-89.880,65.834,,0.000,none
2026-03-18T11:50:23,-90.216,65.932,,0.000,none
2026-03-18T11:50:24,-90.552,66.031,,0.000,none
2026-03-18T11:50:25,-90.887,66.132,,0.000,none
2026-03-18T11:50:26,-91.222,66.234,,0.000,none
2026-03-18T11:50:27,-91.556,66.339,,0.000,none
2026-03-18T11:50:28,-91.889,66.446,,0.000,none
2026-03-18T11:50:29,-92.220,66.560,,0.000,none
2026-03-18T11:50:30,-92.547,66.684,,0.000,none
2026-03-18T11:50:31,-92.872,66.815,,0.000,none
2026-03-18T11:50:32,-93.196,66.946,,0.000,none
2026-03-18T11:50:33,-93.518,67.084,,0.000,none
2026-03-18T11:50:34,-93.838,67.225,,0.000,none
2026-03-18T11:50:35,-94.158,67.367,,0.000,none
2026-03-18T11:50:36,-94.478,67.509,,0.000,none
2026-03-18T11:50:37,-94.797,67.654,,0.000,none
2026-03-18T11:50:38,-95.114,67.802,,0.000,none
2026-03-18T11:50:39,-95.430,67.952,,0.000,none
2026-03-18T11:50:40,-95.745,68.104,,0.000,none
2026-03-18T11:50:41,-96.059,68.260,,0.000,none
2026-03-18T11:50:42,-96.371,68.418,,0.000,none
2026-03-18T11:50:43,-96.681,68.580,,0.000,none
2026-03-18T11:50:44,-96.989,68.747,,0.000,none
2026-03-18T11:50:45,-97.294,68.918,,0.000,none
2026-03-18T11:50:46,-97.596,69.095,,0.000,none
2026-03-18T11:50:47,-97.895,69.277,,0.000,none
2026-03-18T11:50:48,-98.191,69.464,,0.000,none
2026-03-18T11:50:49,-98.485,69.654,,0.000,none
2026-03-18T11:50:50,-98.778,69.846,,0.000,none
2026-03-18T11:50:51,-99.069,70.039,,0.000,none
2026-03-18T11:50:52,-99.358,70.237,,0.000,none
2026-03-18T11:50:53,-99.644,70.438,,0.000,none
2026-03-18T11:50:54,-99.928,70.643,,0.000,none
2026-03-18T11:50:55,-100.209,70.852,,0.000,none
2026-03-18T11:50:56,-100.488,71.063,,0.000,none
2026-03-18T11:50:57,-100.765,71.278,,0.000,none
2026-03-18T11:50:58,-101.038,71.496,,0.000,none
2026-03-18T11:50:59,-101.309,71.717,,0.000,none
2026-03-18T11:51:00,-101.579,71.940,,0.000,none
2026-03-18T11:51:01,-101.845,72.168,,0.000,none
2026-03-18T11:51:02,-102.104,72.403,,0.000,none
2026-03-18T11:51:03,-102.356,72.647,,0.000,none
2026-03-18T11:51:04,-102.597,72.900,,0.000,none
2026-03-18T11:51:05,-102.834,73.157,,0.000,none
2026-03-18T11:51:06,-103.013,73.345,,0.000,none
2026-03-18T11:51:07,-103.110,73.419,,0.000,none
2026-03-18T11:51:08,-103.342,73.546,,0.000,none
2026-03-18T11:51:09,-103.558,73.660,,0.000,none
2026-03-18T11:51:10,-103.598,73.689,,0.000,none
2026-03-18T11:51:11,-103.618,73.707,,0.000,none
2026-03-18T11:51:12,-103.618,73.707,,0.000,none
2026-03-18T11:51:13,-103.720,73.805,,0.000,none
2026-03-18T11:51:14,-103.796,73.901,,0.000,none
2026-03-18T11:51:15,-103.939,74.114,,0.000,none
2026-03-18T11:51:16,-104.116,74.330,,0.000,none
2026-03-18T11:51:17,-104.314,74.528,,0.000,none
2026-03-18T11:51:18,-104.531,74.705,,0.000,none
2026-03-18T11:51:19,-104.765,74.859,,0.000,none
2026-03-18T11:51:20,-105.012,74.989,,0.000,none
2026-03-18T11:51:21,-105.272,75.094,,0.000,none
2026-03-18T11:51:22,-105.541,75.173,,0.000,none
2026-03-18T11:51:23,-105.816,75.224,,0.000,none
2026-03-18T11:51:24,-106.095,75.247,,0.000,none
2026-03-18T11:51:25,-106.374,75.243,,0.000,none
2026-03-18T11:51:26,-106.652,75.211,,0.000,none
2026-03-18T11:51:27,-106.917,75.153,,0.000,none
2026-03-18T11:51:28,-107.095,75.131,,0.000,none
2026-03-18T11:51:29,-107.293,75.138,,0.000,none
2026-03-18T11:51:30,-107.506,75.173,,0.000,none
2026-03-18T11:51:31,-107.687,75.227,,0.000,none
2026-03-18T11:51:32,-107.829,75.324,,0.000,none
2026-03-18T11:51:33,-107.829,75.324,,0.000,none
2026-03-18T11:51:34,-107.835,75.352,,0.000,none
2026-03-18T11:51:35,-107.905,75.609,,0.000,none
2026-03-18T11:51:36,-107.906,75.618,,0.000,none
2026-03-18T11:51:37,-107.901,75.631,,0.000,none
2026-03-18T11:51:38,-107.824,75.900,,0.000,none
2026-03-18T11:51:39,-107.807,75.958,,0.000,none
2026-03-18T11:51:40,-107.798,75.969,,0.000,none
2026-03-18T11:51:41,-107.629,76.192,,0.000,none
2026-03-18T11:51:42,-107.483,76.431,,0.000,none
2026-03-18T11:51:43,-107.362,76.684,,0.000,none
2026-03-18T11:51:44,-107.267,76.947,,0.000,none
2026-03-18T11:51:45,-107.241,77.031,,0.000,none
2026-03-18T11:51:46,-107.241,77.031,,0.000,none
2026-03-18T11:51:47,-107.179,77.232,,0.000,none
2026-03-18T11:51:48,-107.078,77.567,,0.000,none
2026-03-18T11:51:49,-106.983,77.904,,0.000,none
2026-03-18T11:51:50,-106.895,78.242,,0.000,none
2026-03-18T11:51:51,-106.813,78.582,,0.000,none
2026-03-18T11:51:52,-106.733,78.923,,0.000,none
2026-03-18T11:51:53,-106.662,79.266,,0.000,none
2026-03-18T11:51:54,-106.600,79.610,,0.000,none
2026-03-18T11:51:55,-106.550,79.957,,0.000,none
2026-03-18T11:51:56,-106.497,80.303,,0.000,none
2026-03-18T11:51:57,-106.439,80.648,,0.000,none
2026-03-18T11:51:58,-106.376,80.992,,0.000,none
2026-03-18T11:51:59,-106.312,81.336,,0.000,none
2026-03-18T11:52:00,-106.248,81.680,,0.000,none
2026-03-18T11:52:01,-106.185,82.025,,0.000,none
2026-03-18T11:52:02,-106.123,82.369,,0.000,none
2026-03-18T11:52:03,-106.060,82.713,,0.000,none
2026-03-18T11:52:04,-105.995,83.058,,0.000,none
2026-03-18T11:52:05,-105.929,83.401,,0.000,none
2026-03-18T11:52:06,-105.860,83.744,,0.000,none
2026-03-18T11:52:07,-105.791,84.087,,0.000,none
2026-03-18T11:52:08,-105.723,84.431,,0.000,none
2026-03-18T11:52:09,-105.652,84.774,,0.000,none
2026-03-18T11:52:10,-105.580,85.116,,0.000,none
2026-03-18T11:52:11,-105.506,85.458,,0.000,none
2026-03-18T11:52:12,-105.430,85.800,,0.000,none
2026-03-18T11:52:13,-105.353,86.141,,0.000,none
2026-03-18T11:52:14,-105.274,86.482,,0.000,none
2026-03-18T11:52:15,-105.192,86.822,,0.000,none
2026-03-18T11:52:16,-105.109,87.162,,0.000,none
2026-03-18T11:52:17,-105.026,87.502,,0.000,none
2026-03-18T11:52:18,-104.941,87.842,,0.000,none
2026-03-18T11:52:19,-104.855,88.181,,0.000,none
2026-03-18T11:52:20,-104.768,88.520,,0.000,none
2026-03-18T11:52:21,-104.680,88.859,,0.000,none
2026-03-18T11:52:22,-104.591,89.197,,0.000,none
2026-03-18T11:52:23,-104.502,89.536,,0.000,none
2026-03-18T11:52:24,-104.412,89.874,,0.000,none
2026-03-18T11:52:25,-104.323,90.213,,0.000,none
2026-03-18T11:52:26,-104.234,90.551,,0.000,none
2026-03-18T11:52:27,-104.146,90.890,,0.000,none
2026-03-18T11:52:28,-104.059,91.229,,0.000,none
2026-03-18T11:52:29,-103.973,91.568,,0.000,none
2026-03-18T11:52:30,-103.888,91.908,,0.000,none
2026-03-18T11:52:31,-103.804,92.247,,0.000,none
2026-03-18T11:52:32,-103.721,92.588,,0.000,none
2026-03-18T11:52:33,-103.640,92.928,,0.000,none
2026-03-18T11:52:34,-103.559,93.269,,0.000,none
2026-03-18T11:52:35,-103.480,93.610,,0.000,none
2026-03-18T11:52:36,-103.403,93.951,,0.000,none
2026-03-18T11:52:37,-103.327,94.293,,0.000,none
2026-03-18T11:52:38,-103.251,94.634,,0.000,none
2026-03-18T11:52:39,-103.176,94.976,,0.000,none
2026-03-18T11:52:40,-103.101,95.318,,0.000,none
2026-03-18T11:52:41,-103.027,95.660,,0.000,none
2026-03-18T11:52:42,-102.954,96.002,,0.000,none
2026-03-18T11:52:43,-102.882,96.345,,0.000,none
2026-03-18T11:52:44,-102.810,96.687,,0.000,none
2026-03-18T11:52:45,-102.738,97.030,,0.000,none
2026-03-18T11:52:46,-102.666,97.372,,0.000,none
2026-03-18T11:52:47,-102.593,97.715,,0.000,none
2026-03-18T11:52:48,-102.521,98.057,,0.000,none
2026-03-18T11:52:49,-102.448,98.399,,0.000,none
2026-03-18T11:52:50,-102.374,98.742,,0.000,none
2026-03-18T11:52:51,-102.300,99.084,,0.000,none
2026-03-18T11:52:52,-102.226,99.426,,0.000,none
2026-03-18T11:52:53,-102.152,99.768,,0.000,none
2026-03-18T11:52:54,-102.077,100.110,,0.000,none
2026-03-18T11:52:55,-102.002,100.451,,0.000,none
2026-03-18T11:52:56,-101.926,100.793,,0.000,none
2026-03-18T11:52:57,-101.850,101.135,,0.000,none
2026-03-18T11:52:58,-101.773,101.476,,0.000,none
2026-03-18T11:52:59,-101.696,101.818,,0.000,none
2026-03-18T11:53:00,-101.618,102.159,,0.000,none
2026-03-18T11:53:01,-101.540,102.500,,0.000,none
2026-03-18T11:53:02,-101.463,102.842,,0.000,none
2026-03-18T11:53:03,-101.386,103.183,,0.000,none
2026-03-18T11:53:04,-101.309,103.524,,0.000,none
2026-03-18T11:53:05,-101.233,103.866,,0.000,none
2026-03-18T11:53:06,-101.158,104.208,,0.000,none
2026-03-18T11:53:07,-101.083,104.550,,0.000,none
2026-03-18T11:53:08,-101.009,104.892,,0.000,none
2026-03-18T11:53:09,-100.936,105.234,,0.000,none
2026-03-18T11:53:10,-100.863,105.577,,0.000,none
2026-03-18T11:53:11,-100.792,105.919,,0.000,none
2026-03-18T11:53:12,-100.723,106.262,,0.000,none
2026-03-18T11:53:13,-100.653,106.605,,0.000,none
2026-03-18T11:53:14,-100.584,106.948,,0.000,none
2026-03-18T11:53:15,-100.516,107.292,,0.000,none
2026-03-18T11:53:16,-100.450,107.635,,0.000,none
2026-03-18T11:53:17,-100.384,107.979,,0.000,none
2026-03-18T11:53:18,-100.320,108.323,,0.000,none
2026-03-18T11:53:19,-100.257,108.667,,0.000,none
2026-03-18T11:53:20,-100.195,109.012,,0.000,none
2026-03-18T11:53:21,-100.133,109.357,,0.000,none
2026-03-18T11:53:22,-100.073,109.701,,0.000,none
2026-03-18T11:53:23,-100.012,110.046,,0.000,none
2026-03-18T11:53:24,-99.950,110.390,,0.000,none
2026-03-18T11:53:25,-99.889,110.735,,0.000,none
2026-03-18T11:53:26,-99.827,111.079,,0.000,none
2026-03-18T11:53:27,-99.764,111.424,,0.000,none
2026-03-18T11:53:28,-99.702,111.768,,0.000,none
2026-03-18T11:53:29,-99.639,112.113,,0.000,none
2026-03-18T11:53:30,-99.575,112.457,,0.000,none
2026-03-18T11:53:31,-99.511,112.801,,0.000,none
2026-03-18T11:53:32,-99.448,113.145,,0.000,none
2026-03-18T11:53:33,-99.384,113.489,,0.000,none
2026-03-18T11:53:34,-99.319,113.833,,0.000,none
2026-03-18T11:53:35,-99.253,114.177,,0.000,none
2026-03-18T11:53:36,-99.185,114.520,,0.000,none
2026-03-18T11:53:37,-99.117,114.863,,0.000,none
2026-03-18T11:53:38,-99.048,115.206,,0.000,none
2026-03-18T11:53:39,-98.978,115.550,,0.000,none
2026-03-18T11:53:40,-98.909,115.893,,0.000,none
2026-03-18T11:53:41,-98.843,116.236,,0.000,none
2026-03-18T11:53:42,-98.779,116.580,,0.000,none
2026-03-18T11:53:43,-98.716,116.925,,0.000,none
2026-03-18T11:53:44,-98.654,117.269,,0.000,none
2026-03-18T11:53:45,-98.593,117.614,,0.000,none
2026-03-18T11:53:46,-98.533,117.959,,0.000,none
2026-03-18T11:53:47,-98.475,118.304,,0.000,none
2026-03-18T11:53:48,-98.422,118.650,,0.000,none
2026-03-18T11:53:49,-98.376,118.997,,0.000,none
2026-03-18T11:53:50,-98.334,119.344,,0.000,none
2026-03-18T11:53:51,-98.295,119.692,,0.000,none
2026-03-18T11:53:52,-98.259,120.040,,0.000,none
2026-03-18T11:53:53,-98.228,120.389,,0.000,none
2026-03-18T11:53:54,-98.201,120.738,,0.000,none
2026-03-18T11:53:55,-98.179,121.087,,0.000,none
2026-03-18T11:53:56,-98.163,121.437,,0.000,none
2026-03-18T11:53:57,-98.155,121.787,,0.000,none
2026-03-18T11:53:58,-98.156,122.137,,0.000,none
2026-03-18T11:53:59,-98.169,122.486,,0.000,none
2026-03-18T11:54:00,-98.194,122.835,,0.000,none
2026-03-18T11:54:01,-98.230,123.184,,0.000,none
2026-03-18T11:54:02,-98.277,123.530,,0.000,none
2026-03-18T11:54:03,-98.335,123.875,,0.000,none
2026-03-18T11:54:04,-98.404,124.219,,0.000,none
2026-03-18T11:54:05,-98.484,124.559,,0.000,none
2026-03-18T11:54:06,-98.575,124.897,,0.000,none
2026-03-18T11:54:07,-98.678,125.232,,0.000,none
2026-03-18T11:54:08,-98.796,125.561,,0.000,none
2026-03-18T11:54:09,-98.926,125.886,,0.000,none
2026-03-18T11:54:10,-99.069,126.206,,0.000,none
2026-03-18T11:54:11,-99.223,126.520,,0.000,none
2026-03-18T11:54:12,-99.387,126.829,,0.000,none
2026-03-18T11:54:13,-99.562,127.132,,0.000,none
2026-03-18T11:54:14,-99.746,127.430,,0.000,none
2026-03-18T11:54:15,-99.939,127.722,,0.000,none
2026-03-18T11:54:16,-100.146,128.004,,0.000,none
2026-03-18T11:54:17,-100.371,128.272,,0.000,none
2026-03-18T11:54:18,-100.612,128.526,,0.000,none
2026-03-18T11:54:19,-100.863,128.769,,0.000,none
2026-03-18T11:54:20,-101.123,129.004,,0.000,none
2026-03-18T11:54:21,-101.387,129.234,,0.000,none
2026-03-18T11:54:22,-101.656,129.458,,0.000,none
2026-03-18T11:54:23,-101.929,129.677,,0.000,none
2026-03-18T11:54:24,-102.205,129.892,,0.000,none
2026-03-18T11:54:25,-102.485,130.101,,0.000,none
2026-03-18T11:54:26,-102.769,130.306,,0.000,none
2026-03-18T11:54:27,-103.056,130.506,,0.000,none
2026-03-18T11:54:28,-103.346,130.702,,0.000,none
2026-03-18T11:54:29,-103.639,130.894,,0.000,none
2026-03-18T11:54:30,-103.933,131.084,,0.000,none
2026-03-18T11:54:31,-104.227,131.273,,0.000,none
2026-03-18T11:54:32,-104.523,131.461,,0.000,none
2026-03-18T11:54:33,-104.819,131.648,,0.000,none
2026-03-18T11:54:34,-105.116,131.833,,0.000,none
2026-03-18T11:54:35,-105.414,132.017,,0.000,none
2026-03-18T11:54:36,-105.713,132.198,,0.000,none
2026-03-18T11:54:37,-106.013,132.379,,0.000,none
2026-03-18T11:54:38,-106.313,132.559,,0.000,none
2026-03-18T11:54:39,-106.612,132.740,,0.000,none
2026-03-18T11:54:40,-106.912,132.921,,0.000,none
2026-03-18T11:54:41,-107.212,133.101,,0.000,none
2026-03-18T11:54:42,-107.513,133.279,,0.000,none
2026-03-18T11:54:43,-107.815,133.457,,0.000,none
2026-03-18T11:54:44,-108.117,133.635,,0.000,none
2026-03-18T11:54:45,-108.419,133.811,,0.000,none
2026-03-18T11:54:46,-108.721,133.988,,0.000,none
2026-03-18T11:54:47,-109.023,134.164,,0.000,none
2026-03-18T11:54:48,-109.326,134.340,,0.000,none
2026-03-18T11:54:49,-109.628,134.517,,0.000,none
2026-03-18T11:54:50,-109.929,134.694,,0.000,none
2026-03-18T11:54:51,-110.231,134.873,,0.000,none
2026-03-18T11:54:52,-110.531,135.052,,0.000,none
2026-03-18T11:54:53,-110.831,135.232,,0.000,none
2026-03-18T11:54:54,-111.132,135.412,,0.000,none
2026-03-18T11:54:55,-111.432,135.592,,0.000,none
2026-03-18T11:54:56,-111.732,135.772,,0.000,none
2026-03-18T11:54:57,-112.033,135.951,,0.000,none
2026-03-18T11:54:58,-112.334,136.129,,0.000,none
2026-03-18T11:54:59,-112.635,136.307,,0.000,none
2026-03-18T11:55:00,-112.938,136.482,,0.000,none
2026-03-18T11:55:01,-113.243,136.655,,0.000,none
2026-03-18T11:55:02,-113.548,136.825,,0.000,none
2026-03-18T11:55:03,-113.856,136.992,,0.000,none
2026-03-18T11:55:04,-114.166,137.154,,0.000,none
2026-03-18T11:55:05,-114.478,137.314,,0.000,none
2026-03-18T11:55:06,-114.667,137.413,,0.000,none
2026-03-18T11:55:07,-114.776,137.498,,0.000,none
2026-03-18T11:55:08,-114.996,137.671,,0.000,none
2026-03-18T11:55:09,-115.232,137.821,,0.000,none
2026-03-18T11:55:10,-115.482,137.947,,0.000,none
2026-03-18T11:55:11,-115.743,138.047,,0.000,none
2026-03-18T11:55:12,-116.013,138.120,,0.000,none
2026-03-18T11:55:13,-116.289,138.166,,0.000,none
2026-03-18T11:55:14,-116.569,138.185,,0.000,none
2026-03-18T11:55:15,-116.848,138.175,,0.000,none
2026-03-18T11:55:16,-117.126,138.138,,0.000,none
2026-03-18T11:55:17,-117.211,138.123,,0.000,none
2026-03-18T11:55:18,-117.239,138.130,,0.000,none
2026-03-18T11:55:19,-117.286,138.150,,0.000,none
2026-03-18T11:55:20,-117.324,138.173,,0.000,none
2026-03-18T11:55:21,-117.324,138.173,,0.000,none
2026-03-18T11:55:22,-117.397,138.221,,0.000,none
2026-03-18T11:55:23,-117.650,138.390,,0.000,none
2026-03-18T11:55:24,-117.741,138.472,,0.000,none
2026-03-18T11:55:25,-117.898,138.643,,0.000,none
2026-03-18T11:55:26,-118.105,138.832,,0.000,none
2026-03-18T11:55:27,-118.329,139.000,,0.000,none
2026-03-18T11:55:28,-118.569,139.145,,0.000,none
2026-03-18T11:55:29,-118.821,139.264,,0.000,none
2026-03-18T11:55:30,-119.085,139.358,,0.000,none
2026-03-18T11:55:31,-119.357,139.426,,0.000,none
2026-03-18T11:55:32,-119.634,139.465,,0.000,none
2026-03-18T11:55:33,-119.913,139.477,,0.000,none
2026-03-18T11:55:34,-120.112,139.472,,0.000,none
2026-03-18T11:55:35,-120.123,139.475,,0.000,none
2026-03-18T11:55:36,-120.166,139.497,,0.000,none
2026-03-18T11:55:37,-120.213,139.531,,0.000,none
2026-03-18T11:55:38,-120.218,139.535,,0.000,none
2026-03-18T11:55:39,-120.218,139.535,,0.000,none
2026-03-18T11:55:40,-120.389,139.679,,0.000,none
2026-03-18T11:55:41,-120.468,139.772,,0.000,none
2026-03-18T11:55:42,-120.628,139.983,,0.000,none
2026-03-18T11:55:43,-120.818,140.188,,0.000,none
2026-03-18T11:55:44,-121.028,140.374,,0.000,none
2026-03-18T11:55:45,-121.255,140.537,,0.000,none
2026-03-18T11:55:46,-121.497,140.677,,0.000,none
2026-03-18T11:55:47,-121.752,140.793,,0.000,none
2026-03-18T11:55:48,-122.018,140.882,,0.000,none
2026-03-18T11:55:49,-122.290,140.944,,0.000,none
2026-03-18T11:55:50,-122.568,140.979,,0.000,none
2026-03-18T11:55:51,-122.848,140.986,,0.000,none
2026-03-18T11:55:52,-122.892,140.987,,0.000,none
2026-03-18T11:55:53,-122.919,141.000,,0.000,none
2026-03-18T11:55:54,-122.935,141.010,,0.000,none
2026-03-18T11:55:55,-122.951,141.033,,0.000,none
2026-03-18T11:55:56,-123.125,141.253,,0.000,none
2026-03-18T11:55:57,-123.319,141.454,,0.000,none
2026-03-18T11:55:58,-123.533,141.635,,0.000,none
2026-03-18T11:55:59,-123.763,141.794,,0.000,none
2026-03-18T11:56:00,-124.008,141.929,,0.000,none
2026-03-18T11:56:01,-124.266,142.038,,0.000,none
2026-03-18T11:56:02,-124.533,142.122,,0.000,none
2026-03-18T11:56:03,-124.807,142.178,,0.000,none
2026-03-18T11:56:04,-125.030,142.207,,0.000,none
2026-03-18T11:56:05,-125.030,142.207,,0.000,none
2026-03-18T11:56:06,-125.065,142.230,,0.000,none
2026-03-18T11:56:07,-125.073,142.237,,0.000,none
2026-03-18T11:56:08,-125.112,142.311,,0.000,none
2026-03-18T11:56:09,-125.259,142.549,,0.000,none
2026-03-18T11:56:10,-125.429,142.772,,0.000,none
2026-03-18T11:56:11,-125.620,142.976,,0.000,none
2026-03-18T11:56:12,-125.831,143.160,,0.000,none
2026-03-18T11:56:13,-126.059,143.323,,0.000,none
2026-03-18T11:56:14,-126.302,143.461,,0.000,none
2026-03-18T11:56:15,-126.558,143.575,,0.000,none
2026-03-18T11:56:16,-126.824,143.663,,0.000,none
2026-03-18T11:56:17,-127.097,143.723,,0.000,none
2026-03-18T11:56:18,-127.361,143.758,,0.000,none
2026-03-18T11:56:19,-127.363,143.759,,0.000,none
2026-03-18T11:56:20,-127.457,143.819,,0.000,none
2026-03-18T11:56:21,-127.703,143.953,,0.000,none
2026-03-18T11:56:22,-127.961,144.061,,0.000,none
2026-03-18T11:56:23,-128.229,144.143,,0.000,none
2026-03-18T11:56:24,-128.380,144.180,,0.000,none
2026-03-18T11:56:25,-128.380,144.180,,0.000,none
2026-03-18T11:56:26,-128.401,144.199,,0.000,none
2026-03-18T11:56:27,-128.401,144.199,,0.000,none
2026-03-18T11:56:28,-128.508,144.412,,0.000,none
2026-03-18T11:56:29,-128.655,144.649,,0.000,none
2026-03-18T11:56:30,-128.826,144.871,,0.000,none
2026-03-18T11:56:31,-129.018,145.075,,0.000,none
2026-03-18T11:56:32,-129.229,145.258,,0.000,none
2026-03-18T11:56:33,-129.458,145.420,,0.000,none
2026-03-18T11:56:34,-129.701,145.558,,0.000,none
2026-03-18T11:56:35,-129.957,145.671,,0.000,none
2026-03-18T11:56:36,-130.224,145.757,,0.000,none
2026-03-18T11:56:37,-130.496,145.823,,0.000,none
2026-03-18T11:56:38,-130.551,145.838,,0.000,none
2026-03-18T11:56:39,-130.559,145.844,,0.000,none
2026-03-18T11:56:40,-130.564,145.850,,0.000,none
2026-03-18T11:56:41,-130.598,145.927,,0.000,none
2026-03-18T11:56:42,-130.729,146.174,,0.000,none
2026-03-18T11:56:43,-130.883,146.408,,0.000,none
2026-03-18T11:56:44,-131.060,146.625,,0.000,none
2026-03-18T11:56:45,-131.258,146.823,,0.000,none
2026-03-18T11:56:46,-131.474,147.000,,0.000,none
2026-03-18T11:56:47,-131.707,147.155,,0.000,none
2026-03-18T11:56:48,-131.955,147.286,,0.000,none
2026-03-18T11:56:49,-132.214,147.392,,0.000,none
2026-03-18T11:56:50,-132.279,147.418,,0.000,none
2026-03-18T11:56:51,-132.295,147.434,,0.000,none
2026-03-18T11:56:52,-132.320,147.476,,0.000,none
2026-03-18T11:56:53,-132.332,147.503,,0.000,none
2026-03-18T11:56:54,-132.334,147.510,,0.000,none
2026-03-18T11:56:55,-132.324,147.636,,0.000,none
2026-03-18T11:56:56,-132.324,147.915,,0.000,none
2026-03-18T11:56:57,-132.352,148.194,,0.000,none
2026-03-18T11:56:58,-132.407,148.468,,0.000,none
2026-03-18T11:56:59,-132.490,148.736,,0.000,none
2026-03-18T11:57:00,-132.598,148.994,,0.000,none
2026-03-18T11:57:01,-132.732,149.239,,0.000,none
2026-03-18T11:57:02,-132.890,149.471,,0.000,none
2026-03-18T11:57:03,-133.070,149.685,,0.000,none
2026-03-18T11:57:04,-133.271,149.880,,0.000,none
2026-03-18T11:57:05,-133.490,150.054,,0.000,none
2026-03-18T11:57:06,-133.725,150.206,,0.000,none
2026-03-18T11:57:07,-133.974,150.333,,0.000,none
2026-03-18T11:57:08,-134.235,150.435,,0.000,none
2026-03-18T11:57:09,-134.505,150.510,,0.000,none
2026-03-18T11:57:10,-134.626,150.538,,0.000,none
2026-03-18T11:57:11,-134.626,150.538,,0.000,none
2026-03-18T11:57:12,-134.828,150.688,,0.000,none
2026-03-18T11:57:13,-135.009,150.804,,0.000,none
2026-03-18T11:57:14,-135.009,150.804,,0.000,none
2026-03-18T11:57:15,-135.112,150.953,,0.000,none
2026-03-18T11:57:16,-135.289,151.170,,0.000,none
2026-03-18T11:57:17,-135.487,151.368,,0.000,none
2026-03-18T11:57:18,-135.654,151.527,,0.000,none
2026-03-18T11:57:19,-135.732,151.608,,0.000,none
2026-03-18T11:57:20,-135.736,151.621,,0.000,none
2026-03-18T11:57:21,-135.843,151.880,,0.000,none
2026-03-18T11:57:22,-135.974,152.127,,0.000,none
2026-03-18T11:57:23,-136.129,152.360,,0.000,none
2026-03-18T11:57:24,-136.287,152.561,,0.000,none
2026-03-18T11:57:25,-136.428,152.762,,0.000,none
2026-03-18T11:57:26,-136.550,152.949,,0.000,none
2026-03-18T11:57:27,-136.552,152.961,,0.000,none
2026-03-18T11:57:28,-136.549,153.000,,0.000,none
2026-03-18T11:57:29,-136.537,153.050,,0.000,none
2026-03-18T11:57:30,-136.537,153.050,,0.000,none
2026-03-18T11:57:31,-136.532,153.067,,0.000,none
2026-03-18T11:57:32,-136.433,153.390,,0.000,none
2026-03-18T11:57:33,-136.384,153.503,,0.000,none
2026-03-18T11:57:34,-136.274,153.690,,0.000,none
2026-03-18T11:57:35,-136.219,153.794,,0.000,none
2026-03-18T11:57:36,-136.219,153.794,,0.000,none
2026-03-18T11:57:37,-136.149,153.935,,0.000,none
2026-03-18T11:57:38,-136.050,154.162,,0.000,none
2026-03-18T11:57:39,-135.989,154.379,,0.000,none
2026-03-18T11:57:40,-135.957,154.578,,0.000,none
2026-03-18T11:57:41,-135.931,154.709,,0.000,none
2026-03-18T11:57:42,-135.865,154.882,,0.000,none
2026-03-18T11:57:43,-135.781,155.149,,0.000,none
2026-03-18T11:57:44,-135.724,155.423,,0.000,none
2026-03-18T11:57:45,-135.695,155.702,,0.000,none
2026-03-18T11:57:46,-135.694,155.982,,0.000,none
2026-03-18T11:57:47,-135.720,156.260,,0.000,none
2026-03-18T11:57:48,-135.775,156.535,,0.000,none
2026-03-18T11:57:49,-135.856,156.803,,0.000,none
2026-03-18T11:57:50,-135.964,157.061,,0.000,none
2026-03-18T11:57:51,-136.097,157.307,,0.000,none
2026-03-18T11:57:52,-136.254,157.539,,0.000,none
2026-03-18T11:57:53,-136.332,157.638,,0.000,none
2026-03-18T11:57:54,-136.332,157.638,,0.000,none
2026-03-18T11:57:55,-136.332,157.638,,0.000,none
2026-03-18T11:57:56,-136.332,157.638,,0.000,none
2026-03-18T11:57:57,-136.332,157.638,,0.000,none
2026-03-18T11:57:58,-136.332,157.638,,0.000,none
2026-03-18T11:57:59,-136.332,157.638,,0.000,none
2026-03-18T11:58:00,-136.332,157.638,,0.000,none
2026-03-18T11:58:01,-136.332,157.638,,0.000,none
2026-03-18T11:58:02,-136.332,157.638,,0.000,none
2026-03-18T11:58:03,-136.332,157.638,,0.000,none
2026-03-18T11:58:04,-136.332,157.638,,0.000,none
2026-03-18T11:58:05,-136.332,157.638,,0.000,none
2026-03-18T11:58:06,-136.332,157.638,,0.000,none
2026-03-18T11:58:07,-136.332,157.638,,0.000,none
2026-03-18T11:58:08,-136.332,157.638,,0.000,none
2026-03-18T11:58:09,-136.332,157.638,,0.000,none
2026-03-18T11:58:10,-136.332,157.638,,0.000,none
2026-03-18T11:58:11,-136.332,157.638,,0.000,none
2026-03-18T11:58:12,-136.332,157.638,,0.000,none
2026-03-18T11:58:13,-136.332,157.638,,0.000,none
2026-03-18T11:58:14,-136.332,157.638,,0.000,none
2026-03-18T11:58:15,-136.332,157.638,,0.000,none
2026-03-18T11:58:16,-136.332,157.638,,0.000,none
2026-03-18T11:58:17,-136.332,157.638,,0.000,none
2026-03-18T11:58:18,-136.332,157.638,,0.000,none
2026-03-18T11:58:19,-136.332,157.638,,0.000,none
2026-03-18T11:58:20,-136.332,157.638,,0.000,none
2026-03-18T11:58:21,-136.332,157.638,,0.000,none
2026-03-18T11:58:22,-136.332,157.638,,0.000,none
2026-03-18T11:58:23,-136.332,157.638,,0.000,none
2026-03-18T11:58:24,-136.332,157.638,,0.000,none
2026-03-18T11:58:25,-136.332,157.638,,0.000,none
2026-03-18T11:58:26,-136.332,157.638,,0.000,none
2026-03-18T11:58:27,-136.332,157.638,,0.000,none
2026-03-18T11:58:28,-136.332,157.638,,0.000,none
2026-03-18T11:58:29,-136.332,157.638,,0.000,none
2026-03-18T11:58:30,-136.332,157.638,,0.000,none
2026-03-18T11:58:31,-136.332,157.638,,0.000,none
2026-03-18T11:58:32,-136.332,157.638,,0.000,none
2026-03-18T11:58:33,-136.332,157.638,,0.000,none
2026-03-18T11:58:34,-136.332,157.638,,0.000,none
2026-03-18T11:58:35,-136.332,157.638,,0.000,none
2026-03-18T11:58:36,-136.332,157.638,,0.000,none
2026-03-18T11:58:37,-136.332,157.638,,0.000,none
2026-03-18T11:58:38,-136.332,157.638,,0.000,none
2026-03-18T11:58:39,-136.332,157.638,,0.000,none
2026-03-18T11:58:40,-136.332,157.638,,0.000,none
2026-03-18T11:58:41,-136.332,157.638,,0.000,none
2026-03-18T11:58:42,-136.332,157.638,,0.000,none
2026-03-18T11:58:43,-136.332,157.638,,0.000,none
2026-03-18T11:58:44,-136.332,157.638,,0.000,none
2026-03-18T11:58:45,-136.332,157.638,,0.000,none
2026-03-18T11:58:46,-136.332,157.638,,0.000,none
2026-03-18T11:58:47,-136.332,157.638,,0.000,none
2026-03-18T11:58:48,-136.332,157.638,,0.000,none
2026-03-18T11:58:49,-136.332,157.638,,0.000,none
2026-03-18T11:58:50,-136.332,157.638,,0.000,none
2026-03-18T11:58:51,-136.332,157.638,,0.000,none
2026-03-18T11:58:52,-136.332,157.638,,0.000,none
2026-03-18T11:58:53,-136.332,157.638,,0.000,none
2026-03-18T11:58:54,-136.332,157.638,,0.000,none
2026-03-18T12:23:42,-38.490,1.030,,0.010,none
2026-03-18T12:23:43,-38.527,1.017,,0.000,none
2026-03-18T12:23:44,-38.527,1.017,,0.000,none
2026-03-18T12:23:45,-38.644,0.982,,0.000,none
2026-03-18T12:23:46,-38.983,0.893,,0.000,none
2026-03-18T12:23:47,-39.326,0.826,,0.000,none
2026-03-18T12:23:48,-39.674,0.786,,0.000,none
2026-03-18T12:23:49,-40.023,0.769,,0.000,none
2026-03-18T12:23:50,-40.373,0.772,,0.000,none
2026-03-18T12:23:51,-40.723,0.794,,0.000,none
2026-03-18T12:23:52,-41.071,0.831,,0.000,none
2026-03-18T12:23:53,-41.417,0.881,,0.000,none
2026-03-18T12:23:54,-41.761,0.943,,0.000,none
2026-03-18T12:23:55,-42.105,1.009,,0.000,none
2026-03-18T12:23:56,-42.448,1.079,,0.000,none
2026-03-18T12:23:57,-42.790,1.153,,0.000,none
2026-03-18T12:23:58,-43.131,1.230,,0.000,none
2026-03-18T12:23:59,-43.471,1.315,,0.000,none
2026-03-18T12:24:00,-43.808,1.409,,0.000,none
2026-03-18T12:24:01,-44.144,1.509,,0.000,none
2026-03-18T12:24:02,-44.477,1.615,,0.000,none
2026-03-18T12:24:03,-44.810,1.724,,0.000,none
2026-03-18T12:24:04,-45.141,1.836,,0.000,none
2026-03-18T12:24:05,-45.471,1.954,,0.000,none
2026-03-18T12:24:06,-45.798,2.077,,0.000,none
2026-03-18T12:24:07,-46.123,2.207,,0.000,none
2026-03-18T12:24:08,-46.446,2.344,,0.000,none
2026-03-18T12:24:09,-46.765,2.487,,0.000,none
2026-03-18T12:24:10,-47.081,2.637,,0.000,none
2026-03-18T12:24:11,-47.394,2.794,,0.000,none
2026-03-18T12:24:12,-47.703,2.958,,0.000,none
2026-03-18T12:24:13,-48.008,3.130,,0.000,none
2026-03-18T12:24:14,-48.308,3.310,,0.000,none
2026-03-18T12:24:15,-48.604,3.498,,0.000,none
2026-03-18T12:24:16,-48.894,3.693,,0.000,none
2026-03-18T12:24:17,-49.180,3.896,,0.000,none
2026-03-18T12:24:18,-49.460,4.104,,0.000,none
2026-03-18T12:24:19,-49.736,4.319,,0.000,none
2026-03-18T12:24:20,-50.008,4.540,,0.000,none
2026-03-18T12:24:21,-50.275,4.766,,0.000,none
2026-03-18T12:24:22,-50.537,4.998,,0.000,none
2026-03-18T12:24:23,-50.795,5.235,,0.000,none
2026-03-18T12:24:24,-51.048,5.477,,0.000,none
2026-03-18T12:24:25,-51.293,5.727,,0.000,none
2026-03-18T12:24:26,-51.529,5.985,,0.000,none
2026-03-18T12:24:27,-51.758,6.250,,0.000,none
2026-03-18T12:24:28,-51.979,6.521,,0.000,none
2026-03-18T12:24:29,-52.195,6.797,,0.000,none
2026-03-18T12:24:30,-52.406,7.076,,0.000,none
2026-03-18T12:24:31,-52.612,7.359,,0.000,none
2026-03-18T12:24:32,-52.811,7.647,,0.000,none
2026-03-18T12:24:33,-53.002,7.940,,0.000,none
2026-03-18T12:24:34,-53.185,8.239,,0.000,none
2026-03-18T12:24:35,-53.359,8.542,,0.000,none
2026-03-18T12:24:36,-53.527,8.849,,0.000,none
2026-03-18T12:24:37,-53.689,9.159,,0.000,none
2026-03-18T12:24:38,-53.846,9.472,,0.000,none
2026-03-18T12:24:39,-54.000,9.787,,0.000,none
2026-03-18T12:24:40,-54.149,10.103,,0.000,none
2026-03-18T12:24:41,-54.295,10.421,,0.000,none
2026-03-18T12:24:42,-54.438,10.741,,0.000,none
2026-03-18T12:24:43,-54.576,11.062,,0.000,none
2026-03-18T12:24:44,-54.709,11.386,,0.000,none
2026-03-18T12:24:45,-54.837,11.712,,0.000,none
2026-03-18T12:24:46,-54.960,12.039,,0.000,none
2026-03-18T12:24:47,-55.078,12.369,,0.000,none
2026-03-18T12:24:48,-55.191,12.700,,0.000,none
2026-03-18T12:24:49,-55.300,13.033,,0.000,none
2026-03-18T12:24:50,-55.403,13.367,,0.000,none
2026-03-18T12:24:51,-55.502,13.703,,0.000,none
2026-03-18T12:24:52,-55.594,14.041,,0.000,none
2026-03-18T12:24:53,-55.620,14.183,,0.000,none
2026-03-18T12:24:54,-55.623,14.369,,0.000,none
2026-03-18T12:24:55,-55.642,14.648,,0.000,none
2026-03-18T12:24:56,-55.690,14.924,,0.000,none
2026-03-18T12:24:57,-55.765,15.193,,0.000,none
2026-03-18T12:24:58,-55.867,15.454,,0.000,none
2026-03-18T12:24:59,-55.994,15.704,,0.000,none
2026-03-18T12:25:00,-56.145,15.939,,0.000,none
2026-03-18T12:25:01,-56.308,16.151,,0.000,none
2026-03-18T12:25:02,-56.325,16.185,,0.000,none
2026-03-18T12:25:03,-56.342,16.240,,0.000,none
2026-03-18T12:25:04,-56.342,16.243,,0.000,none
2026-03-18T12:25:05,-56.342,16.243,,0.000,none
2026-03-18T12:25:06,-56.402,16.535,,0.000,none
2026-03-18T12:25:07,-56.450,16.881,,0.000,none
2026-03-18T12:25:08,-56.450,17.004,,0.000,none
2026-03-18T12:25:09,-56.424,17.211,,0.000,none
2026-03-18T12:25:10,-56.409,17.490,,0.000,none
2026-03-18T12:25:11,-56.422,17.770,,0.000,none
2026-03-18T12:25:12,-56.464,18.047,,0.000,none
2026-03-18T12:25:13,-56.532,18.318,,0.000,none
2026-03-18T12:25:14,-56.628,18.581,,0.000,none
2026-03-18T12:25:15,-56.749,18.834,,0.000,none
2026-03-18T12:25:16,-56.895,19.072,,0.000,none
2026-03-18T12:25:17,-57.064,19.296,,0.000,none
2026-03-18T12:25:18,-57.254,19.501,,0.000,none
2026-03-18T12:25:19,-57.464,19.686,,0.000,none
2026-03-18T12:25:20,-57.691,19.849,,0.000,none
2026-03-18T12:25:21,-57.934,19.989,,0.000,none
2026-03-18T12:25:22,-58.168,20.103,,0.000,none
2026-03-18T12:25:23,-58.371,20.232,,0.000,none
2026-03-18T12:25:24,-58.549,20.386,,0.000,none
2026-03-18T12:25:25,-58.722,20.574,,0.000,none
2026-03-18T12:25:26,-58.863,20.757,,0.000,none
2026-03-18T12:25:27,-58.992,20.960,,0.000,none
2026-03-18T12:25:28,-59.101,21.185,,0.000,none
2026-03-18T12:25:29,-59.196,21.412,,0.000,none
2026-03-18T12:25:30,-59.232,21.507,,0.000,none
2026-03-18T12:25:31,-59.232,21.507,,0.000,none
2026-03-18T12:25:32,-59.194,21.670,,0.000,none
2026-03-18T12:25:33,-59.151,21.947,,0.000,none
2026-03-18T12:25:34,-59.137,22.226,,0.000,none
2026-03-18T12:25:35,-59.151,22.506,,0.000,none
2026-03-18T12:25:36,-59.192,22.783,,0.000,none
2026-03-18T12:25:37,-59.248,23.037,,0.000,none
2026-03-18T12:25:38,-59.299,23.277,,0.000,none
2026-03-18T12:25:39,-59.346,23.523,,0.000,none
2026-03-18T12:25:40,-59.356,23.591,,0.000,none
2026-03-18T12:25:41,-59.356,23.591,,0.000,none
2026-03-18T12:25:42,-59.273,23.784,,0.000,none
2026-03-18T12:25:43,-59.186,24.050,,0.000,none
2026-03-18T12:25:44,-59.125,24.323,,0.000,none
2026-03-18T12:25:45,-59.093,24.601,,0.000,none
2026-03-18T12:25:46,-59.088,24.881,,0.000,none
2026-03-18T12:25:47,-59.106,25.136,,0.000,none
2026-03-18T12:25:48,-59.121,25.386,,0.000,none
2026-03-18T12:25:49,-59.121,25.413,,0.000,none
2026-03-18T12:25:50,-59.087,25.505,,0.000,none
2026-03-18T12:25:51,-59.007,25.773,,0.000,none
2026-03-18T12:25:52,-58.954,26.048,,0.000,none
2026-03-18T12:25:53,-58.928,26.327,,0.000,none
2026-03-18T12:25:54,-58.931,26.607,,0.000,none
2026-03-18T12:25:55,-58.957,26.871,,0.000,none
2026-03-18T12:25:56,-58.984,27.096,,0.000,none
2026-03-18T12:25:57,-58.984,27.096,,0.000,none
2026-03-18T12:25:58,-58.940,27.244,,0.000,none
2026-03-18T12:25:59,-58.882,27.517,,0.000,none
2026-03-18T12:26:00,-58.852,27.796,,0.000,none
2026-03-18T12:26:01,-58.849,28.075,,0.000,none
2026-03-18T12:26:02,-58.874,28.354,,0.000,none
2026-03-18T12:26:03,-58.912,28.597,,0.000,none
2026-03-18T12:26:04,-58.945,28.845,,0.000,none
2026-03-18T12:26:05,-58.975,29.089,,0.000,none
2026-03-18T12:26:06,-59.002,29.328,,0.000,none
2026-03-18T12:26:07,-59.027,29.588,,0.000,none
2026-03-18T12:26:08,-59.049,29.827,,0.000,none
2026-03-18T12:26:09,-59.078,30.086,,0.000,none
2026-03-18T12:26:10,-59.112,30.344,,0.000,none
2026-03-18T12:26:11,-59.148,30.592,,0.000,none
2026-03-18T12:26:12,-59.188,30.840,,0.000,none
2026-03-18T12:26:13,-59.229,31.087,,0.000,none
2026-03-18T12:26:14,-59.271,31.354,,0.000,none
2026-03-18T12:26:15,-59.315,31.630,,0.000,none
2026-03-18T12:26:16,-59.356,31.907,,0.000,none
2026-03-18T12:26:17,-59.402,32.168,,0.000,none
2026-03-18T12:26:18,-59.445,32.405,,0.000,none
2026-03-18T12:26:19,-59.488,32.657,,0.000,none
2026-03-18T12:26:20,-59.531,32.904,,0.000,none
2026-03-18T12:26:21,-59.569,33.142,,0.000,none
2026-03-18T12:26:22,-59.603,33.375,,0.000,none
2026-03-18T12:26:23,-59.645,33.632,,0.000,none
2026-03-18T12:26:24,-59.687,33.889,,0.000,none
2026-03-18T12:26:25,-59.727,34.141,,0.000,none
2026-03-18T12:26:26,-59.775,34.397,,0.000,none
2026-03-18T12:26:27,-59.831,34.652,,0.000,none
2026-03-18T12:26:28,-59.888,34.901,,0.000,none
2026-03-18T12:26:29,-59.956,35.167,,0.000,none
2026-03-18T12:26:30,-60.030,35.437,,0.000,none
2026-03-18T12:26:31,-60.101,35.693,,0.000,none
2026-03-18T12:26:32,-60.176,35.963,,0.000,none
2026-03-18T12:26:33,-60.206,36.071,,0.000,none
2026-03-18T12:26:34,-60.205,36.079,,0.000,none
2026-03-18T12:26:35,-60.205,36.079,,0.000,none
2026-03-18T12:26:36,-60.084,36.281,,0.000,none
2026-03-18T12:26:37,-60.066,36.308,,0.000,none
2026-03-18T12:26:38,-60.066,36.308,,0.000,none
2026-03-18T12:26:39,-59.972,36.434,,0.000,none
2026-03-18T12:26:40,-59.756,36.710,,0.000,none
2026-03-18T12:26:41,-59.537,36.983,,0.000,none
2026-03-18T12:26:42,-59.325,37.262,,0.000,none
2026-03-18T12:26:43,-59.219,37.391,,0.000,none
2026-03-18T12:26:44,-59.084,37.506,,0.000,none
2026-03-18T12:26:45,-58.880,37.699,,0.000,none
2026-03-18T12:26:46,-58.697,37.910,,0.000,none
2026-03-18T12:26:47,-58.535,38.139,,0.000,none
2026-03-18T12:26:48,-58.469,38.252,,0.000,none
2026-03-18T12:26:49,-58.452,38.297,,0.000,none
2026-03-18T12:26:50,-58.452,38.297,,0.000,none
2026-03-18T12:26:51,-58.435,38.347,,0.000,none
2026-03-18T12:26:52,-58.333,38.681,,0.000,none
2026-03-18T12:26:53,-58.251,39.022,,0.000,none
2026-03-18T12:26:54,-58.188,39.366,,0.000,none
2026-03-18T12:26:55,-58.144,39.713,,0.000,none
2026-03-18T12:26:56,-58.117,40.062,,0.000,none
2026-03-18T12:26:57,-58.108,40.412,,0.000,none
2026-03-18T12:26:58,-58.119,40.762,,0.000,none
2026-03-18T12:26:59,-58.153,41.110,,0.000,none
2026-03-18T12:27:00,-58.205,41.456,,0.000,none
2026-03-18T12:27:01,-58.276,41.799,,0.000,none
2026-03-18T12:27:02,-58.364,42.137,,0.000,none
2026-03-18T12:27:03,-58.469,42.471,,0.000,none
2026-03-18T12:27:04,-58.589,42.800,,0.000,none
2026-03-18T12:27:05,-58.723,43.123,,0.000,none
2026-03-18T12:27:06,-58.866,43.443,,0.000,none
2026-03-18T12:27:07,-59.017,43.759,,0.000,none
2026-03-18T12:27:08,-59.175,44.071,,0.000,none
2026-03-18T12:27:09,-59.292,44.276,,0.000,none
2026-03-18T12:27:10,-59.369,44.371,,0.000,none
2026-03-18T12:27:11,-59.538,44.520,,0.000,none
2026-03-18T12:27:12,-59.764,44.684,,0.000,none
2026-03-18T12:27:13,-60.006,44.825,,0.000,none
2026-03-18T12:27:14,-60.260,44.941,,0.000,none
2026-03-18T12:27:15,-60.525,45.032,,0.000,none
2026-03-18T12:27:16,-60.798,45.095,,0.000,none
2026-03-18T12:27:17,-61.075,45.131,,0.000,none
2026-03-18T12:27:18,-61.355,45.140,,0.000,none
2026-03-18T12:27:19,-61.412,45.146,,0.000,none
2026-03-18T12:27:20,-61.447,45.165,,0.000,none
2026-03-18T12:27:21,-61.489,45.201,,0.000,none
2026-03-18T12:27:22,-61.496,45.208,,0.000,none
2026-03-18T12:27:23,-61.496,45.208,,0.000,none
2026-03-18T12:27:24,-61.690,45.409,,0.000,none
2026-03-18T12:27:25,-61.924,45.670,,0.000,none
2026-03-18T12:27:26,-62.151,45.936,,0.000,none
2026-03-18T12:27:27,-62.377,46.203,,0.000,none
2026-03-18T12:27:28,-62.605,46.469,,0.000,none
2026-03-18T12:27:29,-62.840,46.728,,0.000,none
2026-03-18T12:27:30,-63.085,46.979,,0.000,none
2026-03-18T12:27:31,-63.339,47.218,,0.000,none
2026-03-18T12:27:32,-63.603,47.449,,0.000,none
2026-03-18T12:27:33,-63.875,47.669,,0.000,none
2026-03-18T12:27:34,-64.156,47.877,,0.000,none
2026-03-18T12:27:35,-64.446,48.073,,0.000,none
2026-03-18T12:27:36,-64.745,48.256,,0.000,none
2026-03-18T12:27:37,-65.052,48.423,,0.000,none
2026-03-18T12:27:38,-65.368,48.574,,0.000,none
2026-03-18T12:27:39,-65.691,48.709,,0.000,none
2026-03-18T12:27:40,-66.020,48.828,,0.000,none
2026-03-18T12:27:41,-66.353,48.935,,0.000,none
2026-03-18T12:27:42,-66.689,49.031,,0.000,none
2026-03-18T12:27:43,-67.029,49.117,,0.000,none
2026-03-18T12:27:44,-67.371,49.191,,0.000,none
2026-03-18T12:27:45,-67.715,49.256,,0.000,none
2026-03-18T12:27:46,-68.060,49.310,,0.000,none
2026-03-18T12:27:47,-68.408,49.355,,0.000,none
2026-03-18T12:27:48,-68.756,49.391,,0.000,none
2026-03-18T12:27:49,-69.105,49.419,,0.000,none
2026-03-18T12:27:50,-69.454,49.443,,0.000,none
2026-03-18T12:27:51,-69.803,49.462,,0.000,none
2026-03-18T12:27:52,-70.153,49.477,,0.000,none
2026-03-18T12:27:53,-70.503,49.490,,0.000,none
2026-03-18T12:27:54,-70.853,49.499,,0.000,none
2026-03-18T12:27:55,-71.203,49.505,,0.000,none
2026-03-18T12:27:56,-71.552,49.508,,0.000,none
2026-03-18T12:27:57,-71.902,49.510,,0.000,none
2026-03-18T12:27:58,-72.253,49.510,,0.000,none
2026-03-18T12:27:59,-72.602,49.511,,0.000,none
2026-03-18T12:28:00,-72.952,49.512,,0.000,none
2026-03-18T12:28:01,-73.303,49.513,,0.000,none
2026-03-18T12:28:02,-73.652,49.514,,0.000,none
2026-03-18T12:28:03,-74.002,49.514,,0.000,none
2026-03-18T12:28:04,-74.352,49.515,,0.000,none
2026-03-18T12:28:05,-74.703,49.516,,0.000,none
2026-03-18T12:28:06,-75.052,49.517,,0.000,none
2026-03-18T12:28:07,-75.402,49.518,,0.000,none
2026-03-18T12:28:08,-75.752,49.520,,0.000,none
2026-03-18T12:28:09,-76.103,49.521,,0.000,none
2026-03-18T12:28:10,-76.452,49.522,,0.000,none
2026-03-18T12:28:11,-76.802,49.523,,0.000,none
2026-03-18T12:28:12,-77.152,49.524,,0.000,none
2026-03-18T12:28:13,-77.502,49.526,,0.000,none
2026-03-18T12:28:14,-77.852,49.527,,0.000,none
2026-03-18T12:28:15,-78.202,49.528,,0.000,none
2026-03-18T12:28:16,-78.552,49.528,,0.000,none
2026-03-18T12:28:17,-78.902,49.527,,0.000,none
2026-03-18T12:28:18,-79.252,49.526,,0.000,none
2026-03-18T12:28:19,-79.602,49.522,,0.000,none
2026-03-18T12:28:20,-79.952,49.517,,0.000,none
2026-03-18T12:28:21,-80.302,49.510,,0.000,none
2026-03-18T12:28:22,-80.652,49.502,,0.000,none
2026-03-18T12:28:23,-81.002,49.491,,0.000,none
2026-03-18T12:28:24,-81.352,49.479,,0.000,none
2026-03-18T12:28:25,-81.702,49.465,,0.000,none
2026-03-18T12:28:26,-82.051,49.449,,0.000,none
2026-03-18T12:28:27,-82.401,49.431,,0.000,none
2026-03-18T12:28:28,-82.750,49.411,,0.000,none
2026-03-18T12:28:29,-83.099,49.389,,0.000,none
2026-03-18T12:28:30,-83.449,49.366,,0.000,none
2026-03-18T12:28:31,-83.798,49.340,,0.000,none
2026-03-18T12:28:32,-84.147,49.312,,0.000,none
2026-03-18T12:28:33,-84.495,49.282,,0.000,none
2026-03-18T12:28:34,-84.844,49.251,,0.000,none
2026-03-18T12:28:35,-85.192,49.218,,0.000,none
2026-03-18T12:28:36,-85.541,49.184,,0.000,none
2026-03-18T12:28:37,-85.889,49.149,,0.000,none
2026-03-18T12:28:38,-86.237,49.113,,0.000,none
2026-03-18T12:28:39,-86.585,49.076,,0.000,none
2026-03-18T12:28:40,-86.933,49.039,,0.000,none
2026-03-18T12:28:41,-87.281,49.001,,0.000,none
2026-03-18T12:28:42,-87.629,48.962,,0.000,none
2026-03-18T12:28:43,-87.977,48.924,,0.000,none
2026-03-18T12:28:44,-88.325,48.885,,0.000,none
2026-03-18T12:28:45,-88.673,48.846,,0.000,none
2026-03-18T12:28:46,-89.020,48.807,,0.000,none
2026-03-18T12:28:47,-89.368,48.768,,0.000,none
2026-03-18T12:28:48,-89.716,48.730,,0.000,none
2026-03-18T12:28:49,-90.064,48.691,,0.000,none
2026-03-18T12:28:50,-90.412,48.653,,0.000,none
2026-03-18T12:28:51,-90.760,48.614,,0.000,none
2026-03-18T12:28:52,-91.108,48.579,,0.000,none
2026-03-18T12:28:53,-91.457,48.549,,0.000,none
2026-03-18T12:28:54,-91.806,48.523,,0.000,none
2026-03-18T12:28:55,-92.154,48.491,,0.000,none
2026-03-18T12:28:56,-92.503,48.462,,0.000,none
2026-03-18T12:28:57,-92.852,48.435,,0.000,none
2026-03-18T12:28:58,-93.200,48.403,,0.000,none
2026-03-18T12:28:59,-93.549,48.368,,0.000,none
2026-03-18T12:29:00,-93.897,48.330,,0.000,none
2026-03-18T12:29:01,-94.244,48.289,,0.000,none
2026-03-18T12:29:02,-94.592,48.245,,0.000,none
2026-03-18T12:29:03,-94.938,48.199,,0.000,none
2026-03-18T12:29:04,-95.285,48.151,,0.000,none
2026-03-18T12:29:05,-95.632,48.101,,0.000,none
2026-03-18T12:29:06,-95.978,48.050,,0.000,none
2026-03-18T12:29:07,-96.324,47.997,,0.000,none
2026-03-18T12:29:08,-96.670,47.944,,0.000,none
2026-03-18T12:29:09,-97.016,47.890,,0.000,none
2026-03-18T12:29:10,-97.361,47.836,,0.000,none
2026-03-18T12:29:11,-97.707,47.782,,0.000,none
2026-03-18T12:29:12,-98.053,47.728,,0.000,none
2026-03-18T12:29:13,-98.399,47.674,,0.000,none
2026-03-18T12:29:14,-98.744,47.619,,0.000,none
2026-03-18T12:29:15,-99.090,47.565,,0.000,none
2026-03-18T12:29:16,-99.436,47.511,,0.000,none
2026-03-18T12:29:17,-99.782,47.457,,0.000,none
2026-03-18T12:29:18,-100.128,47.404,,0.000,none
2026-03-18T12:29:19,-100.474,47.351,,0.000,none
2026-03-18T12:29:20,-100.820,47.300,,0.000,none
2026-03-18T12:29:21,-101.167,47.251,,0.000,none
2026-03-18T12:29:22,-101.513,47.203,,0.000,none
2026-03-18T12:29:23,-101.860,47.156,,0.000,none
2026-03-18T12:29:24,-102.207,47.111,,0.000,none
2026-03-18T12:29:25,-102.555,47.068,,0.000,none
2026-03-18T12:29:26,-102.902,47.027,,0.000,none
2026-03-18T12:29:27,-103.250,46.988,,0.000,none
2026-03-18T12:29:28,-103.598,46.953,,0.000,none
2026-03-18T12:29:29,-103.947,46.925,,0.000,none
2026-03-18T12:29:30,-104.297,46.910,,0.000,none
2026-03-18T12:29:31,-104.646,46.894,,0.000,none
2026-03-18T12:29:32,-104.996,46.882,,0.000,none
2026-03-18T12:29:33,-105.346,46.876,,0.000,none
2026-03-18T12:29:34,-105.696,46.871,,0.000,none
2026-03-18T12:29:35,-106.046,46.866,,0.000,none
2026-03-18T12:29:36,-106.396,46.863,,0.000,none
2026-03-18T12:29:37,-106.746,46.864,,0.000,none
2026-03-18T12:29:38,-107.096,46.867,,0.000,none
2026-03-18T12:29:39,-107.446,46.872,,0.000,none
2026-03-18T12:29:40,-107.796,46.880,,0.000,none
2026-03-18T12:29:41,-108.146,46.892,,0.000,none
2026-03-18T12:29:42,-108.495,46.908,,0.000,none
2026-03-18T12:29:43,-108.845,46.930,,0.000,none
2026-03-18T12:29:44,-109.193,46.957,,0.000,none
2026-03-18T12:29:45,-109.542,46.990,,0.000,none
2026-03-18T12:29:46,-109.890,47.030,,0.000,none
2026-03-18T12:29:47,-110.237,47.075,,0.000,none
2026-03-18T12:29:48,-110.583,47.124,,0.000,none
2026-03-18T12:29:49,-110.929,47.176,,0.000,none
2026-03-18T12:29:50,-111.275,47.232,,0.000,none
2026-03-18T12:29:51,-111.620,47.292,,0.000,none
2026-03-18T12:29:52,-111.964,47.356,,0.000,none
2026-03-18T12:29:53,-112.307,47.425,,0.000,none
2026-03-18T12:29:54,-112.649,47.497,,0.000,none
2026-03-18T12:29:55,-112.991,47.573,,0.000,none
2026-03-18T12:29:56,-113.332,47.652,,0.000,none
2026-03-18T12:29:57,-113.672,47.735,,0.000,none
2026-03-18T12:29:58,-114.011,47.823,,0.000,none
2026-03-18T12:29:59,-114.349,47.913,,0.000,none
2026-03-18T12:30:00,-114.686,48.009,,0.000,none
2026-03-18T12:30:01,-115.020,48.114,,0.000,none
2026-03-18T12:30:02,-115.350,48.228,,0.000,none
2026-03-18T12:30:03,-115.676,48.357,,0.000,none
2026-03-18T12:30:04,-115.998,48.493,,0.000,none
2026-03-18T12:30:05,-116.188,48.563,,0.000,none
2026-03-18T12:30:06,-116.324,48.587,,0.000,none
2026-03-18T12:30:07,-116.603,48.602,,0.000,none
2026-03-18T12:30:08,-116.655,48.609,,0.000,none
2026-03-18T12:30:09,-116.688,48.618,,0.000,none
2026-03-18T12:30:10,-116.705,48.627,,0.000,none
2026-03-18T12:30:11,-116.705,48.627,,0.000,none
2026-03-18T12:30:12,-116.891,48.724,,0.000,none
2026-03-18T12:30:13,-117.150,48.832,,0.000,none
2026-03-18T12:30:14,-117.417,48.914,,0.000,none
2026-03-18T12:30:15,-117.692,48.968,,0.000,none
2026-03-18T12:30:16,-117.970,48.995,,0.000,none
2026-03-18T12:30:17,-118.250,48.994,,0.000,none
2026-03-18T12:30:18,-118.529,48.965,,0.000,none
2026-03-18T12:30:19,-118.803,48.908,,0.000,none
2026-03-18T12:30:20,-119.070,48.824,,0.000,none
2026-03-18T12:30:21,-119.327,48.714,,0.000,none
2026-03-18T12:30:22,-119.572,48.579,,0.000,none
2026-03-18T12:30:23,-119.802,48.420,,0.000,none
2026-03-18T12:30:24,-120.016,48.239,,0.000,none
2026-03-18T12:30:25,-120.173,48.119,,0.000,none
2026-03-18T12:30:26,-120.348,48.025,,0.000,none
2026-03-18T12:30:27,-120.538,47.956,,0.000,none
2026-03-18T12:30:28,-120.726,47.914,,0.000,none
2026-03-18T12:30:29,-120.952,47.905,,0.000,none
2026-03-18T12:30:30,-121.165,47.938,,0.000,none
2026-03-18T12:30:31,-121.174,47.941,,0.000,none
2026-03-18T12:30:32,-121.249,48.004,,0.000,none
2026-03-18T12:30:33,-121.472,48.172,,0.000,none
2026-03-18T12:30:34,-121.474,48.174,,0.000,none
2026-03-18T12:30:35,-121.489,48.213,,0.000,none
2026-03-18T12:30:36,-121.589,48.435,,0.000,none
2026-03-18T12:30:37,-121.602,48.480,,0.000,none
2026-03-18T12:30:38,-121.607,48.527,,0.000,none
2026-03-18T12:30:39,-121.607,48.527,,0.000,none
2026-03-18T12:30:40,-121.611,48.579,,0.000,none
2026-03-18T12:30:41,-121.635,48.928,,0.000,none
2026-03-18T12:30:42,-121.654,49.232,,0.000,none
2026-03-18T12:30:43,-121.647,49.354,,0.000,none
2026-03-18T12:30:44,-121.606,49.568,,0.000,none
2026-03-18T12:30:45,-121.577,49.846,,0.000,none
2026-03-18T12:30:46,-121.574,49.955,,0.000,none
2026-03-18T12:30:47,-121.579,49.991,,0.000,none
2026-03-18T12:30:48,-121.579,49.991,,0.000,none
2026-03-18T12:30:49,-121.599,50.112,,0.000,none
2026-03-18T12:30:50,-121.669,50.455,,0.000,none
2026-03-18T12:30:51,-121.759,50.793,,0.000,none
2026-03-18T12:30:52,-121.861,51.128,,0.000,none
2026-03-18T12:30:53,-121.973,51.460,,0.000,none
2026-03-18T12:30:54,-122.100,51.786,,0.000,none
2026-03-18T12:30:55,-122.244,52.105,,0.000,none
2026-03-18T12:30:56,-122.404,52.416,,0.000,none
2026-03-18T12:30:57,-122.581,52.718,,0.000,none
2026-03-18T12:30:58,-122.770,53.012,,0.000,none
2026-03-18T12:30:59,-122.959,53.307,,0.000,none
2026-03-18T12:31:00,-123.146,53.603,,0.000,none
2026-03-18T12:31:01,-123.331,53.900,,0.000,none
2026-03-18T12:31:02,-123.517,54.197,,0.000,none
2026-03-18T12:31:03,-123.702,54.493,,0.000,none
2026-03-18T12:31:04,-123.887,54.791,,0.000,none
2026-03-18T12:31:05,-124.069,55.089,,0.000,none
2026-03-18T12:31:06,-124.250,55.389,,0.000,none
2026-03-18T12:31:07,-124.427,55.691,,0.000,none
2026-03-18T12:31:08,-124.601,55.995,,0.000,none
2026-03-18T12:31:09,-124.773,56.300,,0.000,none
2026-03-18T12:31:10,-124.943,56.605,,0.000,none
2026-03-18T12:31:11,-125.111,56.913,,0.000,none
2026-03-18T12:31:12,-125.276,57.221,,0.000,none
2026-03-18T12:31:13,-125.438,57.532,,0.000,none
2026-03-18T12:31:14,-125.597,57.843,,0.000,none
2026-03-18T12:31:15,-125.753,58.157,,0.000,none
2026-03-18T12:31:16,-125.906,58.471,,0.000,none
2026-03-18T12:31:17,-126.058,58.787,,0.000,none
2026-03-18T12:31:18,-126.206,59.104,,0.000,none
2026-03-18T12:31:19,-126.354,59.421,,0.000,none
2026-03-18T12:31:20,-126.501,59.739,,0.000,none
2026-03-18T12:31:21,-126.647,60.057,,0.000,none
2026-03-18T12:31:22,-126.791,60.376,,0.000,none
2026-03-18T12:31:23,-126.935,60.695,,0.000,none
2026-03-18T12:31:24,-127.077,61.015,,0.000,none
2026-03-18T12:31:25,-127.219,61.335,,0.000,none
2026-03-18T12:31:26,-127.360,61.655,,0.000,none
2026-03-18T12:31:27,-127.502,61.975,,0.000,none
2026-03-18T12:31:28,-127.644,62.295,,0.000,none
2026-03-18T12:31:29,-127.787,62.614,,0.000,none
2026-03-18T12:31:30,-127.931,62.933,,0.000,none
2026-03-18T12:31:31,-128.076,63.252,,0.000,none
2026-03-18T12:31:32,-128.222,63.570,,0.000,none
2026-03-18T12:31:33,-128.370,63.887,,0.000,none
2026-03-18T12:31:34,-128.519,64.204,,0.000,none
2026-03-18T12:31:35,-128.669,64.520,,0.000,none
2026-03-18T12:31:36,-128.820,64.836,,0.000,none
2026-03-18T12:31:37,-128.973,65.151,,0.000,none
2026-03-18T12:31:38,-129.127,65.465,,0.000,none
2026-03-18T12:31:39,-129.282,65.779,,0.000,none
2026-03-18T12:31:40,-129.438,66.092,,0.000,none
2026-03-18T12:31:41,-129.595,66.405,,0.000,none
2026-03-18T12:31:42,-129.753,66.717,,0.000,none
2026-03-18T12:31:43,-129.911,67.029,,0.000,none
2026-03-18T12:31:44,-130.070,67.341,,0.000,none
2026-03-18T12:31:45,-130.230,67.653,,0.000,none
2026-03-18T12:31:46,-130.389,67.964,,0.000,none
2026-03-18T12:31:47,-130.548,68.276,,0.000,none
2026-03-18T12:31:48,-130.707,68.588,,0.000,none
2026-03-18T12:31:49,-130.866,68.900,,0.000,none
2026-03-18T12:31:50,-131.024,69.212,,0.000,none
2026-03-18T12:31:51,-131.182,69.524,,0.000,none
2026-03-18T12:31:52,-131.339,69.837,,0.000,none
2026-03-18T12:31:53,-131.495,70.150,,0.000,none
2026-03-18T12:31:54,-131.651,70.464,,0.000,none
2026-03-18T12:31:55,-131.807,70.777,,0.000,none
2026-03-18T12:31:56,-131.962,71.091,,0.000,none
2026-03-18T12:31:57,-132.117,71.404,,0.000,none
2026-03-18T12:31:58,-132.272,71.719,,0.000,none
2026-03-18T12:31:59,-132.426,72.033,,0.000,none
2026-03-18T12:32:00,-132.580,72.347,,0.000,none
2026-03-18T12:32:01,-132.733,72.662,,0.000,none
2026-03-18T12:32:02,-132.887,72.976,,0.000,none
2026-03-18T12:32:03,-133.041,73.291,,0.000,none
2026-03-18T12:32:04,-133.195,73.605,,0.000,none
2026-03-18T12:32:05,-133.350,73.918,,0.000,none
2026-03-18T12:32:06,-133.505,74.232,,0.000,none
2026-03-18T12:32:07,-133.662,74.545,,0.000,none
2026-03-18T12:32:08,-133.819,74.858,,0.000,none
2026-03-18T12:32:09,-133.976,75.171,,0.000,none
2026-03-18T12:32:10,-134.134,75.483,,0.000,none
2026-03-18T12:32:11,-134.293,75.795,,0.000,none
2026-03-18T12:32:12,-134.454,76.106,,0.000,none
2026-03-18T12:32:13,-134.614,76.417,,0.000,none
2026-03-18T12:32:14,-134.775,76.728,,0.000,none
2026-03-18T12:32:15,-134.937,77.038,,0.000,none
2026-03-18T12:32:16,-135.100,77.348,,0.000,none
2026-03-18T12:32:17,-135.264,77.657,,0.000,none
2026-03-18T12:32:18,-135.429,77.965,,0.000,none
2026-03-18T12:32:19,-135.596,78.273,,0.000,none
2026-03-18T12:32:20,-135.764,78.580,,0.000,none
2026-03-18T12:32:21,-135.931,78.888,,0.000,none
2026-03-18T12:32:22,-136.100,79.194,,0.000,none
2026-03-18T12:32:23,-136.268,79.501,,0.000,none
2026-03-18T12:32:24,-136.436,79.809,,0.000,none
2026-03-18T12:32:25,-136.603,80.116,,0.000,none
2026-03-18T12:32:26,-136.771,80.423,,0.000,none
2026-03-18T12:32:27,-136.938,80.731,,0.000,none
2026-03-18T12:32:28,-137.104,81.039,,0.000,none
2026-03-18T12:32:29,-137.270,81.347,,0.000,none
2026-03-18T12:32:30,-137.436,81.655,,0.000,none
2026-03-18T12:32:31,-137.602,81.963,,0.000,none
2026-03-18T12:32:32,-137.767,82.272,,0.000,none
2026-03-18T12:32:33,-137.931,82.581,,0.000,none
2026-03-18T12:32:34,-138.094,82.891,,0.000,none
2026-03-18T12:32:35,-138.256,83.201,,0.000,none
2026-03-18T12:32:36,-138.417,83.512,,0.000,none
2026-03-18T12:32:37,-138.577,83.823,,0.000,none
2026-03-18T12:32:38,-138.737,84.134,,0.000,none
2026-03-18T12:32:39,-138.897,84.445,,0.000,none
2026-03-18T12:32:40,-139.060,84.755,,0.000,none
2026-03-18T12:32:41,-139.224,85.064,,0.000,none
2026-03-18T12:32:42,-139.390,85.373,,0.000,none
2026-03-18T12:32:43,-139.557,85.681,,0.000,none
2026-03-18T12:32:44,-139.724,85.988,,0.000,none
2026-03-18T12:32:45,-139.893,86.294,,0.000,none
2026-03-18T12:32:46,-140.064,86.599,,0.000,none
2026-03-18T12:32:47,-140.238,86.903,,0.000,none
2026-03-18T12:32:48,-140.417,87.204,,0.000,none
2026-03-18T12:32:49,-140.601,87.502,,0.000,none
2026-03-18T12:32:50,-140.788,87.798,,0.000,none
2026-03-18T12:32:51,-140.977,88.093,,0.000,none
2026-03-18T12:32:52,-141.169,88.385,,0.000,none
2026-03-18T12:32:53,-141.365,88.675,,0.000,none
2026-03-18T12:32:54,-141.566,88.962,,0.000,none
2026-03-18T12:32:55,-141.771,89.245,,0.000,none
2026-03-18T12:32:56,-141.983,89.523,,0.000,none
2026-03-18T12:32:57,-142.204,89.795,,0.000,none
2026-03-18T12:32:58,-142.434,90.058,,0.000,none
2026-03-18T12:32:59,-142.673,90.314,,0.000,none
2026-03-18T12:33:00,-142.920,90.563,,0.000,none
2026-03-18T12:33:01,-143.174,90.803,,0.000,none
2026-03-18T12:33:02,-143.437,91.035,,0.000,none
2026-03-18T12:33:03,-143.706,91.258,,0.000,none
2026-03-18T12:33:04,-143.982,91.473,,0.000,none
2026-03-18T12:33:05,-144.267,91.677,,0.000,none
2026-03-18T12:33:06,-144.559,91.869,,0.000,none
2026-03-18T12:33:07,-144.860,92.048,,0.000,none
2026-03-18T12:33:08,-145.167,92.216,,0.000,none
2026-03-18T12:33:09,-145.480,92.373,,0.000,none
2026-03-18T12:33:10,-145.798,92.519,,0.000,none
2026-03-18T12:33:11,-146.120,92.655,,0.000,none
2026-03-18T12:33:12,-146.447,92.781,,0.000,none
2026-03-18T12:33:13,-146.777,92.896,,0.000,none
2026-03-18T12:33:14,-147.113,92.995,,0.000,none
2026-03-18T12:33:15,-147.455,93.071,,0.000,none
2026-03-18T12:33:16,-147.800,93.128,,0.000,none
2026-03-18T12:33:17,-148.147,93.169,,0.000,none
2026-03-18T12:33:18,-148.496,93.200,,0.000,none
2026-03-18T12:33:19,-148.845,93.223,,0.000,none
2026-03-18T12:33:20,-149.195,93.239,,0.000,none
2026-03-18T12:33:21,-149.545,93.248,,0.000,none
2026-03-18T12:33:22,-149.895,93.252,,0.000,none
2026-03-18T12:33:23,-150.245,93.250,,0.000,none
2026-03-18T12:33:24,-150.595,93.241,,0.000,none
2026-03-18T12:33:25,-150.944,93.228,,0.000,none
2026-03-18T12:33:26,-151.294,93.209,,0.000,none
2026-03-18T12:33:27,-151.643,93.186,,0.000,none
2026-03-18T12:33:28,-151.992,93.162,,0.000,none
2026-03-18T12:33:29,-152.341,93.137,,0.000,none
2026-03-18T12:33:30,-152.690,93.111,,0.000,none
2026-03-18T12:33:31,-153.039,93.083,,0.000,none
2026-03-18T12:33:32,-153.388,93.053,,0.000,none
2026-03-18T12:33:33,-153.736,93.020,,0.000,none
2026-03-18T12:33:34,-154.085,92.986,,0.000,none
2026-03-18T12:33:35,-154.433,92.952,,0.000,none
2026-03-18T12:33:36,-154.781,92.918,,0.000,none
2026-03-18T12:33:37,-155.130,92.883,,0.000,none
2026-03-18T12:33:38,-155.478,92.846,,0.000,none
2026-03-18T12:33:39,-155.826,92.810,,0.000,none
2026-03-18T12:33:40,-156.174,92.772,,0.000,none
2026-03-18T12:33:41,-156.522,92.734,,0.000,none
2026-03-18T12:33:42,-156.870,92.696,,0.000,none
2026-03-18T12:33:43,-157.218,92.658,,0.000,none
2026-03-18T12:33:44,-157.566,92.620,,0.000,none
2026-03-18T12:33:45,-157.913,92.581,,0.000,none
2026-03-18T12:33:46,-158.261,92.543,,0.000,none
2026-03-18T12:33:47,-158.609,92.506,,0.000,none
2026-03-18T12:33:48,-158.957,92.470,,0.000,none
2026-03-18T12:33:49,-159.306,92.435,,0.000,none
2026-03-18T12:33:50,-159.654,92.400,,0.000,none
2026-03-18T12:33:51,-160.002,92.366,,0.000,none
2026-03-18T12:33:52,-160.351,92.331,,0.000,none
2026-03-18T12:33:53,-160.699,92.296,,0.000,none
2026-03-18T12:33:54,-161.047,92.260,,0.000,none
2026-03-18T12:33:55,-161.395,92.223,,0.000,none
2026-03-18T12:33:56,-161.743,92.184,,0.000,none
2026-03-18T12:33:57,-162.090,92.142,,0.000,none
2026-03-18T12:33:58,-162.437,92.098,,0.000,none
2026-03-18T12:33:59,-162.784,92.050,,0.000,none
2026-03-18T12:34:00,-163.130,91.997,,0.000,none
2026-03-18T12:34:01,-163.476,91.941,,0.000,none
2026-03-18T12:34:02,-163.687,91.909,,0.000,none
2026-03-18T12:34:03,-163.832,91.913,,0.000,none
2026-03-18T12:34:04,-164.112,91.918,,0.000,none
2026-03-18T12:34:05,-164.391,91.896,,0.000,none
2026-03-18T12:34:06,-164.667,91.845,,0.000,none
2026-03-18T12:34:07,-164.935,91.767,,0.000,none
2026-03-18T12:34:08,-165.195,91.663,,0.000,none
2026-03-18T12:34:09,-165.443,91.534,,0.000,none
2026-03-18T12:34:10,-165.677,91.380,,0.000,none
2026-03-18T12:34:11,-165.894,91.204,,0.000,none
2026-03-18T12:34:12,-166.093,91.006,,0.000,none
2026-03-18T12:34:13,-166.215,90.868,,0.000,none
2026-03-18T12:34:14,-166.220,90.866,,0.000,none
2026-03-18T12:34:15,-166.262,90.851,,0.000,none
2026-03-18T12:34:16,-166.316,90.843,,0.000,none
2026-03-18T12:34:17,-166.331,90.842,,0.000,none
2026-03-18T12:34:18,-166.331,90.842,,0.000,none
2026-03-18T12:34:19,-166.570,90.831,,0.000,none
2026-03-18T12:34:20,-166.692,90.840,,0.000,none
2026-03-18T12:34:21,-166.905,90.882,,0.000,none
2026-03-18T12:34:22,-167.183,90.914,,0.000,none
2026-03-18T12:34:23,-167.463,90.918,,0.000,none
2026-03-18T12:34:24,-167.742,90.894,,0.000,none
2026-03-18T12:34:25,-168.017,90.842,,0.000,none
2026-03-18T12:34:26,-168.286,90.763,,0.000,none
2026-03-18T12:34:27,-168.545,90.658,,0.000,none
2026-03-18T12:34:28,-168.793,90.527,,0.000,none
2026-03-18T12:34:29,-169.026,90.372,,0.000,none
2026-03-18T12:34:30,-169.129,90.296,,0.000,none
2026-03-18T12:34:31,-169.151,90.291,,0.000,none
2026-03-18T12:34:32,-169.201,90.286,,0.000,none
2026-03-18T12:34:33,-169.235,90.287,,0.000,none
2026-03-18T12:34:34,-169.235,90.287,,0.000,none
2026-03-18T12:34:35,-169.375,90.296,,0.000,none
2026-03-18T12:34:36,-169.587,90.314,,0.000,none
2026-03-18T12:34:37,-169.728,90.354,,0.000,none
2026-03-18T12:34:38,-169.998,90.426,,0.000,none
2026-03-18T12:34:39,-170.274,90.471,,0.000,none
2026-03-18T12:34:40,-170.554,90.488,,0.000,none
2026-03-18T12:34:41,-170.834,90.477,,0.000,none
2026-03-18T12:34:42,-171.111,90.438,,0.000,none
2026-03-18T12:34:43,-171.383,90.372,,0.000,none
2026-03-18T12:34:44,-171.647,90.279,,0.000,none
2026-03-18T12:34:45,-171.900,90.160,,0.000,none
2026-03-18T12:34:46,-172.140,90.016,,0.000,none
2026-03-18T12:34:47,-172.279,89.920,,0.000,none
2026-03-18T12:34:48,-172.287,89.919,,0.000,none
2026-03-18T12:34:49,-172.302,89.917,,0.000,none
2026-03-18T12:34:50,-172.329,89.923,,0.000,none
2026-03-18T12:34:51,-172.604,89.976,,0.000,none
2026-03-18T12:34:52,-172.883,90.001,,0.000,none
2026-03-18T12:34:53,-173.163,89.998,,0.000,none
2026-03-18T12:34:54,-173.441,89.967,,0.000,none
2026-03-18T12:34:55,-173.715,89.909,,0.000,none
2026-03-18T12:34:56,-173.981,89.823,,0.000,none
2026-03-18T12:34:57,-174.238,89.711,,0.000,none
2026-03-18T12:34:58,-174.482,89.575,,0.000,none
2026-03-18T12:34:59,-174.567,89.524,,0.000,none
2026-03-18T12:35:00,-174.591,89.520,,0.000,none
2026-03-18T12:35:01,-174.642,89.521,,0.000,none
2026-03-18T12:35:02,-174.657,89.523,,0.000,none
2026-03-18T12:35:03,-174.719,89.555,,0.000,none
2026-03-18T12:35:04,-174.974,89.669,,0.000,none
2026-03-18T12:35:05,-175.240,89.757,,0.000,none
2026-03-18T12:35:06,-175.513,89.818,,0.000,none
2026-03-18T12:35:07,-175.791,89.851,,0.000,none
2026-03-18T12:35:08,-176.071,89.857,,0.000,none
2026-03-18T12:35:09,-176.350,89.835,,0.000,none
2026-03-18T12:35:10,-176.625,89.784,,0.000,none
2026-03-18T12:35:11,-176.894,89.707,,0.000,none
2026-03-18T12:35:12,-177.154,89.603,,0.000,none
2026-03-18T12:35:13,-177.402,89.474,,0.000,none
2026-03-18T12:35:14,-177.636,89.320,,0.000,none
2026-03-18T12:35:15,-177.738,89.246,,0.000,none
2026-03-18T12:35:16,-177.738,89.246,,0.000,none
2026-03-18T12:35:17,-178.009,89.174,,0.000,none
2026-03-18T12:35:18,-178.271,89.076,,0.000,none
2026-03-18T12:35:19,-178.525,88.957,,0.000,none
2026-03-18T12:35:20,-178.668,88.899,,0.000,none
2026-03-18T12:35:21,-178.670,88.899,,0.000,none
2026-03-18T12:35:22,-178.670,88.899,,0.000,none
2026-03-18T12:35:23,-178.828,88.953,,0.000,none
2026-03-18T12:35:24,-179.100,89.023,,0.000,none
2026-03-18T12:35:25,-179.376,89.065,,0.000,none
2026-03-18T12:35:26,-179.656,89.079,,0.000,none
2026-03-18T12:35:27,-179.935,89.065,,0.000,none
2026-03-18T12:35:28,-180.212,89.024,,0.000,none
2026-03-18T12:35:29,-180.483,88.955,,0.000,none
2026-03-18T12:35:30,-180.746,88.859,,0.000,none
2026-03-18T12:35:31,-180.939,88.773,,0.000,none
2026-03-18T12:35:32,-180.939,88.773,,0.000,none
2026-03-18T12:35:33,-180.958,88.773,,0.000,none
2026-03-18T12:35:34,-180.984,88.784,,0.000,none
2026-03-18T12:35:35,-181.248,88.877,,0.000,none
2026-03-18T12:35:36,-181.520,88.944,,0.000,none
2026-03-18T12:35:37,-181.797,88.983,,0.000,none
2026-03-18T12:35:38,-182.077,88.994,,0.000,none
2026-03-18T12:35:39,-182.356,88.978,,0.000,none
2026-03-18T12:35:40,-182.632,88.933,,0.000,none
2026-03-18T12:35:41,-182.903,88.861,,0.000,none
2026-03-18T12:35:42,-183.102,88.794,,0.000,none
2026-03-18T12:35:43,-183.114,88.795,,0.000,none
2026-03-18T12:35:44,-183.160,88.804,,0.000,none
2026-03-18T12:35:45,-183.197,88.817,,0.000,none
2026-03-18T12:35:46,-183.197,88.817,,0.000,none
2026-03-18T12:35:47,-183.278,88.849,,0.000,none
2026-03-18T12:35:48,-183.431,88.918,,0.000,none
2026-03-18T12:35:49,-183.577,89.020,,0.000,none
2026-03-18T12:35:50,-183.814,89.168,,0.000,none
2026-03-18T12:35:51,-184.066,89.291,,0.000,none
2026-03-18T12:35:52,-184.327,89.392,,0.000,none
2026-03-18T12:35:53,-184.596,89.467,,0.000,none
2026-03-18T12:35:54,-184.872,89.515,,0.000,none
2026-03-18T12:35:55,-185.151,89.534,,0.000,none
2026-03-18T12:35:56,-185.431,89.526,,0.000,none
2026-03-18T12:35:57,-185.709,89.490,,0.000,none
2026-03-18T12:35:58,-185.981,89.426,,0.000,none
2026-03-18T12:35:59,-186.246,89.336,,0.000,none
2026-03-18T12:36:00,-186.501,89.219,,0.000,none
2026-03-18T12:36:01,-186.579,89.180,,0.000,none
2026-03-18T12:36:02,-186.579,89.180,,0.000,none
2026-03-18T12:36:03,-186.858,89.163,,0.000,none
2026-03-18T12:36:04,-187.120,89.124,,0.000,none
2026-03-18T12:36:05,-187.345,89.098,,0.000,none
2026-03-18T12:36:06,-187.381,89.096,,0.000,none
2026-03-18T12:36:07,-187.461,89.124,,0.000,none
2026-03-18T12:36:08,-187.730,89.198,,0.000,none
2026-03-18T12:36:09,-188.006,89.245,,0.000,none
2026-03-18T12:36:10,-188.286,89.264,,0.000,none
2026-03-18T12:36:11,-188.541,89.263,,0.000,none
2026-03-18T12:36:12,-188.801,89.278,,0.000,none
2026-03-18T12:36:13,-189.080,89.305,,0.000,none
2026-03-18T12:36:14,-189.254,89.326,,0.000,none
2026-03-18T12:36:15,-189.266,89.334,,0.000,none
2026-03-18T12:36:16,-189.300,89.366,,0.000,none
2026-03-18T12:36:17,-189.323,89.393,,0.000,none
2026-03-18T12:36:18,-189.323,89.393,,0.000,none
2026-03-18T12:36:19,-189.397,89.490,,0.000,none
2026-03-18T12:36:20,-189.591,89.754,,0.000,none
2026-03-18T12:36:21,-189.651,89.861,,0.000,none
2026-03-18T12:36:22,-189.733,90.062,,0.000,none
2026-03-18T12:36:23,-189.859,90.312,,0.000,none
2026-03-18T12:36:24,-190.008,90.549,,0.000,none
2026-03-18T12:36:25,-190.178,90.770,,0.000,none
2026-03-18T12:36:26,-190.370,90.974,,0.000,none
2026-03-18T12:36:27,-190.582,91.157,,0.000,none
2026-03-18T12:36:28,-190.808,91.322,,0.000,none
2026-03-18T12:36:29,-191.050,91.463,,0.000,none
2026-03-18T12:36:30,-191.305,91.579,,0.000,none
2026-03-18T12:36:31,-191.569,91.670,,0.000,none
2026-03-18T12:36:32,-191.842,91.733,,0.000,none
2026-03-18T12:36:33,-192.120,91.769,,0.000,none
2026-03-18T12:36:34,-192.399,91.778,,0.000,none
2026-03-18T12:36:35,-192.679,91.758,,0.000,none
2026-03-18T12:36:36,-192.954,91.710,,0.000,none
2026-03-18T12:36:37,-193.209,91.655,,0.000,none
2026-03-18T12:36:38,-193.447,91.624,,0.000,none
2026-03-18T12:36:39,-193.614,91.616,,0.000,none
2026-03-18T12:36:40,-193.614,91.616,,0.000,none
2026-03-18T12:36:41,-193.614,91.616,,0.000,none
2026-03-18T12:36:42,-193.614,91.616,,0.000,none
2026-03-18T12:36:43,-193.614,91.616,,0.000,none
2026-03-18T12:36:44,-193.614,91.616,,0.000,none
2026-03-18T12:36:45,-193.614,91.616,,0.000,none
2026-03-18T12:36:46,-193.614,91.616,,0.000,none
2026-03-18T12:36:47,-193.614,91.616,,0.000,none
2026-03-18T12:36:48,-193.614,91.616,,0.000,none
2026-03-18T12:36:49,-193.614,91.616,,0.000,none
2026-03-18T12:36:50,-193.614,91.616,,0.000,none
2026-03-18T12:36:51,-193.614,91.616,,0.000,none
2026-03-18T12:36:52,-193.614,91.616,,0.000,none
2026-03-18T12:36:53,-193.614,91.616,,0.000,none
2026-03-18T12:36:54,-193.614,91.616,,0.000,none
2026-03-18T12:36:55,-193.614,91.616,,0.000,none
2026-03-18T12:36:56,-193.614,91.616,,0.000,none
2026-03-18T12:36:57,-193.614,91.616,,0.000,none
2026-03-18T12:36:58,-193.614,91.616,,0.000,none
2026-03-18T12:36:59,-193.614,91.616,,0.000,none
2026-03-18T12:37:00,-193.614,91.616,,0.000,none
2026-03-18T12:37:01,-193.614,91.616,,0.000,none
2026-03-18T12:37:02,-193.614,91.616,,0.000,none
2026-03-18T12:37:03,-193.614,91.616,,0.000,none
2026-03-18T12:37:04,-193.614,91.616,,0.000,none
2026-03-18T12:37:05,-193.614,91.616,,0.000,none
2026-03-18T12:37:06,-193.614,91.616,,0.000,none
2026-03-18T12:37:07,-193.614,91.616,,0.000,none
2026-03-18T12:37:08,-193.614,91.616,,0.000,none
2026-03-18T12:37:09,-193.614,91.616,,0.000,none
2026-03-18T12:37:10,-193.614,91.616,,0.000,none
2026-03-18T12:37:11,-193.614,91.616,,0.000,none
2026-03-18T12:37:12,-193.614,91.616,,0.000,none
2026-03-18T12:37:13,-193.614,91.616,,0.000,none
2026-03-18T12:37:14,-193.614,91.616,,0.000,none
2026-03-18T12:37:15,-193.614,91.616,,0.000,none
2026-03-18T12:37:16,-193.614,91.616,,0.000,none
2026-03-18T12:37:17,-193.614,91.616,,0.000,none
2026-03-18T12:37:18,-193.614,91.616,,0.000,none
2026-03-18T12:37:19,-193.614,91.616,,0.000,none
2026-03-18T12:37:20,-193.614,91.616,,0.000,none
2026-03-18T12:37:21,-193.614,91.616,,0.000,none
2026-03-18T12:37:22,-193.614,91.616,,0.000,none
2026-03-18T12:37:23,-193.614,91.616,,0.000,none
2026-03-18T12:37:24,-193.614,91.616,,0.000,none
2026-03-18T12:37:25,-193.614,91.616,,0.000,none
2026-03-18T12:37:26,-193.614,91.616,,0.000,none
2026-03-18T12:37:27,-193.614,91.616,,0.000,none
2026-03-18T12:37:28,-193.614,91.616,,0.000,none
2026-03-18T12:37:29,-193.614,91.616,,0.000,none
2026-03-18T12:37:30,-193.614,91.616,,0.000,none
2026-03-18T12:37:31,-193.614,91.616,,0.000,none
2026-03-18T12:37:32,-193.614,91.616,,0.000,none
2026-03-18T12:37:33,-193.614,91.616,,0.000,none
2026-03-18T12:37:34,-193.614,91.616,,0.000,none
2026-03-18T12:37:35,-193.614,91.616,,0.000,none
2026-03-18T12:37:36,-193.614,91.616,,0.000,none
2026-03-18T12:37:37,-193.614,91.616,,0.000,none
2026-03-18T12:37:38,-193.614,91.616,,0.000,none
2026-03-18T12:37:39,-193.614,91.616,,0.000,none
2026-03-18T12:37:40,-193.614,91.616,,0.000,none
2026-03-18T12:37:41,-193.614,91.616,,0.000,none
2026-03-18T12:37:42,-193.614,91.616,,0.000,none
2026-03-18T12:37:43,-193.614,91.616,,0.000,none
2026-03-18T12:37:44,-193.614,91.616,,0.000,none
2026-03-18T12:37:45,-193.614,91.616,,0.000,none
2026-03-18T12:37:46,-193.614,91.616,,0.000,none
2026-03-18T12:37:47,-193.614,91.616,,0.000,none
2026-03-18T12:37:48,-193.614,91.616,,0.000,none
2026-03-18T12:37:49,-193.614,91.616,,0.000,none
2026-03-18T12:37:50,-193.614,91.616,,0.000,none
2026-03-18T12:37:51,-193.614,91.616,,0.000,none
2026-03-18T12:37:52,-193.614,91.616,,0.000,none
2026-03-18T12:37:53,-193.614,91.616,,0.000,none
2026-03-18T12:37:54,-193.614,91.616,,0.000,none
2026-03-18T12:37:55,-193.614,91.616,,0.000,none
2026-03-18T12:37:56,-193.614,91.616,,0.000,none
2026-03-18T12:37:57,-193.614,91.616,,0.000,none
2026-03-18T12:37:58,-193.614,91.616,,0.000,none
2026-03-18T12:37:59,-193.614,91.616,,0.000,none
2026-03-18T12:38:00,-193.614,91.616,,0.000,none
2026-03-18T12:38:01,-193.614,91.616,,0.000,none
2026-03-18T12:38:02,-193.614,91.616,,0.000,none
2026-03-18T12:38:03,-193.614,91.616,,0.000,none
2026-03-18T12:38:04,-193.614,91.616,,0.000,none
2026-03-18T12:38:05,-193.614,91.616,,0.000,none
2026-03-18T12:38:06,-193.614,91.616,,0.000,none
2026-03-18T12:38:07,-193.614,91.616,,0.000,none
2026-03-18T12:38:08,-193.614,91.616,,0.000,none
2026-03-18T12:38:09,-193.614,91.616,,0.000,none
2026-03-18T12:38:10,-193.614,91.616,,0.000,none
2026-03-18T12:38:11,-193.614,91.616,,0.000,none
2026-03-18T12:38:12,-193.614,91.616,,0.000,none
2026-03-18T12:38:13,-193.614,91.616,,0.000,none
2026-03-18T12:38:14,-193.614,91.616,,0.000,none
2026-03-18T12:38:15,-193.614,91.616,,0.000,none
2026-03-18T12:38:16,-193.614,91.616,,0.000,none
2026-03-18T12:38:17,-193.614,91.616,,0.000,none
2026-03-18T12:38:18,-193.614,91.616,,0.000,none
2026-03-18T12:38:19,-193.614,91.616,,0.000,none
2026-03-18T12:38:20,-193.614,91.616,,0.000,none
2026-03-18T12:38:21,-193.614,91.616,,0.000,none
2026-03-18T12:38:22,-193.614,91.616,,0.000,none
2026-03-18T12:38:23,-193.614,91.616,,0.000,none
2026-03-18T12:38:24,-193.614,91.616,,0.000,none
2026-03-18T12:38:25,-193.614,91.616,,0.000,none
2026-03-18T12:38:26,-193.614,91.616,,0.000,none
2026-03-18T12:38:27,-193.614,91.616,,0.000,none
2026-03-18T12:38:28,-193.614,91.616,,0.000,none
2026-03-18T12:38:29,-193.614,91.616,,0.000,none
2026-03-18T12:38:30,-193.614,91.616,,0.000,none
2026-03-18T12:38:31,-193.614,91.616,,0.000,none
2026-03-18T12:38:32,-193.614,91.616,,0.000,none
2026-03-18T12:38:33,-193.614,91.616,,0.000,none
2026-03-18T12:38:34,-193.614,91.616,,0.000,none
2026-03-18T12:38:35,-193.614,91.616,,0.000,none
2026-03-18T12:38:36,-193.614,91.616,,0.000,none
2026-03-18T12:38:37,-193.614,91.616,,0.000,none
2026-03-18T12:38:38,-193.614,91.616,,0.000,none
2026-03-18T12:38:39,-193.614,91.616,,0.000,none
2026-03-18T12:38:40,-193.614,91.616,,0.000,none
2026-03-18T12:38:41,-193.614,91.616,,0.000,none
2026-03-18T12:38:42,-193.614,91.616,,0.000,none
2026-03-18T12:38:43,-193.614,91.616,,0.000,none
2026-03-18T12:38:44,-193.614,91.616,,0.000,none
2026-03-18T12:38:45,-193.614,91.616,,0.000,none
2026-03-18T12:38:46,-193.614,91.616,,0.000,none
2026-03-18T12:38:47,-193.614,91.616,,0.000,none
2026-03-18T12:38:48,-193.614,91.616,,0.000,none
2026-03-18T12:38:49,-193.614,91.616,,0.000,none
2026-03-18T12:38:50,-193.614,91.616,,0.000,none
2026-03-18T12:38:51,-193.614,91.616,,0.000,none
2026-03-18T12:38:52,-193.614,91.616,,0.000,none
2026-03-18T12:38:53,-193.614,91.616,,0.000,none
2026-03-18T12:38:54,-193.614,91.616,,0.000,none
2026-03-18T12:38:55,-193.614,91.616,,0.000,none
2026-03-18T12:38:56,-193.614,91.616,,0.000,none
2026-03-18T12:38:57,-193.614,91.616,,0.000,none
2026-03-18T12:38:58,-193.614,91.616,,0.000,none
2026-03-18T12:38:59,-193.614,91.616,,0.000,none
2026-03-18T12:39:00,-193.614,91.616,,0.000,none
2026-03-18T12:39:01,-193.614,91.616,,0.000,none
2026-03-18T12:39:02,-193.614,91.616,,0.000,none
2026-03-18T12:39:03,-193.614,91.616,,0.000,none
2026-03-18T12:39:04,-193.614,91.616,,0.000,none
2026-03-18T12:39:05,-193.614,91.616,,0.000,none
2026-03-18T12:39:06,-193.614,91.616,,0.000,none
2026-03-18T12:39:07,-193.614,91.616,,0.000,none
2026-03-18T12:39:08,-193.614,91.616,,0.000,none
2026-03-18T12:39:09,-193.614,91.616,,0.000,none
2026-03-18T12:39:10,-193.614,91.616,,0.000,none
2026-03-18T12:39:11,-193.614,91.616,,0.000,none
2026-03-18T12:39:12,-193.614,91.616,,0.000,none
2026-03-18T12:39:13,-193.614,91.616,,0.000,none
2026-03-18T12:39:14,-193.614,91.616,,0.000,none
2026-03-18T12:39:15,-193.614,91.616,,0.000,none
2026-03-18T12:39:16,-193.614,91.616,,0.000,none
2026-03-18T12:39:17,-193.614,91.616,,0.000,none
2026-03-18T12:39:18,-193.614,91.616,,0.000,none
2026-03-18T12:39:19,-193.614,91.616,,0.000,none
2026-03-18T12:39:20,-193.614,91.616,,0.000,none
2026-03-18T12:39:21,-193.614,91.616,,0.000,none
2026-03-18T12:39:22,-193.614,91.616,,0.000,none
2026-03-18T12:39:23,-193.614,91.616,,0.000,none
2026-03-18T12:39:24,-193.614,91.616,,0.000,none
2026-03-18T12:39:25,-193.614,91.616,,0.000,none
2026-03-18T12:39:26,-193.614,91.616,,0.000,none
2026-03-18T12:39:27,-193.614,91.616,,0.000,none
2026-03-18T12:39:28,-193.614,91.616,,0.000,none
2026-03-18T12:39:29,-193.614,91.616,,0.000,none
2026-03-18T12:39:30,-193.614,91.616,,0.000,none
2026-03-18T12:39:31,-193.614,91.616,,0.000,none
2026-03-18T12:39:32,-193.614,91.616,,0.000,none
2026-03-18T12:39:33,-193.614,91.616,,0.000,none
2026-03-18T12:39:34,-193.614,91.616,,0.000,none
2026-03-18T12:39:35,-193.614,91.616,,0.000,none
2026-03-18T12:39:36,-193.614,91.616,,0.000,none
2026-03-18T12:39:37,-193.614,91.616,,0.000,none
2026-03-18T12:39:38,-193.614,91.616,,0.000,none
2026-03-18T12:39:39,-193.614,91.616,,0.000,none
2026-03-18T12:39:40,-193.614,91.616,,0.000,none
2026-03-18T12:39:41,-193.614,91.616,,0.000,none
2026-03-18T12:39:42,-193.614,91.616,,0.000,none
2026-03-18T12:39:43,-193.614,91.616,,0.000,none
2026-03-18T12:39:44,-193.614,91.616,,0.000,none
2026-03-18T12:39:45,-193.614,91.616,,0.000,none
2026-03-18T12:39:46,-193.614,91.616,,0.000,none
2026-03-18T12:39:47,-193.614,91.616,,0.000,none
2026-03-18T12:39:48,-193.614,91.616,,0.000,none
2026-03-18T12:39:49,-193.614,91.616,,0.000,none
2026-03-18T12:39:50,-193.614,91.616,,0.000,none
2026-03-18T12:39:51,-193.614,91.616,,0.000,none
2026-03-18T12:39:52,-193.614,91.616,,0.000,none
2026-03-18T12:39:53,-193.614,91.616,,0.000,none
2026-03-18T12:39:54,-193.614,91.616,,0.000,none
2026-03-18T12:39:55,-193.614,91.616,,0.000,none
2026-03-18T12:39:56,-193.614,91.616,,0.000,none
2026-03-18T12:39:57,-193.614,91.616,,0.000,none
2026-03-18T12:39:58,-193.614,91.616,,0.000,none
2026-03-18T12:39:59,-193.614,91.616,,0.000,none
2026-03-18T12:40:00,-193.614,91.616,,0.000,none
2026-03-18T12:40:01,-193.614,91.616,,0.000,none
2026-03-18T12:40:02,-193.614,91.616,,0.000,none
2026-03-18T12:40:03,-193.614,91.616,,0.000,none
2026-03-18T12:40:04,-193.614,91.616,,0.000,none
2026-03-18T12:40:05,-193.614,91.616,,0.000,none
2026-03-18T12:40:06,-193.614,91.616,,0.000,none
2026-03-18T12:40:07,-193.614,91.616,,0.000,none
2026-03-18T12:40:08,-193.614,91.616,,0.000,none
2026-03-18T12:40:09,-193.614,91.616,,0.000,none
2026-03-18T12:40:10,-193.614,91.616,,0.000,none
2026-03-18T12:40:11,-193.614,91.616,,0.000,none
2026-03-18T12:40:12,-193.614,91.616,,0.000,none
2026-03-18T12:40:13,-193.614,91.616,,0.000,none
2026-03-18T12:40:14,-193.614,91.616,,0.000,none
2026-03-18T12:40:15,-193.614,91.616,,0.000,none
2026-03-18T12:40:16,-193.614,91.616,,0.000,none
2026-03-18T12:40:17,-193.614,91.616,,0.000,none
2026-03-18T12:40:18,-193.614,91.616,,0.000,none
2026-03-18T12:40:19,-193.614,91.616,,0.000,none
2026-03-18T12:40:20,-193.614,91.616,,0.000,none
2026-03-18T12:40:21,-193.614,91.616,,0.000,none
2026-03-18T12:40:22,-193.614,91.616,,0.000,none
2026-03-18T12:40:23,-193.614,91.616,,0.000,none
2026-03-18T12:40:24,-193.614,91.616,,0.000,none
2026-03-18T12:40:25,-193.614,91.616,,0.000,none
2026-03-18T12:40:26,-193.614,91.616,,0.000,none
2026-03-18T12:40:27,-193.614,91.616,,0.000,none
2026-03-18T12:40:28,-193.614,91.616,,0.000,none
2026-03-18T12:40:29,-193.614,91.616,,0.000,none
2026-03-18T12:40:30,-193.614,91.616,,0.000,none
2026-03-18T12:40:31,-193.614,91.616,,0.000,none
2026-03-18T12:40:32,-193.614,91.616,,0.000,none
2026-03-18T12:40:33,-193.614,91.616,,0.000,none
2026-03-18T12:40:34,-193.614,91.616,,0.000,none
2026-03-18T12:40:35,-193.614,91.616,,0.000,none
2026-03-18T12:40:36,-193.614,91.616,,0.000,none
2026-03-18T12:40:37,-193.614,91.616,,0.000,none
2026-03-18T12:40:38,-193.614,91.616,,0.000,none
2026-03-18T12:40:39,-193.614,91.616,,0.000,none
2026-03-18T12:40:40,-193.614,91.616,,0.000,none
2026-03-18T12:40:41,-193.614,91.616,,0.000,none
2026-03-18T12:40:42,-193.614,91.616,,0.000,none
2026-03-18T12:40:43,-193.614,91.616,,0.000,none
2026-03-18T12:40:44,-193.614,91.616,,0.000,none
2026-03-18T12:40:45,-193.614,91.616,,0.000,none
2026-03-18T12:40:46,-193.614,91.616,,0.000,none
2026-03-18T12:40:47,-193.614,91.616,,0.000,none
2026-03-18T12:40:48,-193.614,91.616,,0.000,none
2026-03-18T12:40:49,-193.614,91.616,,0.000,none
2026-03-18T12:40:50,-193.614,91.616,,0.000,none
2026-03-18T12:40:51,-193.614,91.616,,0.000,none
2026-03-18T12:40:52,-193.614,91.616,,0.000,none
2026-03-18T12:40:53,-193.614,91.616,,0.000,none
2026-03-18T12:40:54,-193.614,91.616,,0.000,none
2026-03-18T12:40:55,-193.614,91.616,,0.000,none
2026-03-18T12:40:56,-193.614,91.616,,0.000,none
2026-03-18T12:40:57,-193.614,91.616,,0.000,none
2026-03-18T12:40:58,-193.614,91.616,,0.000,none
2026-03-18T12:40:59,-193.614,91.616,,0.000,none
2026-03-18T12:41:00,-193.614,91.616,,0.000,none
2026-03-18T12:41:01,-193.614,91.616,,0.000,none
2026-03-18T12:41:02,-193.614,91.616,,0.000,none
2026-03-18T12:41:03,-193.614,91.616,,0.000,none
2026-03-18T12:41:04,-193.614,91.616,,0.000,none
2026-03-18T12:41:05,-193.614,91.616,,0.000,none
2026-03-18T12:41:06,-193.614,91.616,,0.000,none
2026-03-18T12:41:07,-193.614,91.616,,0.000,none
2026-03-18T12:41:08,-193.614,91.616,,0.000,none
2026-03-18T12:41:09,-193.614,91.616,,0.000,none
2026-03-18T12:41:10,-193.614,91.616,,0.000,none
2026-03-18T12:41:11,-193.614,91.616,,0.000,none
2026-03-18T12:41:12,-193.614,91.616,,0.000,none
2026-03-18T12:41:13,-193.614,91.616,,0.000,none
2026-03-18T12:41:14,-193.614,91.616,,0.000,none
2026-03-18T12:41:15,-193.614,91.616,,0.000,none
2026-03-18T12:41:16,-193.614,91.616,,0.000,none
2026-03-18T12:41:17,-193.614,91.616,,0.000,none
2026-03-18T12:41:18,-193.614,91.616,,0.000,none
2026-03-18T12:41:19,-193.614,91.616,,0.000,none
2026-03-18T12:41:20,-193.614,91.616,,0.000,none
2026-03-18T12:41:21,-193.614,91.616,,0.000,none
2026-03-18T12:41:22,-193.614,91.616,,0.000,none
2026-03-18T12:41:23,-193.614,91.616,,0.000,none
2026-03-18T12:41:24,-193.614,91.616,,0.000,none
2026-03-18T12:41:25,-193.614,91.616,,0.000,none
2026-03-18T12:41:26,-193.614,91.616,,0.000,none
2026-03-18T12:41:27,-193.614,91.616,,0.000,none
2026-03-18T12:41:28,-193.614,91.616,,0.000,none
2026-03-22T14:20:57,-38.473,1.038,,0.029,none
2026-03-22T14:20:58,-38.490,1.032,,0.010,none
2026-03-22T14:20:59,-38.490,1.032,,0.010,none
2026-03-22T14:21:00,-38.706,0.961,,0.000,none
2026-03-22T14:21:01,-39.043,0.867,,0.000,none
2026-03-22T14:21:02,-39.386,0.797,,0.000,none
2026-03-22T14:21:03,-39.733,0.752,,0.000,none
2026-03-22T14:21:04,-40.083,0.731,,0.000,none
2026-03-22T14:21:05,-40.433,0.730,,0.000,none
2026-03-22T14:21:06,-40.782,0.747,,0.000,none
2026-03-22T14:21:07,-41.131,0.779,,0.000,none
2026-03-22T14:21:08,-41.477,0.826,,0.000,none
2026-03-22T14:21:09,-41.823,0.884,,0.000,none
2026-03-22T14:21:10,-42.167,0.948,,0.000,none
2026-03-22T14:21:11,-42.510,1.016,,0.000,none
2026-03-22T14:21:12,-42.853,1.087,,0.000,none
2026-03-22T14:21:13,-43.194,1.163,,0.000,none
2026-03-22T14:21:14,-43.535,1.244,,0.000,none
2026-03-22T14:21:15,-43.873,1.334,,0.000,none
2026-03-22T14:21:16,-44.210,1.430,,0.000,none
2026-03-22T14:21:17,-44.544,1.532,,0.000,none
2026-03-22T14:21:18,-44.878,1.639,,0.000,none
2026-03-22T14:21:19,-45.210,1.748,,0.000,none
2026-03-22T14:21:20,-45.541,1.862,,0.000,none
2026-03-22T14:21:21,-45.871,1.980,,0.000,none
2026-03-22T14:21:22,-46.198,2.105,,0.000,none
2026-03-22T14:21:23,-46.522,2.236,,0.000,none
2026-03-22T14:21:24,-46.844,2.374,,0.000,none
2026-03-22T14:21:25,-47.162,2.519,,0.000,none
2026-03-22T14:21:26,-47.478,2.670,,0.000,none
2026-03-22T14:21:27,-47.790,2.828,,0.000,none
2026-03-22T14:21:28,-48.099,2.993,,0.000,none
2026-03-22T14:21:29,-48.404,3.165,,0.000,none
2026-03-22T14:21:30,-48.704,3.344,,0.000,none
2026-03-22T14:21:31,-49.000,3.532,,0.000,none
2026-03-22T14:21:32,-49.290,3.727,,0.000,none
2026-03-22T14:21:33,-49.576,3.930,,0.000,none
2026-03-22T14:21:34,-49.856,4.139,,0.000,none
2026-03-22T14:21:35,-50.132,4.355,,0.000,none
2026-03-22T14:21:36,-50.403,4.576,,0.000,none
2026-03-22T14:21:37,-50.670,4.803,,0.000,none
2026-03-22T14:21:38,-50.931,5.035,,0.000,none
2026-03-22T14:21:39,-51.189,5.273,,0.000,none
2026-03-22T14:21:40,-51.441,5.515,,0.000,none
2026-03-22T14:21:41,-51.688,5.763,,0.000,none
2026-03-22T14:21:42,-51.926,6.020,,0.000,none
2026-03-22T14:21:43,-52.155,6.284,,0.000,none
2026-03-22T14:21:44,-52.378,6.554,,0.000,none
2026-03-22T14:21:45,-52.594,6.829,,0.000,none
2026-03-22T14:21:46,-52.805,7.109,,0.000,none
2026-03-22T14:21:47,-53.011,7.391,,0.000,none
2026-03-22T14:21:48,-53.210,7.680,,0.000,none
2026-03-22T14:21:49,-53.400,7.973,,0.000,none
2026-03-22T14:21:50,-53.583,8.272,,0.000,none
2026-03-22T14:21:51,-53.758,8.575,,0.000,none
2026-03-22T14:21:52,-53.927,8.881,,0.000,none
2026-03-22T14:21:53,-54.092,9.190,,0.000,none
2026-03-22T14:21:54,-54.252,9.501,,0.000,none
2026-03-22T14:21:55,-54.410,9.814,,0.000,none
2026-03-22T14:21:56,-54.563,10.128,,0.000,none
2026-03-22T14:21:57,-54.713,10.445,,0.000,none
2026-03-22T14:21:58,-54.858,10.763,,0.000,none
2026-03-22T14:21:59,-54.997,11.084,,0.000,none
2026-03-22T14:22:00,-55.132,11.407,,0.000,none
2026-03-22T14:22:01,-55.262,11.732,,0.000,none
2026-03-22T14:22:02,-55.387,12.059,,0.000,none
2026-03-22T14:22:03,-55.507,12.388,,0.000,none
2026-03-22T14:22:04,-55.623,12.718,,0.000,none
2026-03-22T14:22:05,-55.733,13.051,,0.000,none
2026-03-22T14:22:06,-55.763,13.181,,0.000,none
2026-03-22T14:22:07,-55.777,13.381,,0.000,none
2026-03-22T14:22:08,-55.818,13.658,,0.000,none
2026-03-22T14:22:09,-55.886,13.930,,0.000,none
2026-03-22T14:22:10,-55.980,14.193,,0.000,none
2026-03-22T14:22:11,-56.101,14.446,,0.000,none
2026-03-22T14:22:12,-56.246,14.685,,0.000,none
2026-03-22T14:22:13,-56.414,14.909,,0.000,none
2026-03-22T14:22:14,-56.604,15.115,,0.000,none
2026-03-22T14:22:15,-56.791,15.286,,0.000,none
2026-03-22T14:22:16,-56.811,15.315,,0.000,none
2026-03-22T14:22:17,-56.833,15.365,,0.000,none
2026-03-22T14:22:18,-56.841,15.388,,0.000,none
2026-03-22T14:22:19,-56.841,15.388,,0.000,none
2026-03-22T14:22:20,-56.894,15.573,,0.000,none
2026-03-22T14:22:21,-56.928,15.737,,0.000,none
2026-03-22T14:22:22,-56.932,15.915,,0.000,none
2026-03-22T14:22:23,-56.952,16.194,,0.000,none
2026-03-22T14:22:24,-56.999,16.470,,0.000,none
2026-03-22T14:22:25,-57.075,16.739,,0.000,none
2026-03-22T14:22:26,-57.176,17.000,,0.000,none
2026-03-22T14:22:27,-57.303,17.249,,0.000,none
2026-03-22T14:22:28,-57.455,17.485,,0.000,none
2026-03-22T14:22:29,-57.629,17.704,,0.000,none
2026-03-22T14:22:30,-57.824,17.904,,0.000,none
2026-03-22T14:22:31,-58.038,18.085,,0.000,none
2026-03-22T14:22:32,-58.269,18.242,,0.000,none
2026-03-22T14:22:33,-58.466,18.381,,0.000,none
2026-03-22T14:22:34,-58.640,18.547,,0.000,none
2026-03-22T14:22:35,-58.791,18.722,,0.000,none
2026-03-22T14:22:36,-58.927,18.932,,0.000,none
2026-03-22T14:22:37,-59.039,19.145,,0.000,none
2026-03-22T14:22:38,-59.126,19.369,,0.000,none
2026-03-22T14:22:39,-59.140,19.413,,0.000,none
2026-03-22T14:22:40,-59.136,19.440,,0.000,none
2026-03-22T14:22:41,-59.106,19.719,,0.000,none
2026-03-22T14:22:42,-59.104,19.998,,0.000,none
2026-03-22T14:22:43,-59.130,20.277,,0.000,none
2026-03-22T14:22:44,-59.183,20.552,,0.000,none
2026-03-22T14:22:45,-59.252,20.803,,0.000,none
2026-03-22T14:22:46,-59.302,21.028,,0.000,none
2026-03-22T14:22:47,-59.341,21.266,,0.000,none
2026-03-22T14:22:48,-59.356,21.380,,0.000,none
2026-03-22T14:22:49,-59.356,21.380,,0.000,none
2026-03-22T14:22:50,-59.279,21.576,,0.000,none
2026-03-22T14:22:51,-59.200,21.844,,0.000,none
2026-03-22T14:22:52,-59.149,22.120,,0.000,none
2026-03-22T14:22:53,-59.125,22.398,,0.000,none
2026-03-22T14:22:54,-59.129,22.678,,0.000,none
2026-03-22T14:22:55,-59.161,22.956,,0.000,none
2026-03-22T14:22:56,-59.221,23.230,,0.000,none
2026-03-22T14:22:57,-59.271,23.455,,0.000,none
2026-03-22T14:22:58,-59.312,23.687,,0.000,none
2026-03-22T14:22:59,-59.324,23.788,,0.000,none
2026-03-22T14:23:00,-59.324,23.788,,0.000,none
2026-03-22T14:23:01,-59.241,23.966,,0.000,none
2026-03-22T14:23:02,-59.184,24.092,,0.000,none
2026-03-22T14:23:03,-59.156,24.131,,0.000,none
2026-03-22T14:23:04,-59.156,24.131,,0.000,none
2026-03-22T14:23:05,-59.134,24.159,,0.000,none
2026-03-22T14:23:06,-59.015,24.293,,0.000,none
2026-03-22T14:23:07,-58.881,24.397,,0.000,none
2026-03-22T14:23:08,-58.668,24.578,,0.000,none
2026-03-22T14:23:09,-58.474,24.780,,0.000,none
2026-03-22T14:23:10,-58.301,25.000,,0.000,none
2026-03-22T14:23:11,-58.151,25.236,,0.000,none
2026-03-22T14:23:12,-58.025,25.486,,0.000,none
2026-03-22T14:23:13,-57.924,25.747,,0.000,none
2026-03-22T14:23:14,-57.851,26.017,,0.000,none
2026-03-22T14:23:15,-57.821,26.162,,0.000,none
2026-03-22T14:23:16,-57.821,26.162,,0.000,none
2026-03-22T14:23:17,-57.796,26.282,,0.000,none
2026-03-22T14:23:18,-57.725,26.625,,0.000,none
2026-03-22T14:23:19,-57.694,26.813,,0.000,none
2026-03-22T14:23:20,-57.676,26.968,,0.000,none
2026-03-22T14:23:21,-57.624,27.138,,0.000,none
2026-03-22T14:23:22,-57.556,27.410,,0.000,none
2026-03-22T14:23:23,-57.516,27.687,,0.000,none
2026-03-22T14:23:24,-57.503,27.966,,0.000,none
2026-03-22T14:23:25,-57.518,28.246,,0.000,none
2026-03-22T14:23:26,-57.561,28.522,,0.000,none
2026-03-22T14:23:27,-57.632,28.793,,0.000,none
2026-03-22T14:23:28,-57.729,29.055,,0.000,none
2026-03-22T14:23:29,-57.852,29.307,,0.000,none
2026-03-22T14:23:30,-58.000,29.545,,0.000,none
2026-03-22T14:23:31,-58.170,29.767,,0.000,none
2026-03-22T14:23:32,-58.362,29.971,,0.000,none
2026-03-22T14:23:33,-58.573,30.154,,0.000,none
2026-03-22T14:23:34,-58.802,30.316,,0.000,none
2026-03-22T14:23:35,-59.045,30.454,,0.000,none
2026-03-22T14:23:36,-59.178,30.543,,0.000,none
2026-03-22T14:23:37,-59.337,30.706,,0.000,none
2026-03-22T14:23:38,-59.418,30.838,,0.000,none
2026-03-22T14:23:39,-59.418,30.838,,0.000,none
2026-03-22T14:23:40,-59.415,30.852,,0.000,none
2026-03-22T14:23:41,-59.397,30.900,,0.000,none
2026-03-22T14:23:42,-59.391,30.914,,0.000,none
2026-03-22T14:23:43,-59.391,30.914,,0.000,none
2026-03-22T14:23:44,-59.273,31.149,,0.000,none
2026-03-22T14:23:45,-59.115,31.461,,0.000,none
2026-03-22T14:23:46,-59.018,31.651,,0.000,none
2026-03-22T14:23:47,-58.928,31.766,,0.000,none
2026-03-22T14:23:48,-58.760,31.990,,0.000,none
2026-03-22T14:23:49,-58.614,32.229,,0.000,none
2026-03-22T14:23:50,-58.548,32.364,,0.000,none
2026-03-22T14:23:51,-58.535,32.408,,0.000,none
2026-03-22T14:23:52,-58.535,32.408,,0.000,none
2026-03-22T14:23:53,-58.520,32.476,,0.000,none
2026-03-22T14:23:54,-58.454,32.820,,0.000,none
2026-03-22T14:23:55,-58.407,33.167,,0.000,none
2026-03-22T14:23:56,-58.378,33.515,,0.000,none
2026-03-22T14:23:57,-58.366,33.865,,0.000,none
2026-03-22T14:23:58,-58.374,34.215,,0.000,none
2026-03-22T14:23:59,-58.402,34.564,,0.000,none
2026-03-22T14:24:00,-58.449,34.911,,0.000,none
2026-03-22T14:24:01,-58.514,35.254,,0.000,none
2026-03-22T14:24:02,-58.595,35.595,,0.000,none
2026-03-22T14:24:03,-58.692,35.931,,0.000,none
2026-03-22T14:24:04,-58.799,36.264,,0.000,none
2026-03-22T14:24:05,-58.914,36.595,,0.000,none
2026-03-22T14:24:06,-59.027,36.890,,0.000,none
2026-03-22T14:24:07,-59.149,37.169,,0.000,none
2026-03-22T14:24:08,-59.252,37.369,,0.000,none
2026-03-22T14:24:09,-59.325,37.494,,0.000,none
2026-03-22T14:24:10,-59.383,37.654,,0.000,none
2026-03-22T14:24:11,-59.490,37.912,,0.000,none
2026-03-22T14:24:12,-59.622,38.159,,0.000,none
2026-03-22T14:24:13,-59.779,38.391,,0.000,none
2026-03-22T14:24:14,-59.958,38.606,,0.000,none
2026-03-22T14:24:15,-60.037,38.691,,0.000,none
2026-03-22T14:24:16,-60.037,38.691,,0.000,none
2026-03-22T14:24:17,-60.155,38.820,,0.000,none
2026-03-22T14:24:18,-60.387,39.081,,0.000,none
2026-03-22T14:24:19,-60.617,39.345,,0.000,none
2026-03-22T14:24:20,-60.847,39.609,,0.000,none
2026-03-22T14:24:21,-61.079,39.871,,0.000,none
2026-03-22T14:24:22,-61.316,40.129,,0.000,none
2026-03-22T14:24:23,-61.559,40.381,,0.000,none
2026-03-22T14:24:24,-61.809,40.625,,0.000,none
2026-03-22T14:24:25,-62.069,40.859,,0.000,none
2026-03-22T14:24:26,-62.339,41.082,,0.000,none
2026-03-22T14:24:27,-62.618,41.294,,0.000,none
2026-03-22T14:24:28,-62.906,41.493,,0.000,none
2026-03-22T14:24:29,-63.201,41.681,,0.000,none
2026-03-22T14:24:30,-63.503,41.859,,0.000,none
2026-03-22T14:24:31,-63.808,42.030,,0.000,none
2026-03-22T14:24:32,-64.116,42.195,,0.000,none
2026-03-22T14:24:33,-64.427,42.356,,0.000,none
2026-03-22T14:24:34,-64.741,42.510,,0.000,none
2026-03-22T14:24:35,-65.058,42.659,,0.000,none
2026-03-22T14:24:36,-65.377,42.803,,0.000,none
2026-03-22T14:24:37,-65.699,42.942,,0.000,none
2026-03-22T14:24:38,-66.021,43.078,,0.000,none
2026-03-22T14:24:39,-66.344,43.212,,0.000,none
2026-03-22T14:24:40,-66.669,43.344,,0.000,none
2026-03-22T14:24:41,-66.994,43.474,,0.000,none
2026-03-22T14:24:42,-67.319,43.601,,0.000,none
2026-03-22T14:24:43,-67.646,43.727,,0.000,none
2026-03-22T14:24:44,-67.973,43.853,,0.000,none
2026-03-22T14:24:45,-68.299,43.978,,0.000,none
2026-03-22T14:24:46,-68.626,44.103,,0.000,none
2026-03-22T14:24:47,-68.953,44.229,,0.000,none
2026-03-22T14:24:48,-69.281,44.354,,0.000,none
2026-03-22T14:24:49,-69.607,44.478,,0.000,none
2026-03-22T14:24:50,-69.934,44.603,,0.000,none
2026-03-22T14:24:51,-70.261,44.728,,0.000,none
2026-03-22T14:24:52,-70.588,44.853,,0.000,none
2026-03-22T14:24:53,-70.915,44.977,,0.000,none
2026-03-22T14:24:54,-71.242,45.101,,0.000,none
2026-03-22T14:24:55,-71.570,45.225,,0.000,none
2026-03-22T14:24:56,-71.897,45.349,,0.000,none
2026-03-22T14:24:57,-72.225,45.472,,0.000,none
2026-03-22T14:24:58,-72.553,45.594,,0.000,none
2026-03-22T14:24:59,-72.881,45.715,,0.000,none
2026-03-22T14:25:00,-73.210,45.835,,0.000,none
2026-03-22T14:25:01,-73.540,45.953,,0.000,none
2026-03-22T14:25:02,-73.869,46.070,,0.000,none
2026-03-22T14:25:03,-74.200,46.185,,0.000,none
2026-03-22T14:25:04,-74.531,46.298,,0.000,none
2026-03-22T14:25:05,-74.863,46.409,,0.000,none
2026-03-22T14:25:06,-75.196,46.519,,0.000,none
2026-03-22T14:25:07,-75.528,46.627,,0.000,none
2026-03-22T14:25:08,-75.862,46.733,,0.000,none
2026-03-22T14:25:09,-76.196,46.837,,0.000,none
2026-03-22T14:25:10,-76.531,46.939,,0.000,none
2026-03-22T14:25:11,-76.866,47.040,,0.000,none
2026-03-22T14:25:12,-77.202,47.139,,0.000,none
2026-03-22T14:25:13,-77.538,47.237,,0.000,none
2026-03-22T14:25:14,-77.874,47.333,,0.000,none
2026-03-22T14:25:15,-78.211,47.429,,0.000,none
2026-03-22T14:25:16,-78.548,47.523,,0.000,none
2026-03-22T14:25:17,-78.885,47.617,,0.000,none
2026-03-22T14:25:18,-79.222,47.711,,0.000,none
2026-03-22T14:25:19,-79.560,47.804,,0.000,none
2026-03-22T14:25:20,-79.897,47.897,,0.000,none
2026-03-22T14:25:21,-80.235,47.989,,0.000,none
2026-03-22T14:25:22,-80.572,48.082,,0.000,none
2026-03-22T14:25:23,-80.910,48.174,,0.000,none
2026-03-22T14:25:24,-81.247,48.267,,0.000,none
2026-03-22T14:25:25,-81.585,48.359,,0.000,none
2026-03-22T14:25:26,-81.923,48.452,,0.000,none
2026-03-22T14:25:27,-82.260,48.545,,0.000,none
2026-03-22T14:25:28,-82.598,48.637,,0.000,none
2026-03-22T14:25:29,-82.935,48.730,,0.000,none
2026-03-22T14:25:30,-83.272,48.826,,0.000,none
2026-03-22T14:25:31,-83.606,48.929,,0.000,none
2026-03-22T14:25:32,-83.941,49.030,,0.000,none
2026-03-22T14:25:33,-84.277,49.128,,0.000,none
2026-03-22T14:25:34,-84.612,49.230,,0.000,none
2026-03-22T14:25:35,-84.947,49.333,,0.000,none
2026-03-22T14:25:36,-85.282,49.432,,0.000,none
2026-03-22T14:25:37,-85.619,49.529,,0.000,none
2026-03-22T14:25:38,-85.956,49.623,,0.000,none
2026-03-22T14:25:39,-86.294,49.714,,0.000,none
2026-03-22T14:25:40,-86.632,49.803,,0.000,none
2026-03-22T14:25:41,-86.971,49.890,,0.000,none
2026-03-22T14:25:42,-87.311,49.975,,0.000,none
2026-03-22T14:25:43,-87.650,50.059,,0.000,none
2026-03-22T14:25:44,-87.991,50.141,,0.000,none
2026-03-22T14:25:45,-88.331,50.223,,0.000,none
2026-03-22T14:25:46,-88.672,50.303,,0.000,none
2026-03-22T14:25:47,-89.013,50.382,,0.000,none
2026-03-22T14:25:48,-89.353,50.462,,0.000,none
2026-03-22T14:25:49,-89.694,50.541,,0.000,none
2026-03-22T14:25:50,-90.035,50.621,,0.000,none
2026-03-22T14:25:51,-90.377,50.700,,0.000,none
2026-03-22T14:25:52,-90.717,50.778,,0.000,none
2026-03-22T14:25:53,-91.058,50.857,,0.000,none
2026-03-22T14:25:54,-91.399,50.935,,0.000,none
2026-03-22T14:25:55,-91.740,51.014,,0.000,none
2026-03-22T14:25:56,-92.081,51.093,,0.000,none
2026-03-22T14:25:57,-92.422,51.173,,0.000,none
2026-03-22T14:25:58,-92.762,51.254,,0.000,none
2026-03-22T14:25:59,-93.102,51.338,,0.000,none
2026-03-22T14:26:00,-93.442,51.422,,0.000,none
2026-03-22T14:26:01,-93.781,51.508,,0.000,none
2026-03-22T14:26:02,-94.120,51.595,,0.000,none
2026-03-22T14:26:03,-94.459,51.684,,0.000,none
2026-03-22T14:26:04,-94.797,51.774,,0.000,none
2026-03-22T14:26:05,-95.134,51.868,,0.000,none
2026-03-22T14:26:06,-95.470,51.967,,0.000,none
2026-03-22T14:26:07,-95.803,52.076,,0.000,none
2026-03-22T14:26:08,-96.132,52.193,,0.000,none
2026-03-22T14:26:09,-96.462,52.310,,0.000,none
2026-03-22T14:26:10,-96.790,52.432,,0.000,none
2026-03-22T14:26:11,-97.116,52.560,,0.000,none
2026-03-22T14:26:12,-97.442,52.687,,0.000,none
2026-03-22T14:26:13,-97.768,52.815,,0.000,none
2026-03-22T14:26:14,-98.093,52.945,,0.000,none
2026-03-22T14:26:15,-98.416,53.079,,0.000,none
2026-03-22T14:26:16,-98.739,53.214,,0.000,none
2026-03-22T14:26:17,-99.061,53.352,,0.000,none
2026-03-22T14:26:18,-99.381,53.493,,0.000,none
2026-03-22T14:26:19,-99.699,53.639,,0.000,none
2026-03-22T14:26:20,-100.016,53.788,,0.000,none
2026-03-22T14:26:21,-100.330,53.942,,0.000,none
2026-03-22T14:26:22,-100.642,54.101,,0.000,none
2026-03-22T14:26:23,-100.951,54.266,,0.000,none
2026-03-22T14:26:24,-101.257,54.436,,0.000,none
2026-03-22T14:26:25,-101.561,54.608,,0.000,none
2026-03-22T14:26:26,-101.864,54.783,,0.000,none
2026-03-22T14:26:27,-102.166,54.961,,0.000,none
2026-03-22T14:26:28,-102.465,55.143,,0.000,none
2026-03-22T14:26:29,-102.761,55.329,,0.000,none
2026-03-22T14:26:30,-103.056,55.518,,0.000,none
2026-03-22T14:26:31,-103.349,55.710,,0.000,none
2026-03-22T14:26:32,-103.639,55.905,,0.000,none
2026-03-22T14:26:33,-103.926,56.105,,0.000,none
2026-03-22T14:26:34,-104.211,56.309,,0.000,none
2026-03-22T14:26:35,-104.495,56.514,,0.000,none
2026-03-22T14:26:36,-104.775,56.723,,0.000,none
2026-03-22T14:26:37,-105.051,56.939,,0.000,none
2026-03-22T14:26:38,-105.320,57.162,,0.000,none
2026-03-22T14:26:39,-105.581,57.395,,0.000,none
2026-03-22T14:26:40,-105.835,57.636,,0.000,none
2026-03-22T14:26:41,-105.978,57.762,,0.000,none
2026-03-22T14:26:42,-106.112,57.838,,0.000,none
2026-03-22T14:26:43,-106.238,57.904,,0.000,none
2026-03-22T14:26:44,-106.250,57.913,,0.000,none
2026-03-22T14:26:45,-106.265,57.937,,0.000,none
2026-03-22T14:26:46,-106.425,58.166,,0.000,none
2026-03-22T14:26:47,-106.606,58.379,,0.000,none
2026-03-22T14:26:48,-106.809,58.573,,0.000,none
2026-03-22T14:26:49,-107.029,58.745,,0.000,none
2026-03-22T14:26:50,-107.266,58.895,,0.000,none
2026-03-22T14:26:51,-107.516,59.020,,0.000,none
2026-03-22T14:26:52,-107.777,59.120,,0.000,none
2026-03-22T14:26:53,-108.048,59.193,,0.000,none
2026-03-22T14:26:54,-108.324,59.238,,0.000,none
2026-03-22T14:26:55,-108.603,59.256,,0.000,none
2026-03-22T14:26:56,-108.883,59.246,,0.000,none
2026-03-22T14:26:57,-109.124,59.216,,0.000,none
2026-03-22T14:26:58,-109.331,59.213,,0.000,none
2026-03-22T14:26:59,-109.536,59.236,,0.000,none
2026-03-22T14:27:00,-109.730,59.301,,0.000,none
2026-03-22T14:27:01,-109.769,59.326,,0.000,none
2026-03-22T14:27:02,-109.769,59.326,,0.000,none
2026-03-22T14:27:03,-109.806,59.461,,0.000,none
2026-03-22T14:27:04,-109.900,59.724,,0.000,none
2026-03-22T14:27:05,-109.912,59.771,,0.000,none
2026-03-22T14:27:06,-109.912,59.771,,0.000,none
2026-03-22T14:27:07,-109.871,59.919,,0.000,none
2026-03-22T14:27:08,-109.816,60.193,,0.000,none
2026-03-22T14:27:09,-109.790,60.472,,0.000,none
2026-03-22T14:27:10,-109.790,60.752,,0.000,none
2026-03-22T14:27:11,-109.788,60.831,,0.000,none
2026-03-22T14:27:12,-109.788,60.835,,0.000,none
2026-03-22T14:27:13,-109.788,60.835,,0.000,none
2026-03-22T14:27:14,-109.749,61.147,,0.000,none
2026-03-22T14:27:15,-109.702,61.494,,0.000,none
2026-03-22T14:27:16,-109.656,61.841,,0.000,none
2026-03-22T14:27:17,-109.612,62.188,,0.000,none
2026-03-22T14:27:18,-109.570,62.536,,0.000,none
2026-03-22T14:27:19,-109.534,62.884,,0.000,none
2026-03-22T14:27:20,-109.506,63.233,,0.000,none
2026-03-22T14:27:21,-109.474,63.581,,0.000,none
2026-03-22T14:27:22,-109.437,63.929,,0.000,none
2026-03-22T14:27:23,-109.401,64.277,,0.000,none
2026-03-22T14:27:24,-109.367,64.626,,0.000,none
2026-03-22T14:27:25,-109.336,64.974,,0.000,none
2026-03-22T14:27:26,-109.306,65.323,,0.000,none
2026-03-22T14:27:27,-109.276,65.672,,0.000,none
2026-03-22T14:27:28,-109.246,66.020,,0.000,none
2026-03-22T14:27:29,-109.216,66.369,,0.000,none
2026-03-22T14:27:30,-109.187,66.718,,0.000,none
2026-03-22T14:27:31,-109.157,67.067,,0.000,none
2026-03-22T14:27:32,-109.125,67.415,,0.000,none
2026-03-22T14:27:33,-109.093,67.764,,0.000,none
2026-03-22T14:27:34,-109.059,68.112,,0.000,none
2026-03-22T14:27:35,-109.023,68.460,,0.000,none
2026-03-22T14:27:36,-108.987,68.808,,0.000,none
2026-03-22T14:27:37,-108.949,69.156,,0.000,none
2026-03-22T14:27:38,-108.911,69.504,,0.000,none
2026-03-22T14:27:39,-108.871,69.852,,0.000,none
2026-03-22T14:27:40,-108.830,70.200,,0.000,none
2026-03-22T14:27:41,-108.789,70.547,,0.000,none
2026-03-22T14:27:42,-108.748,70.895,,0.000,none
2026-03-22T14:27:43,-108.708,71.242,,0.000,none
2026-03-22T14:27:44,-108.668,71.590,,0.000,none
2026-03-22T14:27:45,-108.629,71.938,,0.000,none
2026-03-22T14:27:46,-108.591,72.286,,0.000,none
2026-03-22T14:27:47,-108.555,72.634,,0.000,none
2026-03-22T14:27:48,-108.519,72.982,,0.000,none
2026-03-22T14:27:49,-108.485,73.331,,0.000,none
2026-03-22T14:27:50,-108.453,73.679,,0.000,none
2026-03-22T14:27:51,-108.422,74.028,,0.000,none
2026-03-22T14:27:52,-108.391,74.376,,0.000,none
2026-03-22T14:27:53,-108.361,74.725,,0.000,none
2026-03-22T14:27:54,-108.332,75.074,,0.000,none
2026-03-22T14:27:55,-108.304,75.423,,0.000,none
2026-03-22T14:27:56,-108.276,75.772,,0.000,none
2026-03-22T14:27:57,-108.247,76.120,,0.000,none
2026-03-22T14:27:58,-108.219,76.469,,0.000,none
2026-03-22T14:27:59,-108.190,76.818,,0.000,none
2026-03-22T14:28:00,-108.161,77.167,,0.000,none
2026-03-22T14:28:01,-108.132,77.516,,0.000,none
2026-03-22T14:28:02,-108.102,77.864,,0.000,none
2026-03-22T14:28:03,-108.071,78.213,,0.000,none
2026-03-22T14:28:04,-108.040,78.562,,0.000,none
2026-03-22T14:28:05,-108.009,78.910,,0.000,none
2026-03-22T14:28:06,-107.977,79.259,,0.000,none
2026-03-22T14:28:07,-107.945,79.607,,0.000,none
2026-03-22T14:28:08,-107.912,79.956,,0.000,none
2026-03-22T14:28:09,-107.879,80.304,,0.000,none
2026-03-22T14:28:10,-107.846,80.653,,0.000,none
2026-03-22T14:28:11,-107.813,81.001,,0.000,none
2026-03-22T14:28:12,-107.781,81.350,,0.000,none
2026-03-22T14:28:13,-107.749,81.698,,0.000,none
2026-03-22T14:28:14,-107.718,82.047,,0.000,none
2026-03-22T14:28:15,-107.688,82.396,,0.000,none
2026-03-22T14:28:16,-107.659,82.744,,0.000,none
2026-03-22T14:28:17,-107.631,83.093,,0.000,none
2026-03-22T14:28:18,-107.603,83.442,,0.000,none
2026-03-22T14:28:19,-107.577,83.791,,0.000,none
2026-03-22T14:28:20,-107.552,84.140,,0.000,none
2026-03-22T14:28:21,-107.528,84.489,,0.000,none
2026-03-22T14:28:22,-107.504,84.839,,0.000,none
2026-03-22T14:28:23,-107.483,85.188,,0.000,none
2026-03-22T14:28:24,-107.462,85.537,,0.000,none
2026-03-22T14:28:25,-107.441,85.887,,0.000,none
2026-03-22T14:28:26,-107.420,86.236,,0.000,none
2026-03-22T14:28:27,-107.399,86.585,,0.000,none
2026-03-22T14:28:28,-107.377,86.935,,0.000,none
2026-03-22T14:28:29,-107.355,87.284,,0.000,none
2026-03-22T14:28:30,-107.332,87.633,,0.000,none
2026-03-22T14:28:31,-107.310,87.983,,0.000,none
2026-03-22T14:28:32,-107.286,88.332,,0.000,none
2026-03-22T14:28:33,-107.263,88.681,,0.000,none
2026-03-22T14:28:34,-107.239,89.030,,0.000,none
2026-03-22T14:28:35,-107.215,89.379,,0.000,none
2026-03-22T14:28:36,-107.189,89.728,,0.000,none
2026-03-22T14:28:37,-107.162,90.077,,0.000,none
2026-03-22T14:28:38,-107.134,90.426,,0.000,none
2026-03-22T14:28:39,-107.105,90.775,,0.000,none
2026-03-22T14:28:40,-107.076,91.124,,0.000,none
2026-03-22T14:28:41,-107.049,91.473,,0.000,none
2026-03-22T14:28:42,-107.024,91.822,,0.000,none
2026-03-22T14:28:43,-107.001,92.171,,0.000,none
2026-03-22T14:28:44,-106.980,92.520,,0.000,none
2026-03-22T14:28:45,-106.959,92.870,,0.000,none
2026-03-22T14:28:46,-106.940,93.219,,0.000,none
2026-03-22T14:28:47,-106.922,93.569,,0.000,none
2026-03-22T14:28:48,-106.908,93.919,,0.000,none
2026-03-22T14:28:49,-106.898,94.268,,0.000,none
2026-03-22T14:28:50,-106.895,94.618,,0.000,none
2026-03-22T14:28:51,-106.894,94.968,,0.000,none
2026-03-22T14:28:52,-106.897,95.318,,0.000,none
2026-03-22T14:28:53,-106.903,95.668,,0.000,none
2026-03-22T14:28:54,-106.914,96.018,,0.000,none
2026-03-22T14:28:55,-106.930,96.368,,0.000,none
2026-03-22T14:28:56,-106.952,96.717,,0.000,none
2026-03-22T14:28:57,-106.980,97.066,,0.000,none
2026-03-22T14:28:58,-107.020,97.414,,0.000,none
2026-03-22T14:28:59,-107.071,97.760,,0.000,none
2026-03-22T14:29:00,-107.133,98.104,,0.000,none
2026-03-22T14:29:01,-107.206,98.447,,0.000,none
2026-03-22T14:29:02,-107.291,98.786,,0.000,none
2026-03-22T14:29:03,-107.385,99.123,,0.000,none
2026-03-22T14:29:04,-107.491,99.457,,0.000,none
2026-03-22T14:29:05,-107.610,99.786,,0.000,none
2026-03-22T14:29:06,-107.743,100.110,,0.000,none
2026-03-22T14:29:07,-107.888,100.428,,0.000,none
2026-03-22T14:29:08,-108.044,100.742,,0.000,none
2026-03-22T14:29:09,-108.209,101.050,,0.000,none
2026-03-22T14:29:10,-108.385,101.353,,0.000,none
2026-03-22T14:29:11,-108.572,101.649,,0.000,none
2026-03-22T14:29:12,-108.777,101.932,,0.000,none
2026-03-22T14:29:13,-108.998,102.204,,0.000,none
2026-03-22T14:29:14,-109.229,102.466,,0.000,none
2026-03-22T14:29:15,-109.467,102.723,,0.000,none
2026-03-22T14:29:16,-109.710,102.975,,0.000,none
2026-03-22T14:29:17,-109.957,103.223,,0.000,none
2026-03-22T14:29:18,-110.208,103.466,,0.000,none
2026-03-22T14:29:19,-110.464,103.706,,0.000,none
2026-03-22T14:29:20,-110.722,103.942,,0.000,none
2026-03-22T14:29:21,-110.983,104.175,,0.000,none
2026-03-22T14:29:22,-111.245,104.407,,0.000,none
2026-03-22T14:29:23,-111.508,104.638,,0.000,none
2026-03-22T14:29:24,-111.773,104.867,,0.000,none
2026-03-22T14:29:25,-112.038,105.095,,0.000,none
2026-03-22T14:29:26,-112.305,105.322,,0.000,none
2026-03-22T14:29:27,-112.572,105.548,,0.000,none
2026-03-22T14:29:28,-112.840,105.774,,0.000,none
2026-03-22T14:29:29,-113.107,105.999,,0.000,none
2026-03-22T14:29:30,-113.376,106.224,,0.000,none
2026-03-22T14:29:31,-113.645,106.448,,0.000,none
2026-03-22T14:29:32,-113.914,106.671,,0.000,none
2026-03-22T14:29:33,-114.183,106.895,,0.000,none
2026-03-22T14:29:34,-114.453,107.118,,0.000,none
2026-03-22T14:29:35,-114.723,107.341,,0.000,none
2026-03-22T14:29:36,-114.992,107.564,,0.000,none
2026-03-22T14:29:37,-115.260,107.789,,0.000,none
2026-03-22T14:29:38,-115.529,108.014,,0.000,none
2026-03-22T14:29:39,-115.796,108.239,,0.000,none
2026-03-22T14:29:40,-116.064,108.465,,0.000,none
2026-03-22T14:29:41,-116.332,108.690,,0.000,none
2026-03-22T14:29:42,-116.600,108.915,,0.000,none
2026-03-22T14:29:43,-116.869,109.139,,0.000,none
2026-03-22T14:29:44,-117.139,109.362,,0.000,none
2026-03-22T14:29:45,-117.411,109.582,,0.000,none
2026-03-22T14:29:46,-117.685,109.800,,0.000,none
2026-03-22T14:29:47,-117.961,110.015,,0.000,none
2026-03-22T14:29:48,-118.222,110.213,,0.000,none
2026-03-22T14:29:49,-118.311,110.297,,0.000,none
2026-03-22T14:29:50,-118.449,110.464,,0.000,none
2026-03-22T14:29:51,-118.644,110.665,,0.000,none
2026-03-22T14:29:52,-118.858,110.845,,0.000,none
2026-03-22T14:29:53,-119.089,111.003,,0.000,none
2026-03-22T14:29:54,-119.334,111.138,,0.000,none
2026-03-22T14:29:55,-119.592,111.247,,0.000,none
2026-03-22T14:29:56,-119.859,111.330,,0.000,none
2026-03-22T14:29:57,-120.134,111.385,,0.000,none
2026-03-22T14:29:58,-120.358,111.414,,0.000,none
2026-03-22T14:29:59,-120.372,111.421,,0.000,none
2026-03-22T14:30:00,-120.416,111.450,,0.000,none
2026-03-22T14:30:01,-120.421,111.453,,0.000,none
2026-03-22T14:30:02,-120.479,111.549,,0.000,none
2026-03-22T14:30:03,-120.642,111.777,,0.000,none
2026-03-22T14:30:04,-120.826,111.987,,0.000,none
2026-03-22T14:30:05,-121.031,112.178,,0.000,none
2026-03-22T14:30:06,-121.254,112.347,,0.000,none
2026-03-22T14:30:07,-121.492,112.494,,0.000,none
2026-03-22T14:30:08,-121.744,112.616,,0.000,none
2026-03-22T14:30:09,-122.007,112.712,,0.000,none
2026-03-22T14:30:10,-122.278,112.781,,0.000,none
2026-03-22T14:30:11,-122.444,112.814,,0.000,none
2026-03-22T14:30:12,-122.463,112.825,,0.000,none
2026-03-22T14:30:13,-122.471,112.830,,0.000,none
2026-03-22T14:30:14,-122.527,112.910,,0.000,none
2026-03-22T14:30:15,-122.703,113.128,,0.000,none
2026-03-22T14:30:16,-122.899,113.327,,0.000,none
2026-03-22T14:30:17,-123.115,113.506,,0.000,none
2026-03-22T14:30:18,-123.347,113.662,,0.000,none
2026-03-22T14:30:19,-123.594,113.794,,0.000,none
2026-03-22T14:30:20,-123.853,113.901,,0.000,none
2026-03-22T14:30:21,-124.119,113.987,,0.000,none
2026-03-22T14:30:22,-124.175,114.009,,0.000,none
2026-03-22T14:30:23,-124.211,114.038,,0.000,none
2026-03-22T14:30:24,-124.235,114.065,,0.000,none
2026-03-22T14:30:25,-124.241,114.074,,0.000,none
2026-03-22T14:30:26,-124.242,114.078,,0.000,none
2026-03-22T14:30:27,-124.242,114.078,,0.000,none
2026-03-22T14:30:28,-124.414,114.281,,0.000,none
2026-03-22T14:30:29,-124.615,114.476,,0.000,none
2026-03-22T14:30:30,-124.834,114.650,,0.000,none
2026-03-22T14:30:31,-125.069,114.801,,0.000,none
2026-03-22T14:30:32,-125.319,114.928,,0.000,none
2026-03-22T14:30:33,-125.579,115.031,,0.000,none
2026-03-22T14:30:34,-125.595,115.039,,0.000,none
2026-03-22T14:30:35,-125.629,115.070,,0.000,none
2026-03-22T14:30:36,-125.654,115.101,,0.000,none
2026-03-22T14:30:37,-125.654,115.101,,0.000,none
2026-03-22T14:30:38,-125.715,115.186,,0.000,none
2026-03-22T14:30:39,-125.785,115.301,,0.000,none
2026-03-22T14:30:40,-125.863,115.486,,0.000,none
2026-03-22T14:30:41,-125.989,115.736,,0.000,none
2026-03-22T14:30:42,-126.139,115.972,,0.000,none
2026-03-22T14:30:43,-126.312,116.192,,0.000,none
2026-03-22T14:30:44,-126.507,116.393,,0.000,none
2026-03-22T14:30:45,-126.720,116.574,,0.000,none
2026-03-22T14:30:46,-126.951,116.733,,0.000,none
2026-03-22T14:30:47,-127.196,116.868,,0.000,none
2026-03-22T14:30:48,-127.453,116.978,,0.000,none
2026-03-22T14:30:49,-127.720,117.062,,0.000,none
2026-03-22T14:30:50,-127.802,117.085,,0.000,none
2026-03-22T14:30:51,-127.802,117.085,,0.000,none
2026-03-22T14:30:52,-128.014,117.267,,0.000,none
2026-03-22T14:30:53,-128.244,117.427,,0.000,none
2026-03-22T14:30:54,-128.488,117.564,,0.000,none
2026-03-22T14:30:55,-128.588,117.615,,0.000,none
2026-03-22T14:30:56,-128.606,117.636,,0.000,none
2026-03-22T14:30:57,-128.797,117.841,,0.000,none
2026-03-22T14:30:58,-129.007,118.026,,0.000,none
2026-03-22T14:30:59,-129.235,118.189,,0.000,none
2026-03-22T14:31:00,-129.477,118.329,,0.000,none
2026-03-22T14:31:01,-129.506,118.347,,0.000,none
2026-03-22T14:31:02,-129.535,118.383,,0.000,none
2026-03-22T14:31:03,-129.557,118.422,,0.000,none
2026-03-22T14:31:04,-129.557,118.422,,0.000,none
2026-03-22T14:31:05,-129.578,118.464,,0.000,none
2026-03-22T14:31:06,-129.621,118.579,,0.000,none
2026-03-22T14:31:07,-129.670,118.790,,0.000,none
2026-03-22T14:31:08,-129.756,119.056,,0.000,none
2026-03-22T14:31:09,-129.868,119.313,,0.000,none
2026-03-22T14:31:10,-130.004,119.557,,0.000,none
2026-03-22T14:31:11,-130.022,119.587,,0.000,none
2026-03-22T14:31:12,-130.022,119.587,,0.000,none
2026-03-22T14:31:13,-130.167,119.805,,0.000,none
2026-03-22T14:31:14,-130.321,120.014,,0.000,none
2026-03-22T14:31:15,-130.464,120.172,,0.000,none
2026-03-22T14:31:16,-130.534,120.273,,0.000,none
2026-03-22T14:31:17,-130.651,120.483,,0.000,none
2026-03-22T14:31:18,-130.776,120.672,,0.000,none
2026-03-22T14:31:19,-130.776,120.672,,0.000,none
2026-03-22T14:31:20,-130.796,120.701,,0.000,none
2026-03-22T14:31:21,-131.005,120.981,,0.000,none
2026-03-22T14:31:22,-131.223,121.256,,0.000,none
2026-03-22T14:31:23,-131.436,121.519,,0.000,none
2026-03-22T14:31:24,-131.534,121.626,,0.000,none
2026-03-22T14:31:25,-131.684,121.735,,0.000,none
2026-03-22T14:31:26,-131.925,121.876,,0.000,none
2026-03-22T14:31:27,-132.180,121.993,,0.000,none
2026-03-22T14:31:28,-132.445,122.083,,0.000,none
2026-03-22T14:31:29,-132.697,122.146,,0.000,none
2026-03-22T14:31:30,-132.911,122.232,,0.000,none
2026-03-22T14:31:31,-133.014,122.284,,0.000,none
2026-03-22T14:31:32,-133.014,122.284,,0.000,none
2026-03-22T14:31:33,-133.038,122.335,,0.000,none
2026-03-22T14:31:34,-133.173,122.580,,0.000,none
2026-03-22T14:31:35,-133.332,122.811,,0.000,none
2026-03-22T14:31:36,-133.510,123.027,,0.000,none
2026-03-22T14:31:37,-133.666,123.235,,0.000,none
2026-03-22T14:31:38,-133.792,123.428,,0.000,none
2026-03-22T14:31:39,-133.916,123.641,,0.000,none
2026-03-22T14:31:40,-133.916,123.642,,0.000,none
2026-03-22T14:31:41,-133.917,123.655,,0.000,none
2026-03-22T14:31:42,-133.917,123.655,,0.000,none
2026-03-22T14:31:43,-133.827,123.891,,0.000,none
2026-03-22T14:31:44,-133.753,124.161,,0.000,none
2026-03-22T14:31:45,-133.706,124.437,,0.000,none
2026-03-22T14:31:46,-133.687,124.716,,0.000,none
2026-03-22T14:31:47,-133.695,124.996,,0.000,none
2026-03-22T14:31:48,-133.705,125.134,,0.000,none
2026-03-22T14:31:49,-133.696,125.190,,0.000,none
2026-03-22T14:31:50,-133.696,125.193,,0.000,none
2026-03-22T14:31:51,-133.696,125.193,,0.000,none
2026-03-22T14:31:52,-133.622,125.517,,0.000,none
2026-03-22T14:31:53,-133.535,125.857,,0.000,none
2026-03-22T14:31:54,-133.453,126.138,,0.000,none
2026-03-22T14:31:55,-133.395,126.331,,0.000,none
2026-03-22T14:31:56,-133.370,126.463,,0.000,none
2026-03-22T14:31:57,-133.322,126.592,,0.000,none
2026-03-22T14:31:58,-133.225,126.855,,0.000,none
2026-03-22T14:31:59,-133.154,127.126,,0.000,none
2026-03-22T14:32:00,-133.111,127.402,,0.000,none
2026-03-22T14:32:01,-133.096,127.682,,0.000,none
2026-03-22T14:32:02,-133.109,127.961,,0.000,none
2026-03-22T14:32:03,-133.150,128.238,,0.000,none
2026-03-22T14:32:04,-133.218,128.510,,0.000,none
2026-03-22T14:32:05,-133.226,128.536,,0.000,none
2026-03-22T14:32:06,-133.226,128.536,,0.000,none
2026-03-22T14:32:07,-133.226,128.536,,0.000,none
2026-03-22T14:32:08,-133.226,128.536,,0.000,none
2026-03-22T14:32:09,-133.226,128.536,,0.000,none
2026-03-22T14:32:10,-133.226,128.536,,0.000,none
2026-03-22T14:32:11,-133.226,128.536,,0.000,none
2026-03-22T14:32:12,-133.226,128.536,,0.000,none
2026-03-22T14:32:13,-133.226,128.536,,0.000,none
2026-03-22T14:32:14,-133.226,128.536,,0.000,none
2026-03-22T14:32:15,-133.226,128.536,,0.000,none
2026-03-22T14:32:16,-133.226,128.536,,0.000,none
2026-03-22T14:32:17,-133.226,128.536,,0.000,none
2026-03-22T14:32:18,-133.226,128.536,,0.000,none
2026-03-22T14:32:19,-133.226,128.536,,0.000,none
2026-03-22T14:32:20,-133.226,128.536,,0.000,none
2026-03-22T14:32:21,-133.226,128.536,,0.000,none
2026-03-22T14:32:22,-133.226,128.536,,0.000,none
2026-03-22T14:32:23,-133.226,128.536,,0.000,none
2026-03-22T14:32:24,-133.226,128.536,,0.000,none
2026-03-22T14:32:25,-133.226,128.536,,0.000,none
2026-03-22T14:32:26,-133.226,128.536,,0.000,none
2026-03-22T14:32:27,-133.226,128.536,,0.000,none
2026-03-22T14:32:28,-133.226,128.536,,0.000,none
2026-03-22T14:32:29,-133.226,128.536,,0.000,none
2026-03-22T14:32:30,-133.226,128.536,,0.000,none
2026-03-22T14:32:31,-133.226,128.536,,0.000,none
2026-03-22T14:32:32,-133.226,128.536,,0.000,none
2026-03-22T14:32:33,-133.226,128.536,,0.000,none
2026-03-22T14:32:34,-133.226,128.536,,0.000,none
2026-03-22T14:32:35,-133.226,128.536,,0.000,none
2026-03-22T14:32:36,-133.226,128.536,,0.000,none
2026-03-22T14:32:37,-133.226,128.536,,0.000,none
2026-03-22T14:32:38,-133.226,128.536,,0.000,none
2026-03-22T14:32:39,-133.226,128.536,,0.000,none
2026-03-22T14:32:40,-133.226,128.536,,0.000,none
2026-03-22T14:32:41,-133.226,128.536,,0.000,none
2026-03-22T14:32:42,-133.226,128.536,,0.000,none
2026-03-22T14:32:43,-133.226,128.536,,0.000,none
2026-03-22T14:32:44,-133.226,128.536,,0.000,none
2026-03-22T14:32:45,-133.226,128.536,,0.000,none
2026-03-22T14:32:46,-133.226,128.536,,0.000,none
2026-03-22T14:32:47,-133.226,128.536,,0.000,none
2026-03-22T19:17:35,-38.481,1.035,,0.020,none
2026-03-22T19:17:36,-38.539,1.019,,0.000,none
2026-03-22T19:17:37,-38.593,1.009,,0.000,none
2026-03-22T19:17:38,-38.593,1.009,,0.000,none
2026-03-22T19:17:39,-38.628,1.005,,0.000,none
2026-03-22T19:17:40,-38.976,0.972,,0.000,none
2026-03-22T19:17:41,-39.326,0.956,,0.000,none
2026-03-22T19:17:42,-39.676,0.955,,0.000,none
2026-03-22T19:17:43,-40.026,0.971,,0.000,none
2026-03-22T19:17:44,-40.374,1.004,,0.000,none
2026-03-22T19:17:45,-40.719,1.064,,0.000,none
2026-03-22T19:17:46,-41.058,1.149,,0.000,none
2026-03-22T19:17:47,-41.390,1.259,,0.000,none
2026-03-22T19:17:48,-41.715,1.390,,0.000,none
2026-03-22T19:17:49,-42.030,1.542,,0.000,none
2026-03-22T19:17:50,-42.336,1.712,,0.000,none
2026-03-22T19:17:51,-42.631,1.900,,0.000,none
2026-03-22T19:17:52,-42.915,2.104,,0.000,none
2026-03-22T19:17:53,-43.188,2.323,,0.000,none
2026-03-22T19:17:54,-43.450,2.556,,0.000,none
2026-03-22T19:17:55,-43.699,2.802,,0.000,none
2026-03-22T19:17:56,-43.936,3.059,,0.000,none
2026-03-22T19:17:57,-44.162,3.326,,0.000,none
2026-03-22T19:17:58,-44.376,3.603,,0.000,none
2026-03-22T19:17:59,-44.578,3.889,,0.000,none
2026-03-22T19:18:00,-44.770,4.182,,0.000,none
2026-03-22T19:18:01,-44.950,4.482,,0.000,none
2026-03-22T19:18:02,-45.120,4.788,,0.000,none
2026-03-22T19:18:03,-45.283,5.097,,0.000,none
2026-03-22T19:18:04,-45.442,5.409,,0.000,none
2026-03-22T19:18:05,-45.596,5.723,,0.000,none
2026-03-22T19:18:06,-45.748,6.039,,0.000,none
2026-03-22T19:18:07,-45.895,6.356,,0.000,none
2026-03-22T19:18:08,-46.040,6.675,,0.000,none
2026-03-22T19:18:09,-46.180,6.996,,0.000,none
2026-03-22T19:18:10,-46.316,7.318,,0.000,none
2026-03-22T19:18:11,-46.449,7.642,,0.000,none
2026-03-22T19:18:12,-46.579,7.967,,0.000,none
2026-03-22T19:18:13,-46.701,8.295,,0.000,none
2026-03-22T19:18:14,-46.817,8.625,,0.000,none
2026-03-22T19:18:15,-46.927,8.958,,0.000,none
2026-03-22T19:18:16,-47.023,9.294,,0.000,none
2026-03-22T19:18:17,-47.115,9.632,,0.000,none
2026-03-22T19:18:18,-47.200,9.971,,0.000,none
2026-03-22T19:18:19,-47.278,10.312,,0.000,none
2026-03-22T19:18:20,-47.347,10.656,,0.000,none
2026-03-22T19:18:21,-47.413,10.999,,0.000,none
2026-03-22T19:18:22,-47.474,11.344,,0.000,none
2026-03-22T19:18:23,-47.527,11.690,,0.000,none
2026-03-22T19:18:24,-47.577,12.036,,0.000,none
2026-03-22T19:18:25,-47.621,12.383,,0.000,none
2026-03-22T19:18:26,-47.661,12.731,,0.000,none
2026-03-22T19:18:27,-47.696,13.079,,0.000,none
2026-03-22T19:18:28,-47.723,13.428,,0.000,none
2026-03-22T19:18:29,-47.743,13.778,,0.000,none
2026-03-22T19:18:30,-47.755,14.127,,0.000,none
2026-03-22T19:18:31,-47.760,14.477,,0.000,none
2026-03-22T19:18:32,-47.758,14.827,,0.000,none
2026-03-22T19:18:33,-47.748,15.177,,0.000,none
2026-03-22T19:18:34,-47.728,15.527,,0.000,none
2026-03-22T19:18:35,-47.699,15.875,,0.000,none
2026-03-22T19:18:36,-47.662,16.223,,0.000,none
2026-03-22T19:18:37,-47.615,16.570,,0.000,none
2026-03-22T19:18:38,-47.561,16.916,,0.000,none
2026-03-22T19:18:39,-47.500,17.261,,0.000,none
2026-03-22T19:18:40,-47.432,17.604,,0.000,none
2026-03-22T19:18:41,-47.357,17.946,,0.000,none
2026-03-22T19:18:42,-47.276,18.286,,0.000,none
2026-03-22T19:18:43,-47.185,18.624,,0.000,none
2026-03-22T19:18:44,-47.083,18.959,,0.000,none
2026-03-22T19:18:45,-46.973,19.291,,0.000,none
2026-03-22T19:18:46,-46.854,19.621,,0.150,none
2026-03-22T19:18:47,-46.730,19.948,,0.400,none
2026-03-22T19:18:48,-46.600,20.273,,0.653,none
2026-03-22T19:18:49,-46.460,20.594,,0.914,none
2026-03-22T19:18:50,-46.312,20.911,,1.100,none
2026-03-22T19:18:51,-46.156,21.224,,1.173,none
2026-03-22T19:18:52,-45.992,21.533,,1.447,none
2026-03-22T19:18:53,-45.824,21.840,,1.726,none
2026-03-22T19:18:54,-45.651,22.144,,2.007,none
2026-03-22T19:18:55,-45.475,22.447,,2.200,none
2026-03-22T19:18:56,-45.296,22.748,,2.200,none
2026-03-22T19:18:57,-45.112,23.046,,2.200,none
2026-03-22T19:18:58,-44.924,23.341,,2.200,none
2026-03-22T19:18:59,-44.732,23.633,,2.253,none
2026-03-22T19:19:00,-44.535,23.922,,2.540,none
2026-03-22T19:19:01,-44.333,24.209,,2.830,none
2026-03-22T19:19:02,-44.128,24.492,,3.123,none
2026-03-22T19:19:03,-43.918,24.772,,3.299,none
2026-03-22T19:19:04,-43.705,25.050,,3.299,none
2026-03-22T19:19:05,-43.487,25.324,,3.299,none
2026-03-22T19:19:06,-43.320,25.522,,3.299,none
2026-03-22T19:19:07,-43.227,25.601,,3.299,none
2026-03-22T19:19:08,-43.011,25.767,,3.299,none
2026-03-22T19:19:09,-42.807,25.958,,3.299,none
2026-03-22T19:19:10,-42.624,26.170,,3.299,none
2026-03-22T19:19:11,-42.462,26.398,,3.299,none
2026-03-22T19:19:12,-42.324,26.642,,3.299,none
2026-03-22T19:19:13,-42.211,26.898,,3.299,none
2026-03-22T19:19:14,-42.128,27.137,,3.304,none
2026-03-22T19:19:15,-42.107,27.170,,3.332,none
2026-03-22T19:19:16,-42.077,27.205,,3.370,none
2026-03-22T19:19:17,-42.077,27.205,,3.370,none
2026-03-22T19:19:18,-42.029,27.255,,3.430,none
2026-03-22T19:19:19,-41.874,27.402,,3.618,none
2026-03-22T19:19:20,-41.750,27.480,,3.757,none
2026-03-22T19:19:21,-41.516,27.632,,4.023,none
2026-03-22T19:19:22,-41.297,27.807,,4.280,none
2026-03-22T19:19:23,-41.097,28.003,,4.395,none
2026-03-22T19:19:24,-40.918,28.218,,4.395,none
2026-03-22T19:19:25,-40.761,28.450,,4.395,none
2026-03-22T19:19:26,-40.628,28.696,,4.395,none
2026-03-22T19:19:27,-40.520,28.954,,4.395,none
2026-03-22T19:19:28,-40.439,29.222,,4.395,none
2026-03-22T19:19:29,-40.385,29.497,,4.395,none
2026-03-22T19:19:30,-40.358,29.775,,4.395,none
2026-03-22T19:19:31,-40.360,30.055,,4.395,none
2026-03-22T19:19:32,-40.375,30.300,,4.395,none
2026-03-22T19:19:33,-40.353,30.540,,4.395,none
2026-03-22T19:19:34,-40.287,30.776,,4.395,none
2026-03-22T19:19:35,-40.213,31.015,,4.395,none
2026-03-22T19:19:36,-40.119,31.237,,4.395,none
2026-03-22T19:19:37,-40.004,31.465,,4.395,none
2026-03-22T19:19:38,-39.879,31.676,,4.395,none
2026-03-22T19:19:39,-39.749,31.867,,4.395,none
2026-03-22T19:19:40,-39.600,32.056,,4.395,none
2026-03-22T19:19:41,-39.435,32.251,,4.395,none
2026-03-22T19:19:42,-39.275,32.431,,4.395,none
2026-03-22T19:19:43,-39.111,32.607,,4.395,none
2026-03-22T19:19:44,-39.058,32.658,,4.395,none
2026-03-22T19:19:45,-39.058,32.658,,4.395,none
2026-03-22T19:19:46,-38.794,32.750,,4.395,none
2026-03-22T19:19:47,-38.540,32.867,,4.395,none
2026-03-22T19:19:48,-38.299,33.010,,4.395,none
2026-03-22T19:19:49,-38.073,33.176,,4.395,none
2026-03-22T19:19:50,-37.865,33.363,,4.395,none
2026-03-22T19:19:51,-37.691,33.529,,4.566,none
2026-03-22T19:19:52,-37.508,33.693,,4.767,none
2026-03-22T19:19:53,-37.308,33.889,,4.987,none
2026-03-22T19:19:54,-37.141,34.076,,5.174,none
2026-03-22T19:19:55,-36.975,34.250,,5.358,none
2026-03-22T19:19:56,-36.962,34.262,,5.373,none
2026-03-22T19:19:57,-36.962,34.262,,5.373,none
2026-03-22T19:19:58,-36.705,34.333,,5.490,none
2026-03-22T19:19:59,-36.444,34.433,,5.490,none
2026-03-22T19:20:00,-36.194,34.559,,5.490,none
2026-03-22T19:20:01,-35.958,34.709,,5.490,none
2026-03-22T19:20:02,-35.738,34.882,,5.490,none
2026-03-22T19:20:03,-35.536,35.076,,5.490,none
2026-03-22T19:20:04,-35.358,35.286,,5.490,none
2026-03-22T19:20:05,-35.203,35.477,,5.490,none
2026-03-22T19:20:06,-35.041,35.674,,5.490,none
2026-03-22T19:20:07,-34.885,35.858,,5.490,none
2026-03-22T19:20:08,-34.720,36.052,,5.490,none
2026-03-22T19:20:09,-34.564,36.230,,5.490,none
2026-03-22T19:20:10,-34.395,36.428,,5.490,none
2026-03-22T19:20:11,-34.236,36.615,,5.490,none
2026-03-22T19:20:12,-34.077,36.802,,5.490,none
2026-03-22T19:20:13,-33.897,37.010,,5.490,none
2026-03-22T19:20:14,-33.713,37.221,,5.490,none
2026-03-22T19:20:15,-33.547,37.422,,5.490,none
2026-03-22T19:20:16,-33.388,37.622,,5.490,none
2026-03-22T19:20:17,-33.228,37.821,,5.490,none
2026-03-22T19:20:18,-33.076,38.014,,5.490,none
2026-03-22T19:20:19,-32.923,38.207,,5.490,none
2026-03-22T19:20:20,-32.768,38.403,,5.490,none
2026-03-22T19:20:21,-32.613,38.594,,5.490,none
2026-03-22T19:20:22,-32.453,38.787,,5.490,none
2026-03-22T19:20:23,-32.286,38.987,,5.490,none
2026-03-22T19:20:24,-32.128,39.181,,5.490,none
2026-03-22T19:20:25,-31.964,39.383,,5.639,none
2026-03-22T19:20:26,-31.793,39.599,,5.803,none
2026-03-22T19:20:27,-31.624,39.822,,5.965,none
2026-03-22T19:20:28,-31.458,40.047,,6.123,none
2026-03-22T19:20:29,-31.324,40.227,,6.251,none
2026-03-22T19:20:30,-31.308,40.236,,6.267,none
2026-03-22T19:20:31,-31.301,40.237,,6.273,none
2026-03-22T19:20:32,-31.301,40.237,,6.273,none
2026-03-22T19:20:33,-31.301,40.237,,6.273,none
2026-03-22T19:20:34,-30.992,40.298,,6.580,none
2026-03-22T19:20:35,-30.649,40.366,,6.587,none
2026-03-22T19:20:36,-30.308,40.444,,6.587,none
2026-03-22T19:20:37,-30.176,40.465,,6.587,none
2026-03-22T19:20:38,-29.982,40.465,,6.587,none
2026-03-22T19:20:39,-29.703,40.483,,6.587,none
2026-03-22T19:20:40,-29.427,40.529,,6.587,none
2026-03-22T19:20:41,-29.157,40.602,,6.587,none
2026-03-22T19:20:42,-29.033,40.648,,6.587,none
2026-03-22T19:20:43,-28.993,40.677,,6.587,none
2026-03-22T19:20:44,-28.973,40.696,,6.587,none
2026-03-22T19:20:45,-28.973,40.696,,6.587,none
2026-03-22T19:20:46,-28.860,40.806,,6.587,none
2026-03-22T19:20:47,-28.616,41.056,,6.587,none
2026-03-22T19:20:48,-28.379,41.314,,6.587,none
2026-03-22T19:20:49,-28.151,41.579,,6.587,none
2026-03-22T19:20:50,-27.931,41.852,,6.587,none
2026-03-22T19:20:51,-27.721,42.132,,6.587,none
2026-03-22T19:20:52,-27.521,42.419,,6.587,none
2026-03-22T19:20:53,-27.332,42.713,,6.587,none
2026-03-22T19:20:54,-27.154,43.015,,6.587,none
2026-03-22T19:20:55,-26.987,43.323,,6.587,none
2026-03-22T19:20:56,-26.828,43.634,,6.587,none
2026-03-22T19:20:57,-26.677,43.950,,6.587,none
2026-03-22T19:20:58,-26.538,44.259,,6.587,none
2026-03-22T19:20:59,-26.501,44.375,,6.587,none
2026-03-22T19:21:00,-26.472,44.590,,6.587,none
2026-03-22T19:21:01,-26.460,44.870,,6.587,none
2026-03-22T19:21:02,-26.477,45.149,,6.587,none
2026-03-22T19:21:03,-26.522,45.425,,6.587,none
2026-03-22T19:21:04,-26.594,45.696,,6.587,none
2026-03-22T19:21:05,-26.674,45.921,,6.587,none
2026-03-22T19:21:06,-26.675,45.942,,6.587,none
2026-03-22T19:21:07,-26.670,45.992,,6.587,none
2026-03-22T19:21:08,-26.667,46.007,,6.587,none
2026-03-22T19:21:09,-26.667,46.007,,6.587,none
2026-03-22T19:21:10,-26.620,46.218,,6.587,none
2026-03-22T19:21:11,-26.579,46.334,,6.587,none
2026-03-22T19:21:12,-26.483,46.528,,6.587,none
2026-03-22T19:21:13,-26.379,46.788,,6.587,none
2026-03-22T19:21:14,-26.302,47.057,,6.587,none
2026-03-22T19:21:15,-26.251,47.332,,6.587,none
2026-03-22T19:21:16,-26.229,47.611,,6.587,none
2026-03-22T19:21:17,-26.231,47.867,,6.587,none
2026-03-22T19:21:18,-26.231,47.867,,6.587,none
2026-03-22T19:21:19,-26.231,47.867,,6.587,none
2026-03-22T19:21:20,-26.233,48.217,,6.587,none
2026-03-22T19:21:21,-26.230,48.567,,6.587,none
2026-03-22T19:21:22,-26.226,48.917,,6.587,none
2026-03-22T19:21:23,-26.222,49.267,,6.587,none
2026-03-22T19:21:24,-26.222,49.616,,6.587,none
2026-03-22T19:21:25,-26.228,49.966,,6.587,none
2026-03-22T19:21:26,-26.243,50.316,,6.587,none
2026-03-22T19:21:27,-26.271,50.665,,6.587,none
2026-03-22T19:21:28,-26.311,51.013,,6.587,none
2026-03-22T19:21:29,-26.366,51.358,,6.587,none
2026-03-22T19:21:30,-26.436,51.701,,6.587,none
2026-03-22T19:21:31,-26.519,52.041,,6.587,none
2026-03-22T19:21:32,-26.612,52.379,,6.587,none
2026-03-22T19:21:33,-26.716,52.713,,6.587,none
2026-03-22T19:21:34,-26.831,53.044,,6.587,none
2026-03-22T19:21:35,-26.956,53.370,,6.587,none
2026-03-22T19:21:36,-27.092,53.693,,6.587,none
2026-03-22T19:21:37,-27.238,54.011,,6.587,none
2026-03-22T19:21:38,-27.393,54.325,,6.587,none
2026-03-22T19:21:39,-27.555,54.635,,6.587,none
2026-03-22T19:21:40,-27.723,54.942,,6.587,none
2026-03-22T19:21:41,-27.895,55.247,,6.587,none
2026-03-22T19:21:42,-28.071,55.549,,6.587,none
2026-03-22T19:21:43,-28.251,55.849,,6.587,none
2026-03-22T19:21:44,-28.435,56.147,,6.587,none
2026-03-22T19:21:45,-28.621,56.443,,6.587,none
2026-03-22T19:21:46,-28.810,56.738,,6.587,none
2026-03-22T19:21:47,-29.001,57.032,,6.587,none
2026-03-22T19:21:48,-29.192,57.325,,6.587,none
2026-03-22T19:21:49,-29.383,57.618,,6.587,none
2026-03-22T19:21:50,-29.575,57.911,,6.587,none
2026-03-22T19:21:51,-29.767,58.204,,6.587,none
2026-03-22T19:21:52,-29.958,58.496,,6.587,none
2026-03-22T19:21:53,-30.150,58.789,,6.587,none
2026-03-22T19:21:54,-30.342,59.082,,6.587,none
2026-03-22T19:21:55,-30.534,59.375,,6.411,none
2026-03-22T19:21:56,-30.726,59.667,,6.210,none
2026-03-22T19:21:57,-30.918,59.960,,6.007,none
2026-03-22T19:21:58,-31.111,60.252,,5.805,none
2026-03-22T19:21:59,-31.303,60.544,,5.603,none
2026-03-22T19:22:00,-31.495,60.837,,5.490,none
2026-03-22T19:22:01,-31.687,61.130,,5.490,none
2026-03-22T19:22:02,-31.878,61.423,,5.490,none
2026-03-22T19:22:03,-32.070,61.716,,5.490,none
2026-03-22T19:22:04,-32.261,62.009,,5.490,none
2026-03-22T19:22:05,-32.454,62.301,,5.490,none
2026-03-22T19:22:06,-32.647,62.593,,5.490,none
2026-03-22T19:22:07,-32.842,62.884,,5.490,none
2026-03-22T19:22:08,-33.037,63.174,,5.490,none
2026-03-22T19:22:09,-33.234,63.464,,5.490,none
2026-03-22T19:22:10,-33.432,63.752,,5.490,none
2026-03-22T19:22:11,-33.631,64.040,,5.490,none
2026-03-22T19:22:12,-33.833,64.326,,5.490,none
2026-03-22T19:22:13,-34.035,64.611,,5.490,none
2026-03-22T19:22:14,-34.239,64.896,,5.490,none
2026-03-22T19:22:15,-34.445,65.179,,5.490,none
2026-03-22T19:22:16,-34.652,65.461,,5.490,none
2026-03-22T19:22:17,-34.861,65.742,,5.490,none
2026-03-22T19:22:18,-35.072,66.021,,5.490,none
2026-03-22T19:22:19,-35.284,66.300,,5.490,none
2026-03-22T19:22:20,-35.498,66.577,,5.490,none
2026-03-22T19:22:21,-35.714,66.852,,5.490,none
2026-03-22T19:22:22,-35.930,67.127,,5.490,none
2026-03-22T19:22:23,-36.149,67.401,,5.490,none
2026-03-22T19:22:24,-36.368,67.673,,5.490,none
2026-03-22T19:22:25,-36.589,67.945,,5.490,none
2026-03-22T19:22:26,-36.810,68.216,,5.490,none
2026-03-22T19:22:27,-37.032,68.487,,5.490,none
2026-03-22T19:22:28,-37.254,68.757,,5.490,none
2026-03-22T19:22:29,-37.477,69.027,,5.490,none
2026-03-22T19:22:30,-37.701,69.296,,5.490,none
2026-03-22T19:22:31,-37.924,69.566,,5.490,none
2026-03-22T19:22:32,-38.148,69.835,,5.490,none
2026-03-22T19:22:33,-38.372,70.103,,5.490,none
2026-03-22T19:22:34,-38.597,70.372,,5.490,none
2026-03-22T19:22:35,-38.821,70.641,,5.490,none
2026-03-22T19:22:36,-39.045,70.910,,5.490,none
2026-03-22T19:22:37,-39.268,71.179,,5.490,none
2026-03-22T19:22:38,-39.492,71.448,,5.490,none
2026-03-22T19:22:39,-39.716,71.717,,5.490,none
2026-03-22T19:22:40,-39.940,71.987,,5.490,none
2026-03-22T19:22:41,-40.163,72.256,,5.490,none
2026-03-22T19:22:42,-40.384,72.528,,5.490,none
2026-03-22T19:22:43,-40.599,72.804,,5.490,none
2026-03-22T19:22:44,-40.820,73.075,,5.490,none
2026-03-22T19:22:45,-41.040,73.347,,5.490,none
2026-03-22T19:22:46,-41.256,73.623,,5.476,none
2026-03-22T19:22:47,-41.473,73.897,,5.291,none
2026-03-22T19:22:48,-41.692,74.170,,5.103,none
2026-03-22T19:22:49,-41.914,74.441,,4.913,none
2026-03-22T19:22:50,-42.137,74.710,,4.721,none
2026-03-22T19:22:51,-42.363,74.978,,4.527,none
2026-03-22T19:22:52,-42.590,75.244,,4.395,none
2026-03-22T19:22:53,-42.818,75.509,,4.395,none
2026-03-22T19:22:54,-43.048,75.773,,4.395,none
2026-03-22T19:22:55,-43.279,76.036,,4.395,none
2026-03-22T19:22:56,-43.511,76.298,,4.395,none
2026-03-22T19:22:57,-43.744,76.560,,4.395,none
2026-03-22T19:22:58,-43.977,76.821,,4.395,none
2026-03-22T19:22:59,-44.211,77.081,,4.395,none
2026-03-22T19:23:00,-44.445,77.342,,4.395,none
2026-03-22T19:23:01,-44.678,77.602,,4.395,none
2026-03-22T19:23:02,-44.912,77.863,,4.395,none
2026-03-22T19:23:03,-45.147,78.123,,4.395,none
2026-03-22T19:23:04,-45.381,78.383,,4.395,none
2026-03-22T19:23:05,-45.616,78.642,,4.395,none
2026-03-22T19:23:06,-45.851,78.902,,4.395,none
2026-03-22T19:23:07,-46.085,79.162,,4.395,none
2026-03-22T19:23:08,-46.319,79.422,,4.395,none
2026-03-22T19:23:09,-46.553,79.682,,4.395,none
2026-03-22T19:23:10,-46.785,79.944,,4.395,none
2026-03-22T19:23:11,-47.016,80.207,,4.395,none
2026-03-22T19:23:12,-47.247,80.470,,4.395,none
2026-03-22T19:23:13,-47.476,80.735,,4.395,none
2026-03-22T19:23:14,-47.704,81.001,,4.395,none
2026-03-22T19:23:15,-47.930,81.268,,4.395,none
2026-03-22T19:23:16,-48.155,81.536,,4.395,none
2026-03-22T19:23:17,-48.378,81.806,,4.395,none
2026-03-22T19:23:18,-48.597,82.079,,4.395,none
2026-03-22T19:23:19,-48.808,82.358,,4.395,none
2026-03-22T19:23:20,-49.012,82.642,,4.395,none
2026-03-22T19:23:21,-49.216,82.927,,4.395,none
2026-03-22T19:23:22,-49.417,83.213,,4.395,none
2026-03-22T19:23:23,-49.613,83.503,,4.395,none
2026-03-22T19:23:24,-49.809,83.793,,4.395,none
2026-03-22T19:23:25,-50.004,84.083,,4.395,none
2026-03-22T19:23:26,-50.198,84.375,,4.395,none
2026-03-22T19:23:27,-50.388,84.669,,4.395,none
2026-03-22T19:23:28,-50.576,84.964,,4.395,none
2026-03-22T19:23:29,-50.763,85.260,,4.395,none
2026-03-22T19:23:30,-50.946,85.558,,4.395,none
2026-03-22T19:23:31,-51.126,85.858,,4.395,none
2026-03-22T19:23:32,-51.302,86.161,,4.395,none
2026-03-22T19:23:33,-51.473,86.467,,4.395,none
2026-03-22T19:23:34,-51.639,86.774,,4.395,none
2026-03-22T19:23:35,-51.800,87.085,,4.395,none
2026-03-22T19:23:36,-51.956,87.399,,4.395,none
2026-03-22T19:23:37,-52.106,87.715,,4.395,none
2026-03-22T19:23:38,-52.254,88.032,,4.395,none
2026-03-22T19:23:39,-52.399,88.350,,4.395,none
2026-03-22T19:23:40,-52.543,88.670,,4.395,none
2026-03-22T19:23:41,-52.682,88.991,,4.395,none
2026-03-22T19:23:42,-52.817,89.314,,4.395,none
2026-03-22T19:23:43,-52.948,89.638,,4.395,none
2026-03-22T19:23:44,-53.075,89.964,,4.395,none
2026-03-22T19:23:45,-53.200,90.291,,4.395,none
2026-03-22T19:23:46,-53.321,90.620,,4.395,none
2026-03-22T19:23:47,-53.437,90.950,,4.395,none
2026-03-22T19:23:48,-53.550,91.281,,4.395,none
2026-03-22T19:23:49,-53.659,91.614,,4.395,none
2026-03-22T19:23:50,-53.759,91.949,,4.395,none
2026-03-22T19:23:51,-53.850,92.287,,4.395,none
2026-03-22T19:23:52,-53.928,92.628,,4.395,none
2026-03-22T19:23:53,-53.994,92.972,,4.395,none
2026-03-22T19:23:54,-54.058,93.305,,4.395,none
2026-03-22T19:23:55,-54.094,93.422,,4.395,none
2026-03-22T19:23:56,-54.193,93.614,,4.395,none
2026-03-22T19:23:57,-54.271,93.754,,4.395,none
2026-03-22T19:23:58,-54.277,93.769,,4.395,none
2026-03-22T19:23:59,-54.277,93.769,,4.395,none
2026-03-22T19:24:00,-54.277,94.049,,4.395,none
2026-03-22T19:24:01,-54.304,94.328,,4.395,none
2026-03-22T19:24:02,-54.358,94.602,,4.395,none
2026-03-22T19:24:03,-54.440,94.870,,4.395,none
2026-03-22T19:24:04,-54.548,95.128,,4.395,none
2026-03-22T19:24:05,-54.682,95.374,,4.395,none
2026-03-22T19:24:06,-54.839,95.606,,4.395,none
2026-03-22T19:24:07,-55.019,95.820,,4.395,none
2026-03-22T19:24:08,-55.219,96.016,,4.395,none
2026-03-22T19:24:09,-55.438,96.190,,4.395,none
2026-03-22T19:24:10,-55.673,96.342,,4.395,none
2026-03-22T19:24:11,-55.922,96.470,,4.395,none
2026-03-22T19:24:12,-56.182,96.572,,4.395,none
2026-03-22T19:24:13,-56.405,96.646,,4.395,none
2026-03-22T19:24:14,-56.581,96.736,,4.395,none
2026-03-22T19:24:15,-56.763,96.853,,4.395,none
2026-03-22T19:24:16,-56.930,96.981,,4.395,none
2026-03-22T19:24:17,-57.037,97.133,,4.395,none
2026-03-22T19:24:18,-57.068,97.199,,4.395,none
2026-03-22T19:24:19,-57.068,97.199,,4.395,none
2026-03-22T19:24:20,-57.052,97.437,,4.395,none
2026-03-22T19:24:21,-57.049,97.595,,4.395,none
2026-03-22T19:24:22,-57.049,97.595,,4.395,none
2026-03-22T19:24:23,-56.964,97.740,,4.395,none
2026-03-22T19:24:24,-56.893,97.865,,4.395,none
2026-03-22T19:24:25,-56.878,97.884,,4.395,none
2026-03-22T19:24:26,-56.878,97.884,,4.395,none
2026-03-22T19:24:27,-56.642,98.034,,4.395,none
2026-03-22T19:24:28,-56.422,98.207,,4.395,none
2026-03-22T19:24:29,-56.220,98.401,,4.395,none
2026-03-22T19:24:30,-56.039,98.614,,4.395,none
2026-03-22T19:24:31,-55.946,98.741,,4.395,none
2026-03-22T19:24:32,-55.946,98.741,,4.395,none
2026-03-22T19:24:33,-55.866,98.856,,4.395,none
2026-03-22T19:24:34,-55.674,99.149,,4.395,none
2026-03-22T19:24:35,-55.494,99.449,,4.395,none
2026-03-22T19:24:36,-55.321,99.753,,4.395,none
2026-03-22T19:24:37,-55.155,100.062,,4.395,none
2026-03-22T19:24:38,-54.999,100.375,,4.395,none
2026-03-22T19:24:39,-54.856,100.694,,4.395,none
2026-03-22T19:24:40,-54.727,101.020,,4.395,none
2026-03-22T19:24:41,-54.614,101.351,,4.395,none
2026-03-22T19:24:42,-54.507,101.684,,4.395,none
2026-03-22T19:24:43,-54.397,102.016,,4.395,none
2026-03-22T19:24:44,-54.284,102.347,,4.395,none
2026-03-22T19:24:45,-54.168,102.678,,4.395,none
2026-03-22T19:24:46,-54.053,103.008,,4.395,none
2026-03-22T19:24:47,-53.936,103.338,,4.395,none
2026-03-22T19:24:48,-53.818,103.668,,4.395,none
2026-03-22T19:24:49,-53.698,103.996,,4.395,none
2026-03-22T19:24:50,-53.574,104.324,,4.395,none
2026-03-22T19:24:51,-53.448,104.650,,4.395,none
2026-03-22T19:24:52,-53.318,104.975,,4.395,none
2026-03-22T19:24:53,-53.187,105.300,,4.395,none
2026-03-22T19:24:54,-53.054,105.624,,4.395,none
2026-03-22T19:24:55,-52.919,105.946,,4.395,none
2026-03-22T19:24:56,-52.780,106.268,,4.395,none
2026-03-22T19:24:57,-52.640,106.588,,4.395,none
2026-03-22T19:24:58,-52.496,106.908,,4.395,none
2026-03-22T19:24:59,-52.350,107.226,,4.395,none
2026-03-22T19:25:00,-52.202,107.543,,4.395,none
2026-03-22T19:25:01,-52.052,107.859,,4.395,none
2026-03-22T19:25:02,-51.899,108.174,,4.395,none
2026-03-22T19:25:03,-51.746,108.489,,4.395,none
2026-03-22T19:25:04,-51.592,108.803,,4.395,none
2026-03-22T19:25:05,-51.436,109.116,,4.395,none
2026-03-22T19:25:06,-51.280,109.429,,4.395,none
2026-03-22T19:25:07,-51.122,109.742,,4.395,none
2026-03-22T19:25:08,-50.964,110.054,,4.395,none
2026-03-22T19:25:09,-50.805,110.366,,4.395,none
2026-03-22T19:25:10,-50.647,110.678,,4.395,none
2026-03-22T19:25:11,-50.489,110.990,,4.395,none
2026-03-22T19:25:12,-50.331,111.303,,4.395,none
2026-03-22T19:25:13,-50.175,111.616,,4.395,none
2026-03-22T19:25:14,-50.019,111.930,,4.395,none
2026-03-22T19:25:15,-49.865,112.244,,4.395,none
2026-03-22T19:25:16,-49.711,112.558,,4.395,none
2026-03-22T19:25:17,-49.559,112.873,,4.395,none
2026-03-22T19:25:18,-49.409,113.189,,4.395,none
2026-03-22T19:25:19,-49.259,113.506,,4.395,none
2026-03-22T19:25:20,-49.111,113.823,,4.395,none
2026-03-22T19:25:21,-48.964,114.141,,4.395,none
2026-03-22T19:25:22,-48.819,114.459,,4.395,none
2026-03-22T19:25:23,-48.675,114.778,,4.395,none
2026-03-22T19:25:24,-48.531,115.097,,4.395,none
2026-03-22T19:25:25,-48.388,115.417,,4.395,none
2026-03-22T19:25:26,-48.246,115.737,,4.395,none
2026-03-22T19:25:27,-48.105,116.057,,4.395,none
2026-03-22T19:25:28,-47.964,116.377,,4.395,none
2026-03-22T19:25:29,-47.823,116.698,,4.395,none
2026-03-22T19:25:30,-47.683,117.018,,4.395,none
2026-03-22T19:25:31,-47.542,117.338,,4.395,none
2026-03-22T19:25:32,-47.400,117.659,,4.395,none
2026-03-22T19:25:33,-47.259,117.979,,4.436,none
2026-03-22T19:25:34,-47.117,118.299,,4.613,none
2026-03-22T19:25:35,-46.975,118.618,,4.790,none
2026-03-22T19:25:36,-46.832,118.938,,4.967,none
2026-03-22T19:25:37,-46.689,119.258,,5.144,none
2026-03-22T19:25:38,-46.546,119.577,,5.322,none
2026-03-22T19:25:39,-46.402,119.896,,5.490,none
2026-03-22T19:25:40,-46.258,120.215,,5.490,none
2026-03-22T19:25:41,-46.114,120.534,,5.490,none
2026-03-22T19:25:42,-45.968,120.852,,5.490,none
2026-03-22T19:25:43,-45.823,121.171,,5.490,none
2026-03-22T19:25:44,-45.677,121.489,,5.490,none
2026-03-22T19:25:45,-45.530,121.807,,5.490,none
2026-03-22T19:25:46,-45.384,122.124,,5.490,none
2026-03-22T19:25:47,-45.237,122.442,,5.490,none
2026-03-22T19:25:48,-45.092,122.760,,5.490,none
2026-03-22T19:25:49,-44.946,123.079,,5.490,none
2026-03-22T19:25:50,-44.801,123.397,,5.490,none
2026-03-22T19:25:51,-44.656,123.716,,5.490,none
2026-03-22T19:25:52,-44.513,124.035,,5.490,none
2026-03-22T19:25:53,-44.369,124.354,,5.490,none
2026-03-22T19:25:54,-44.227,124.674,,5.490,none
2026-03-22T19:25:55,-44.085,124.994,,5.490,none
2026-03-22T19:25:56,-43.945,125.315,,5.490,none
2026-03-22T19:25:57,-43.805,125.636,,5.490,none
2026-03-22T19:25:58,-43.667,125.957,,5.490,none
2026-03-22T19:25:59,-43.530,126.279,,5.490,none
2026-03-22T19:26:00,-43.393,126.602,,5.490,none
2026-03-22T19:26:01,-43.257,126.924,,5.490,none
2026-03-22T19:26:02,-43.122,127.247,,5.490,none
2026-03-22T19:26:03,-42.988,127.570,,5.490,none
2026-03-22T19:26:04,-42.855,127.894,,5.490,none
2026-03-22T19:26:05,-42.723,128.218,,5.490,none
2026-03-22T19:26:06,-42.590,128.542,,5.490,none
2026-03-22T19:26:07,-42.458,128.866,,5.490,none
2026-03-22T19:26:08,-42.325,129.190,,5.490,none
2026-03-22T19:26:09,-42.192,129.514,,5.490,none
2026-03-22T19:26:10,-42.059,129.837,,5.490,none
2026-03-22T19:26:11,-41.926,130.161,,5.490,none
2026-03-22T19:26:12,-41.792,130.484,,5.490,none
2026-03-22T19:26:13,-41.658,130.807,,5.490,none
2026-03-22T19:26:14,-41.523,131.130,,5.490,none
2026-03-22T19:26:15,-41.389,131.454,,5.490,none
2026-03-22T19:26:16,-41.254,131.777,,5.490,none
2026-03-22T19:26:17,-41.118,132.099,,5.490,none
2026-03-22T19:26:18,-40.981,132.422,,5.490,none
2026-03-22T19:26:19,-40.844,132.744,,5.490,none
2026-03-22T19:26:20,-40.705,133.065,,5.490,none
2026-03-22T19:26:21,-40.565,133.386,,5.490,none
2026-03-22T19:26:22,-40.426,133.707,,5.490,none
2026-03-22T19:26:23,-40.287,134.028,,5.490,none
2026-03-22T19:26:24,-40.151,134.350,,5.490,none
2026-03-22T19:26:25,-40.016,134.673,,5.490,none
2026-03-22T19:26:26,-39.882,134.997,,5.490,none
2026-03-22T19:26:27,-39.748,135.320,,5.490,none
2026-03-22T19:26:28,-39.617,135.644,,5.490,none
2026-03-22T19:26:29,-39.490,135.971,,5.490,none
2026-03-22T19:26:30,-39.368,136.299,,5.490,none
2026-03-22T19:26:31,-39.250,136.628,,5.490,none
2026-03-22T19:26:32,-39.136,136.959,,5.490,none
2026-03-22T19:26:33,-39.025,137.291,,5.490,none
2026-03-22T19:26:34,-38.920,137.625,,5.490,none
2026-03-22T19:26:35,-38.821,137.961,,5.490,none
2026-03-22T19:26:36,-38.730,138.299,,5.490,none
2026-03-22T19:26:37,-38.649,138.639,,5.490,none
2026-03-22T19:26:38,-38.580,138.982,,5.490,none
2026-03-22T19:26:39,-38.522,139.327,,5.490,none
2026-03-22T19:26:40,-38.475,139.674,,5.490,none
2026-03-22T19:26:41,-38.439,140.022,,5.490,none
2026-03-22T19:26:42,-38.415,140.371,,5.490,none
2026-03-22T19:26:43,-38.401,140.721,,5.490,none
2026-03-22T19:26:44,-38.399,141.071,,5.490,none
2026-03-22T19:26:45,-38.410,141.421,,5.490,none
2026-03-22T19:26:46,-38.435,141.770,,5.490,none
2026-03-22T19:26:47,-38.475,142.118,,5.490,none
2026-03-22T19:26:48,-38.528,142.464,,5.490,none
2026-03-22T19:26:49,-38.592,142.808,,5.490,none
2026-03-22T19:26:50,-38.668,143.149,,5.490,none
2026-03-22T19:26:51,-38.755,143.488,,5.490,none
2026-03-22T19:26:52,-38.853,143.824,,5.490,none
2026-03-22T19:26:53,-38.962,144.157,,5.490,none
2026-03-22T19:26:54,-39.088,144.483,,5.490,none
2026-03-22T19:26:55,-39.236,144.800,,5.490,none
2026-03-22T19:26:56,-39.402,145.109,,5.490,none
2026-03-22T19:26:57,-39.582,145.409,,5.490,none
2026-03-22T19:26:58,-39.772,145.703,,5.490,none
2026-03-22T19:26:59,-39.968,145.993,,5.490,none
2026-03-22T19:27:00,-40.170,146.279,,5.490,none
2026-03-22T19:27:01,-40.376,146.561,,5.490,none
2026-03-22T19:27:02,-40.588,146.840,,5.490,none
2026-03-22T19:27:03,-40.804,147.115,,5.490,none
2026-03-22T19:27:04,-41.025,147.387,,5.490,none
2026-03-22T19:27:05,-41.249,147.655,,5.490,none
2026-03-22T19:27:06,-41.478,147.920,,5.490,none
2026-03-22T19:27:07,-41.709,148.184,,5.490,none
2026-03-22T19:27:08,-41.940,148.446,,5.490,none
2026-03-22T19:27:09,-42.173,148.708,,5.490,none
2026-03-22T19:27:10,-42.406,148.968,,5.490,none
2026-03-22T19:27:11,-42.641,149.228,,5.490,none
2026-03-22T19:27:12,-42.878,149.486,,5.490,none
2026-03-22T19:27:13,-43.116,149.742,,5.490,none
2026-03-22T19:27:14,-43.354,149.998,,5.490,none
2026-03-22T19:27:15,-43.593,150.254,,5.490,none
2026-03-22T19:27:16,-43.832,150.510,,5.490,none
2026-03-22T19:27:17,-44.072,150.765,,5.490,none
2026-03-22T19:27:18,-44.312,151.020,,5.490,none
2026-03-22T19:27:19,-44.553,151.274,,5.490,none
2026-03-22T19:27:20,-44.794,151.527,,5.490,none
2026-03-22T19:27:21,-45.035,151.781,,5.490,none
2026-03-22T19:27:22,-45.277,152.034,,5.490,none
2026-03-22T19:27:23,-45.518,152.287,,5.490,none
2026-03-22T19:27:24,-45.761,152.540,,5.490,none
2026-03-22T19:27:25,-46.002,152.793,,5.490,none
2026-03-22T19:27:26,-46.243,153.047,,5.490,none
2026-03-22T19:27:27,-46.483,153.302,,5.490,none
2026-03-22T19:27:28,-46.723,153.557,,5.490,none
2026-03-22T19:27:29,-46.962,153.812,,5.490,none
2026-03-22T19:27:30,-47.201,154.068,,5.490,none
2026-03-22T19:27:31,-47.440,154.323,,5.490,none
2026-03-22T19:27:32,-47.680,154.579,,5.490,none
2026-03-22T19:27:33,-47.920,154.834,,5.490,none
2026-03-22T19:27:34,-48.160,155.088,,5.490,none
2026-03-22T19:27:35,-48.402,155.341,,5.490,none
2026-03-22T19:27:36,-48.646,155.592,,5.490,none
2026-03-22T19:27:37,-48.892,155.841,,5.490,none
2026-03-22T19:27:38,-49.140,156.088,,5.490,none
2026-03-22T19:27:39,-49.391,156.332,,5.490,none
2026-03-22T19:27:40,-49.645,156.573,,5.490,none
2026-03-22T19:27:41,-49.825,156.743,,5.490,none
2026-03-22T19:27:42,-49.899,156.840,,5.490,none
2026-03-22T19:27:43,-50.062,157.068,,5.490,none
2026-03-22T19:27:44,-50.246,157.278,,5.490,none
2026-03-22T19:27:45,-50.451,157.469,,5.490,none
2026-03-22T19:27:46,-50.673,157.639,,5.447,none
2026-03-22T19:27:47,-50.912,157.786,,5.227,none
2026-03-22T19:27:48,-51.163,157.908,,4.990,none
2026-03-22T19:27:49,-51.426,158.004,,4.740,none
2026-03-22T19:27:50,-51.697,158.074,,4.478,none
2026-03-22T19:27:51,-51.974,158.116,,4.395,none
2026-03-22T19:27:52,-52.114,158.130,,4.395,none
2026-03-22T19:27:53,-52.131,158.139,,4.395,none
2026-03-22T19:27:54,-52.171,158.168,,4.395,none
2026-03-22T19:27:55,-52.211,158.207,,4.395,none
2026-03-22T19:27:56,-52.211,158.207,,4.395,none
2026-03-22T19:27:57,-52.211,158.207,,4.395,none
2026-03-22T19:27:58,-52.361,158.375,,4.395,none
2026-03-22T19:27:59,-52.428,158.487,,4.395,none
2026-03-22T19:28:00,-52.570,158.728,,4.395,none
2026-03-22T19:28:01,-52.735,158.954,,4.395,none
2026-03-22T19:28:02,-52.922,159.163,,4.395,none
2026-03-22T19:28:03,-53.128,159.352,,4.395,none
2026-03-22T19:28:04,-53.352,159.519,,4.395,none
2026-03-22T19:28:05,-53.592,159.663,,4.395,none
2026-03-22T19:28:06,-53.846,159.782,,4.395,none
2026-03-22T19:28:07,-54.109,159.876,,4.395,none
2026-03-22T19:28:08,-54.381,159.943,,4.395,none
2026-03-22T19:28:09,-54.479,159.963,,4.395,none
2026-03-22T19:28:10,-54.498,159.976,,4.395,none
2026-03-22T19:28:11,-54.535,160.011,,4.395,none
2026-03-22T19:28:12,-54.566,160.051,,4.395,none
2026-03-22T19:28:13,-54.566,160.051,,4.395,none
2026-03-22T19:28:14,-54.587,160.079,,4.395,none
2026-03-22T19:28:15,-54.756,160.318,,4.395,none
2026-03-22T19:28:16,-54.812,160.427,,4.395,none
2026-03-22T19:28:17,-54.907,160.657,,4.395,none
2026-03-22T19:28:18,-55.037,160.904,,4.395,none
2026-03-22T19:28:19,-55.192,161.138,,4.395,none
2026-03-22T19:28:20,-55.369,161.354,,4.395,none
2026-03-22T19:28:21,-55.567,161.552,,4.395,none
2026-03-22T19:28:22,-55.784,161.730,,4.395,none
2026-03-22T19:28:23,-56.017,161.884,,4.395,none
2026-03-22T19:28:24,-56.264,162.015,,4.395,none
2026-03-22T19:28:25,-56.524,162.120,,4.395,none
2026-03-22T19:28:26,-56.792,162.200,,4.395,none
2026-03-22T19:28:27,-56.833,162.212,,4.395,none
2026-03-22T19:28:28,-56.838,162.215,,4.395,none
2026-03-22T19:28:29,-56.838,162.215,,4.395,none
2026-03-22T19:28:30,-56.963,162.417,,4.395,none
2026-03-22T19:28:31,-57.133,162.640,,4.395,none
2026-03-22T19:28:32,-57.323,162.845,,4.395,none
2026-03-22T19:28:33,-57.533,163.030,,4.395,none
2026-03-22T19:28:34,-57.646,163.119,,4.395,none
2026-03-22T19:28:35,-57.646,163.119,,4.395,none
2026-03-22T19:28:36,-57.784,163.346,,4.395,none
2026-03-22T19:28:37,-57.952,163.570,,4.395,none
2026-03-22T19:28:38,-58.142,163.776,,4.395,none
2026-03-22T19:28:39,-58.351,163.962,,4.395,none
2026-03-22T19:28:40,-58.578,164.126,,4.395,none
2026-03-22T19:28:41,-58.816,164.273,,4.395,none
2026-03-22T19:28:42,-58.820,164.277,,4.395,none
2026-03-22T19:28:43,-58.845,164.315,,4.395,none
2026-03-22T19:28:44,-58.867,164.365,,4.395,none
2026-03-22T19:28:45,-58.874,164.385,,4.395,none
2026-03-22T19:28:46,-58.874,164.385,,4.395,none
2026-03-22T19:28:47,-58.919,164.532,,4.395,none
2026-03-22T19:28:48,-58.939,164.652,,4.395,none
2026-03-22T19:28:49,-58.959,164.900,,4.395,none
2026-03-22T19:28:50,-59.007,165.176,,4.395,none
2026-03-22T19:28:51,-59.083,165.445,,4.395,none
2026-03-22T19:28:52,-59.185,165.706,,4.395,none
2026-03-22T19:28:53,-59.312,165.955,,4.395,none
2026-03-22T19:28:54,-59.464,166.190,,4.395,none
2026-03-22T19:28:55,-59.639,166.409,,4.395,none
2026-03-22T19:28:56,-59.834,166.609,,4.395,none
2026-03-22T19:28:57,-60.049,166.789,,4.395,none
2026-03-22T19:28:58,-60.280,166.946,,4.395,none
2026-03-22T19:28:59,-60.526,167.080,,4.395,none
2026-03-22T19:29:00,-60.602,167.119,,4.395,none
2026-03-22T19:29:01,-60.610,167.131,,4.395,none
2026-03-22T19:29:02,-60.787,167.347,,4.395,none
2026-03-22T19:29:03,-60.985,167.545,,4.395,none
2026-03-22T19:29:04,-61.202,167.722,,4.395,none
2026-03-22T19:29:05,-61.421,167.897,,4.395,none
2026-03-22T19:29:06,-61.422,167.898,,4.395,none
2026-03-22T19:29:07,-61.423,167.900,,4.395,none
2026-03-22T19:29:08,-61.423,167.900,,4.395,none
2026-03-22T19:29:09,-61.461,168.177,,4.395,none
2026-03-22T19:29:10,-61.526,168.450,,4.395,none
2026-03-22T19:29:11,-61.618,168.714,,4.395,none
2026-03-22T19:29:12,-61.736,168.968,,4.395,none
2026-03-22T19:29:13,-61.878,169.209,,4.395,none
2026-03-22T19:29:14,-62.044,169.434,,4.395,none
2026-03-22T19:29:15,-62.232,169.642,,4.395,none
2026-03-22T19:29:16,-62.439,169.829,,4.395,none
2026-03-22T19:29:17,-62.653,170.011,,4.395,none
2026-03-22T19:29:18,-62.759,170.104,,4.395,none
2026-03-22T19:29:19,-62.768,170.124,,4.395,none
2026-03-22T19:29:20,-62.782,170.173,,4.395,none
2026-03-22T19:29:21,-62.786,170.194,,4.395,none
2026-03-22T19:29:22,-62.775,170.249,,4.395,none
2026-03-22T19:29:23,-62.738,170.526,,4.395,none
2026-03-22T19:29:24,-62.730,170.806,,4.395,none
2026-03-22T19:29:25,-62.749,171.085,,4.395,none
2026-03-22T19:29:26,-62.796,171.361,,4.395,none
2026-03-22T19:29:27,-62.870,171.631,,4.395,none
2026-03-22T19:29:28,-62.971,171.892,,4.395,none
2026-03-22T19:29:29,-63.097,172.142,,4.395,none
2026-03-22T19:29:30,-63.248,172.378,,4.395,none
2026-03-22T19:29:31,-63.421,172.597,,4.395,none
2026-03-22T19:29:32,-63.612,172.802,,4.395,none
2026-03-22T19:29:33,-63.822,172.987,,4.395,none
2026-03-22T19:29:34,-64.036,173.145,,4.395,none
2026-03-22T19:29:35,-64.040,173.150,,4.395,none
2026-03-22T19:29:36,-64.040,173.150,,4.395,none
2026-03-22T19:29:37,-64.127,173.401,,4.395,none
2026-03-22T19:29:38,-64.244,173.656,,4.395,none
2026-03-22T19:29:39,-64.385,173.897,,4.395,none
2026-03-22T19:29:40,-64.550,174.123,,4.395,none
2026-03-22T19:29:41,-64.737,174.331,,4.395,none
2026-03-22T19:29:42,-64.944,174.520,,4.395,none
2026-03-22T19:29:43,-65.168,174.687,,4.395,none
2026-03-22T19:29:44,-65.404,174.829,,4.395,none
2026-03-22T19:29:45,-65.535,174.922,,4.395,none
2026-03-22T19:29:46,-65.535,174.922,,4.395,none
2026-03-22T19:29:47,-65.613,175.071,,4.395,none
2026-03-22T19:29:48,-65.762,175.308,,4.395,none
2026-03-22T19:29:49,-65.817,175.389,,4.395,none
2026-03-22T19:29:50,-65.825,175.430,,4.395,none
2026-03-22T19:29:51,-65.895,175.701,,4.395,none
2026-03-22T19:29:52,-65.992,175.964,,4.395,none
2026-03-22T19:29:53,-66.114,176.216,,4.395,none
2026-03-22T19:29:54,-66.192,176.365,,4.395,none
2026-03-22T19:29:55,-66.192,176.365,,4.395,none
2026-03-22T19:29:56,-66.201,176.575,,4.395,none
2026-03-22T19:29:57,-66.238,176.852,,4.395,none
2026-03-22T19:29:58,-66.268,177.006,,4.395,none
2026-03-22T19:29:59,-66.268,177.006,,4.395,none
2026-03-22T19:30:00,-66.215,177.224,,4.395,none
2026-03-22T19:30:01,-66.174,177.500,,4.395,none
2026-03-22T19:30:02,-66.162,177.780,,4.395,none
2026-03-22T19:30:03,-66.176,178.060,,4.395,none
2026-03-22T19:30:04,-66.177,178.125,,4.395,none
2026-03-22T19:30:05,-66.171,178.155,,4.395,none
2026-03-22T19:30:06,-66.166,178.167,,4.395,none
2026-03-22T19:30:07,-66.136,178.197,,4.395,none
2026-03-22T19:30:08,-65.949,178.405,,4.395,none
2026-03-22T19:30:09,-65.783,178.630,,4.395,none
2026-03-22T19:30:10,-65.640,178.871,,4.395,none
2026-03-22T19:30:11,-65.520,179.124,,4.395,none
2026-03-22T19:30:12,-65.427,179.388,,4.395,none
2026-03-22T19:30:13,-65.360,179.660,,4.395,none
2026-03-22T19:30:14,-65.321,179.937,,4.395,none
2026-03-22T19:30:15,-65.310,180.216,,4.395,none
2026-03-22T19:30:16,-65.327,180.496,,4.395,none
2026-03-22T19:30:17,-65.372,180.772,,4.395,none
2026-03-22T19:30:18,-65.444,181.043,,4.395,none
2026-03-22T19:30:19,-65.542,181.305,,4.395,none
2026-03-22T19:30:20,-65.666,181.555,,4.395,none
2026-03-22T19:30:21,-65.815,181.793,,4.395,none
2026-03-22T19:30:22,-65.987,182.014,,4.395,none
2026-03-22T19:30:23,-66.179,182.217,,4.395,none
2026-03-22T19:30:24,-66.392,182.399,,4.395,none
2026-03-22T19:30:25,-66.621,182.560,,4.395,none
2026-03-22T19:30:26,-66.865,182.696,,4.395,none
2026-03-22T19:30:27,-67.122,182.808,,4.395,none
2026-03-22T19:30:28,-67.388,182.894,,4.395,none
2026-03-22T19:30:29,-67.662,182.953,,4.395,none
2026-03-22T19:30:30,-67.940,182.983,,4.395,none
2026-03-22T19:30:31,-68.220,182.986,,4.395,none
2026-03-22T19:30:32,-68.499,182.961,,4.395,none
2026-03-22T19:30:33,-68.774,182.909,,4.395,none
2026-03-22T19:30:34,-69.042,182.829,,4.395,none
2026-03-22T19:30:35,-69.301,182.723,,4.395,none
2026-03-22T19:30:36,-69.510,182.640,,4.395,none
2026-03-22T19:30:37,-69.748,182.579,,4.395,none
2026-03-22T19:30:38,-70.023,182.524,,4.395,none
2026-03-22T19:30:39,-70.243,182.476,,4.395,none
2026-03-22T19:30:40,-70.498,182.484,,4.395,none
2026-03-22T19:30:41,-70.778,182.469,,4.395,none
2026-03-22T19:30:42,-71.018,182.468,,4.395,none
2026-03-22T19:30:43,-71.074,182.468,,4.395,none
2026-03-22T19:30:44,-71.074,182.468,,4.395,none
2026-03-22T19:30:45,-71.074,182.468,,4.395,none
2026-03-22T19:30:46,-71.074,182.468,,4.395,none
2026-03-22T19:30:47,-71.074,182.468,,4.395,none
2026-03-22T19:30:48,-71.074,182.468,,4.395,none
2026-03-22T19:30:49,-71.074,182.468,,4.395,none
2026-03-22T19:30:50,-71.074,182.468,,4.395,none
2026-03-22T19:30:51,-71.074,182.468,,4.395,none
2026-03-22T19:30:52,-71.074,182.468,,4.395,none
2026-03-22T19:30:53,-71.074,182.468,,4.395,none
2026-03-22T19:30:54,-71.074,182.468,,4.395,none
2026-03-22T19:30:55,-71.074,182.468,,4.395,none
2026-03-22T19:30:56,-71.074,182.468,,4.395,none
2026-03-22T19:30:57,-71.074,182.468,,4.395,none
2026-03-22T19:30:58,-71.074,182.468,,4.395,none
2026-03-22T19:30:59,-71.074,182.468,,4.395,none
